"accuracy_cone_width","aim_bloom_penalty","ammo_capacity","ammo_item","ammo_per_depot_replenish","ammo_pool","ammo_type","archetype","auto_reload","beam_params_fade_time","beam_params_flash_time","beam_params_opacity","beam_params_properties_hue","beam_params_properties_lightness","beam_params_properties_saturation","beam_params_properties_textures","beam_params_properties_thickness","beam_params_source_end","beam_params_source_opacity","beam_params_target_begin","beam_params_target_opacity","bloom_cone_width","bloom_decay_rate","bloom_growth_rate","bloom_per_burst","bloom_per_firing","bullet","burst_cooldown","burst_count","camera_offset_bonus","category","cold_reload_finished_sound_guid_Data1","cold_reload_finished_sound_guid_Data2","cold_reload_finished_sound_guid_Data3","cold_reload_finished_sound_guid_Data4","cold_reload_finished_sound_is_set","cold_reload_finished_sound_override","cooldown","cooldown_deviation_max","cycling_sound_duration","cycling_sound_guid_Data1","cycling_sound_guid_Data2","cycling_sound_guid_Data3","cycling_sound_guid_Data4","cycling_sound_is_set","cycling_sound_override","damage_over_time_damage_armor_multiplier","damage_over_time_damage_health_multiplier","damage_over_time_damage_per_second","damage_over_time_duration","damage_over_time_pierce","delay_distance","description","drop_sound_guid_Data1","drop_sound_guid_Data2","drop_sound_guid_Data3","drop_sound_guid_Data4","drop_sound_is_set","drop_sound_override","empty_sound_duration","empty_sound_guid_Data1","empty_sound_guid_Data2","empty_sound_guid_Data3","empty_sound_guid_Data4","empty_sound_is_set","empty_sound_override","engagement_distance","explodes_at_end","explosion_delay","explosion_deviation","explosion_falloff","explosion_falloff_begin_distance","explosion_falloff_clamp","explosion_far_ring_damage","explosion_far_ring_damage_deviation","explosion_far_ring_damage_over_time_damage_armor_multiplier","explosion_far_ring_damage_over_time_damage_health_multiplier","explosion_far_ring_damage_over_time_damage_per_second","explosion_far_ring_damage_over_time_duration","explosion_far_ring_damage_over_time_pierce","explosion_far_ring_daze_acceleration_modifier","explosion_far_ring_daze_duration","explosion_far_ring_daze_speed_modifier","explosion_far_ring_daze_turning_modifier","explosion_far_ring_pierce","explosion_far_ring_push","explosion_far_ring_radius","explosion_hull_damage_multiplier","explosion_impulse","explosion_mid_ring_damage","explosion_mid_ring_damage_deviation","explosion_mid_ring_damage_over_time_damage_armor_multiplier","explosion_mid_ring_damage_over_time_damage_health_multiplier","explosion_mid_ring_damage_over_time_damage_per_second","explosion_mid_ring_damage_over_time_duration","explosion_mid_ring_damage_over_time_pierce","explosion_mid_ring_daze_acceleration_modifier","explosion_mid_ring_daze_duration","explosion_mid_ring_daze_speed_modifier","explosion_mid_ring_daze_turning_modifier","explosion_mid_ring_pierce","explosion_mid_ring_push","explosion_mid_ring_radius","explosion_near_ring_damage","explosion_near_ring_damage_deviation","explosion_near_ring_damage_over_time_damage_armor_multiplier","explosion_near_ring_damage_over_time_damage_health_multiplier","explosion_near_ring_damage_over_time_damage_per_second","explosion_near_ring_damage_over_time_duration","explosion_near_ring_damage_over_time_pierce","explosion_near_ring_daze_acceleration_modifier","explosion_near_ring_daze_duration","explosion_near_ring_daze_speed_modifier","explosion_near_ring_daze_turning_modifier","explosion_near_ring_pierce","explosion_near_ring_push","explosion_near_ring_radius","explosion_prop_damage_multiplier","explosion_pyro","explosion_shield_damage_multiplier","explosion_sound_guid_Data1","explosion_sound_guid_Data2","explosion_sound_guid_Data3","explosion_sound_guid_Data4","explosion_sound_is_set","explosion_sound_override","failed_reload_sound_guid_Data1","failed_reload_sound_guid_Data2","failed_reload_sound_guid_Data3","failed_reload_sound_guid_Data4","failed_reload_sound_is_set","failed_reload_sound_override","filename","fire_mode","fire_suppression","firing_aggro_radius","firing_event_guid_Data1","firing_event_guid_Data2","firing_event_guid_Data3","firing_event_guid_Data4","firing_event_is_set","firing_event_override","firing_morale_damage","flags","hot_loads","impact_aggro_radius","impact_impulse","impact_morale_damage","instability","inventory_texture","laser_damage","laser_damage_armor_multiplier","laser_damage_health_multiplier","laser_damage_prop_multiplier","laser_daze_acceleration_modifier","laser_daze_duration","laser_daze_speed_modifier","laser_daze_turning_modifier","looping_firing_sound_guid_Data1","looping_firing_sound_guid_Data2","looping_firing_sound_guid_Data3","looping_firing_sound_guid_Data4","looping_firing_sound_is_set","looping_firing_sound_override","looping_firing_stop_sound_guid_Data1","looping_firing_stop_sound_guid_Data2","looping_firing_stop_sound_guid_Data3","looping_firing_stop_sound_guid_Data4","looping_firing_stop_sound_is_set","looping_firing_stop_sound_override","low_arc","max_accuracy_cone_width","min_accuracy_cone_width","min_elevation","morale_damage","mounts","muzzle_velocity","name","no_soft_aimlock","penetration","per_click_cooldown","pickup_radius","pickup_reload_percentage","pickup_sound_guid_Data1","pickup_sound_guid_Data2","pickup_sound_guid_Data3","pickup_sound_guid_Data4","pickup_sound_is_set","pickup_sound_override","pierce","price","range","recoil_impulse","refuse_mag_multiply","reload_ammo_in_sound_guid_Data1","reload_ammo_in_sound_guid_Data2","reload_ammo_in_sound_guid_Data3","reload_ammo_in_sound_guid_Data4","reload_ammo_in_sound_is_set","reload_ammo_in_sound_override","reload_animation","reload_arm_in_time","reload_arm_out_time","reload_begin_sound_guid_Data1","reload_begin_sound_guid_Data2","reload_begin_sound_guid_Data3","reload_begin_sound_guid_Data4","reload_begin_sound_is_set","reload_begin_sound_override","reload_cancel_ready_delay","reload_class","reload_finished_sound_guid_Data1","reload_finished_sound_guid_Data2","reload_finished_sound_guid_Data3","reload_finished_sound_guid_Data4","reload_finished_sound_is_set","reload_finished_sound_override","reload_mid_sound_guid_Data1","reload_mid_sound_guid_Data2","reload_mid_sound_guid_Data3","reload_mid_sound_guid_Data4","reload_mid_sound_is_set","reload_mid_sound_override","reload_time","reloadable_on_foot","secret","shoot_animation","shot_count","size","spool_decay","spool_decay_delay","spool_time","spooling_event_guid_Data1","spooling_event_guid_Data2","spooling_event_guid_Data3","spooling_event_guid_Data4","spooling_event_is_set","spooling_event_override","spooling_event_stop_guid_Data1","spooling_event_stop_guid_Data2","spooling_event_stop_guid_Data3","spooling_event_stop_guid_Data4","spooling_event_stop_is_set","spooling_event_stop_override","sprite","suppressed","swap_time","terror_damage","ui_texture","ui_texture_blends","use_looping_sound","vehicle_ammo_pool","weapon_effects"
"1.000000","1","1","assets/data/pickups/ammo/pkp_ammo_100mm_chaff.json","4","5","AMMOTYPE_ARTILLERY","ARTILLERY_WEAPON","False",,,,,,,,,,,,,"12","0.350000","0","0","1","assets/data/pickups/weapons/bullets/b_100mm_chaff.json","0","1","10","WEAPON","0","0","0","[0,0,0,0,0,0,0,0]","False","False","0.500000","0.500000","0.500000","0","0","0","[0,0,0,0,0,0,0,0]","False","False",,,,,,"1","gun_100mm_pinch.description","1423095803","5973","16695","[135,213,49,223,248,185,213,25]","True","False","0.500000","-1656875244","62096","17218","[153,214,110,21,210,130,100,230]","True","False","14",,,,,,,,,,,,,,,,,,,,,,,,,,,,,,,,,,,,,,,,,,,,,,,,,,,,,,,,,,,,"-1656875244","62096","17218","[153,214,110,21,210,130,100,230]","True","False","gun_100mm_pinch.json","SEMI-AUTO","0.300000","0","-1067659804","7985","17700","[185,15,33,108,152,166,44,251]","True","False","0","3","False",,,,"0.500000","assets/ui/inventory/render/inv_gun_pinch.png",,,,,,,,,"0","0","0","[0,0,0,0,0,0,0,0]","False","False","0","0","0","[0,0,0,0,0,0,0,0]","False","False","True","90","0.500000","-49.999992","0","","-1","gun_100mm_pinch.name","False",,"0.200000","1","0.120000","1377918081","37263","18696","[158,218,66,68,206,176,115,164]","True","False",,"0","50","50","False","0","0","0","[0,0,0,0,0,0,0,0]","False","False","","0.100000","0.900000","0","0","0","[0,0,0,0,0,0,0,0]","False","False","1","MAGAZINE","0","0","0","[0,0,0,0,0,0,0,0]","False","False","0","0","0","[0,0,0,0,0,0,0,0]","False","False","4.500000","True","False","","1","27","0","0","0","0","0","0","[0,0,0,0,0,0,0,0]","False","False","0","0","0","[0,0,0,0,0,0,0,0]","False","False","assets/pickups/weapons/gun_pinch.json","False","0.800000","0","assets/ui/inventory/render/inv_gun_pinch.png","[""MULTIPLY"",""SCREEN""]","False","30","assets/data/fx/wfx_100mm_chaff_pinch.json"
"0.500000","0","1","assets/data/pickups/ammo/pkp_ammo_105mm_heat.json","4","250","AMMOTYPE_BULLET","ARTILLERY_WEAPON","True",,,,,,,,,,,,,"0","0","0","0","0","assets/data/pickups/weapons/bullets/b_105mm_heat.json","0","1","6","WEAPON","0","0","0","[0,0,0,0,0,0,0,0]","False","False","0.250000","0","0.500000","-173013543","7983","19091","[144,221,14,139,174,210,252,126]","True","False",,,,,,"1","gun_105mm_abbot.description","1423095803","5973","16695","[135,213,49,223,248,185,213,25]","True","False","0.500000","-1656875244","62096","17218","[153,214,110,21,210,130,100,230]","True","False","50",,,,,,,,,,,,,,,,,,,,,,,,,,,,,,,,,,,,,,,,,,,,,,,,,,,,,,,,,,,,"-1656875244","62096","17218","[153,214,110,21,210,130,100,230]","True","False","gun_105mm_abbot.json","BURST/AUTO","0.350000","0","-7653911","54247","18322","[174,20,67,100,47,65,233,28]","True","False","0","3","False",,,,"0","assets/ui/hud/HUD_main_can_01.png",,,,,,,,,"0","0","0","[0,0,0,0,0,0,0,0]","False","False","0","0","0","[0,0,0,0,0,0,0,0]","False","False","True","60","0.500000","-45","0","","100","gun_105mm_abbot.name","False",,"1","1","0.120000","1377918081","37263","18696","[158,218,66,68,206,176,115,164]","True","False",,"0","100","100000","False","0","0","0","[0,0,0,0,0,0,0,0]","False","False","","0.100000","0.900000","0","0","0","[0,0,0,0,0,0,0,0]","False","False","1","MAGAZINE","0","0","0","[0,0,0,0,0,0,0,0]","False","False","0","0","0","[0,0,0,0,0,0,0,0]","False","False","3.250000","True","False","","1","255","0","0","0","0","0","0","[0,0,0,0,0,0,0,0]","False","False","0","0","0","[0,0,0,0,0,0,0,0]","False","False","assets/pickups/weapons/temp_main.json","False","1","0","assets/ui/hud/HUD_main_can_01.png","[""MULTIPLY"",""SCREEN""]","False","500","assets/data/fx/wfx_main_cannon_abbot_01.json"
"1.200000","1","1","assets/data/pickups/ammo/pkp_ammo_120mm_he.json","4","75","AMMOTYPE_BULLET","ARTILLERY_WEAPON","False",,,,,,,,,,,,,"24.999996","0.700000","0","0","1","assets/data/pickups/weapons/bullets/b_120mm_he.json","0","1","14","WEAPON","0","0","0","[0,0,0,0,0,0,0,0]","False","False","1","0","0.500000","60116200","32446","20256","[144,122,216,71,105,168,139,54]","True","False",,,,,,"1","gun_120mm_metronome.description","1423095803","5973","16695","[135,213,49,223,248,185,213,25]","True","False","0.500000","-1656875244","62096","17218","[153,214,110,21,210,130,100,230]","True","False","25",,,,,,,,,,,,,,,,,,,,,,,,,,,,,,,,,,,,,,,,,,,,,,,,,,,,,,,,,,,,"-1656875244","62096","17218","[153,214,110,21,210,130,100,230]","True","False","gun_120mm_metronome.json","BURST/AUTO","0","16","-362820199","36238","16807","[135,42,109,55,132,147,90,204]","True","False","0","3","False",,,,"8","assets/ui/hud/HUD_aux_arty_01.png",,,,,,,,,"0","0","0","[0,0,0,0,0,0,0,0]","False","False","0","0","0","[0,0,0,0,0,0,0,0]","False","False","False","45","0.600000","-45","0","","-1","gun_120mm_metronome.name","False",,"1","1","0.120000","1377918081","37263","18696","[158,218,66,68,206,176,115,164]","True","False",,"0","100","60","False","0","0","0","[0,0,0,0,0,0,0,0]","False","False","","0.100000","0.900000","0","0","0","[0,0,0,0,0,0,0,0]","False","False","1","MAGAZINE","0","0","0","[0,0,0,0,0,0,0,0]","False","False","0","0","0","[0,0,0,0,0,0,0,0]","False","False","6","True","False","","1","90","0","0","0","0","0","0","[0,0,0,0,0,0,0,0]","False","False","0","0","0","[0,0,0,0,0,0,0,0]","False","False","assets/pickups/weapons/temp_aux.json","False","0.500000","0","assets/ui/hud/HUD_aux_arty_01.png","[""MULTIPLY"",""SCREEN""]","False","500","assets/data/fx/wfx_arty_aux_01.json"
"1.500000","1","1","","4","1","AMMOTYPE_BULLET","ARTILLERY_WEAPON","True",,,,,,,,,,,,,"8.000000","0.850000","0","1","0","assets/data/pickups/weapons/bullets/b_12ga_pellet.json","0","1","0","WEAPON","0","0","0","[0,0,0,0,0,0,0,0]","False","False","0.450000","0","0.320000","0","0","0","[0,0,0,0,0,0,0,0]","False","False",,,,,,"1","gun_12ga_buttonhole.description","1423095803","5973","16695","[135,213,49,223,248,185,213,25]","True","False","0.500000","-1656875244","62096","17218","[153,214,110,21,210,130,100,230]","True","False","-1",,,,,,,,,,,,,,,,,,,,,,,,,,,,,,,,,,,,,,,,,,,,,,,,,,,,,,,,,,,,"-1656875244","62096","17218","[153,214,110,21,210,130,100,230]","True","False","gun_12ga_buttonhole.json","SEMI-AUTO","0.250000","2","920916177","24398","18718","[184,31,221,203,209,248,145,141]","True","False","0","3","False",,,,"0","assets/ui/inventory/render/inv_gun_buttonhole.png",,,,,,,,,"0","0","0","[0,0,0,0,0,0,0,0]","False","False","0","0","0","[0,0,0,0,0,0,0,0]","False","False","True","45","1.500000","-49.999962","0","","-1","gun_12ga_buttonhole.name","False",,"0.150000","1","0.120000","1377918081","37263","18696","[158,218,66,68,206,176,115,164]","True","False",,"0","40","0","True","122696736","50309","18588","[138,38,145,168,46,242,73,48]","True","False","","0.250000","0.350000","0","0","0","[0,0,0,0,0,0,0,0]","False","False","1","MAGAZINE","0","0","0","[0,0,0,0,0,0,0,0]","False","False","0","0","0","[0,0,0,0,0,0,0,0]","False","False","0.650000","True","False","idle","1","3","0","0","0","0","0","0","[0,0,0,0,0,0,0,0]","False","False","0","0","0","[0,0,0,0,0,0,0,0]","False","False","assets/pickups/weapons/gun_buttonhole.json","False","0.330000","0","assets/ui/inventory/render/inv_gun_buttonhole.png","[""MULTIPLY"",""SCREEN""]","False","1","assets/data/fx/wfx_12ga_buttonhole.json"
"0.850000","0.200000","20","assets/data/pickups/ammo/pkp_ammo_12ga_pellet.json","4","40","AMMOTYPE_BULLET","ARTILLERY_WEAPON","False",,,,,,,,,,,,,"13.999998","1.800000","0","0","0.400000","assets/data/pickups/weapons/bullets/b_12ga_pellet.json","0","1","0","WEAPON","0","0","0","[0,0,0,0,0,0,0,0]","False","False","0.200000","0.025000","0.500000","0","0","0","[0,0,0,0,0,0,0,0]","False","False",,,,,,"1","gun_12ga_drummer.description","1423095803","5973","16695","[135,213,49,223,248,185,213,25]","True","False","0.500000","-1656875244","62096","17218","[153,214,110,21,210,130,100,230]","True","False","8",,,,,,,,,,,,,,,,,,,,,,,,,,,,,,,,,,,,,,,,,,,,,,,,,,,,,,,,,,,,"-1656875244","62096","17218","[153,214,110,21,210,130,100,230]","True","False","gun_12ga_drummer.json","BURST/AUTO","0.500000","17","-33658841","45101","16673","[161,28,140,132,191,216,73,239]","True","False","0","3","False",,,,"1","assets/ui/inventory/render/inv_gun_drummer.png",,,,,,,,,"0","0","0","[0,0,0,0,0,0,0,0]","False","False","0","0","0","[0,0,0,0,0,0,0,0]","False","False","True","45","0.850000","-49.999958","0","","-1","gun_12ga_drummer.name","False",,"1","1","0.120000","1377918081","37263","18696","[158,218,66,68,206,176,115,164]","True","False",,"0","40","0","False","-1476017363","24947","18520","[147,130,218,83,141,73,110,197]","True","False","","0.100000","0.900000","-1476017363","24947","18520","[147,130,218,83,141,73,110,197]","True","False","1","MAGAZINE","-181921828","37716","17988","[136,209,219,9,89,251,171,109]","True","False","173657436","42737","18311","[173,125,203,83,211,158,126,116]","True","False","4.500000","True","False","","1","17","0","0","0","0","0","0","[0,0,0,0,0,0,0,0]","False","False","0","0","0","[0,0,0,0,0,0,0,0]","False","False","assets/pickups/weapons/gun_drummer.json","False","0.660000","0","assets/ui/inventory/render/inv_gun_drummer.png","[""MULTIPLY"",""SCREEN""]","False","0","assets/data/fx/wfx_12ga_tet.json"
"0.900000","0.200000","2","assets/data/pickups/ammo/pkp_ammo_12ga_pellet.json","4","2","AMMOTYPE_BULLET","ARTILLERY_WEAPON","False",,,,,,,,,,,,,"6.999999","1","0","0.550000","0","assets/data/pickups/weapons/bullets/b_12ga_pellet_short.json","0","1","0","WEAPON","0","0","0","[0,0,0,0,0,0,0,0]","False","False","0.300000","0","0.320000","0","0","0","[0,0,0,0,0,0,0,0]","False","False",,,,,,"1","gun_12ga_oremor.description","1423095803","5973","16695","[135,213,49,223,248,185,213,25]","True","False","0.500000","-1656875244","62096","17218","[153,214,110,21,210,130,100,230]","True","False","3",,,,,,,,,,,,,,,,,,,,,,,,,,,,,,,,,,,,,,,,,,,,,,,,,,,,,,,,,,,,"-1656875244","62096","17218","[153,214,110,21,210,130,100,230]","True","False","gun_12ga_oremor.json","SEMI-AUTO","0.300000","10","1018364199","63103","17903","[172,117,70,235,172,184,16,239]","True","False","0","1","False",,,,"0","assets/ui/inventory/render/inv_gun_oremor.png",,,,,,,,,"0","0","0","[0,0,0,0,0,0,0,0]","False","False","0","0","0","[0,0,0,0,0,0,0,0]","False","False","True","45","0.900000","0","0","","-1","gun_12ga_oremor.name","False",,"0.050000","1","0.120000","1377918081","37263","18696","[158,218,66,68,206,176,115,164]","True","False",,"0","40","7","True","473155621","28116","19643","[171,169,8,117,4,101,25,116]","True","False","","0.150000","0.900000","0","0","0","[0,0,0,0,0,0,0,0]","False","False","0.650000","SINGLE_ROUND","0","0","0","[0,0,0,0,0,0,0,0]","False","False","1532201229","11715","16607","[153,104,235,18,241,224,240,115]","True","False","1.150000","True","False","","1","5","0","0","0","0","0","0","[0,0,0,0,0,0,0,0]","False","False","0","0","0","[0,0,0,0,0,0,0,0]","False","False","assets/pickups/weapons/gun_oremor.json","False","0.150000","0","assets/ui/inventory/render/inv_gun_oremor.png","[""MULTIPLY"",""SCREEN""]","False","0","assets/data/fx/wfx_12ga_oremor.json"
"0.900000","0.200000","2","assets/data/pickups/ammo/pkp_ammo_12ga_pellet.json","4","2","AMMOTYPE_BULLET","ARTILLERY_WEAPON","False",,,,,,,,,,,,,"6.999999","1.800000","0","0.750000","0","assets/data/pickups/weapons/bullets/b_12ga_pellet_narrow.json","0","1","0","WEAPON","-955080987","242","17727","[165,117,131,79,103,53,17,241]","True","False","0.250000","0","0.320000","0","0","0","[0,0,0,0,0,0,0,0]","False","False",,,,,,"1","gun_12ga_southy.description","1423095803","5973","16695","[135,213,49,223,248,185,213,25]","True","False","0.500000","-1656875244","62096","17218","[153,214,110,21,210,130,100,230]","True","False","8",,,,,,,,,,,,,,,,,,,,,,,,,,,,,,,,,,,,,,,,,,,,,,,,,,,,,,,,,,,,"-1656875244","62096","17218","[153,214,110,21,210,130,100,230]","True","False","gun_12ga_southy.json","SEMI-AUTO","0.300000","10","-1788379085","10775","18652","[175,65,69,151,239,222,67,197]","True","False","0","1","False",,,,"0","assets/ui/inventory/render/inv_gun_southy.png",,,,,,,,,"0","0","0","[0,0,0,0,0,0,0,0]","False","False","0","0","0","[0,0,0,0,0,0,0,0]","False","False","True","45","0.200000","0","0","","60","gun_12ga_southy.name","False",,"0.020000","1","0.120000","1377918081","37263","18696","[158,218,66,68,206,176,115,164]","True","False",,"0","40","11","True","473155621","28116","19643","[171,169,8,117,4,101,25,116]","True","False","","0.150000","0.900000","0","0","0","[0,0,0,0,0,0,0,0]","False","False","0.650000","SINGLE_ROUND","0","0","0","[0,0,0,0,0,0,0,0]","False","False","1532201229","11715","16607","[153,104,235,18,241,224,240,115]","True","False","1.350000","True","False","","1","11","0","0","0","0","0","0","[0,0,0,0,0,0,0,0]","False","False","0","0","0","[0,0,0,0,0,0,0,0]","False","False","assets/pickups/weapons/gun_southy.json","False","0.150000","0","assets/ui/inventory/render/inv_gun_southy.png","[""MULTIPLY"",""SCREEN""]","False","0","assets/data/fx/wfx_12ga_southy.json"
"0.800000","0.500000","3","assets/data/pickups/ammo/pkp_ammo_12ga_pellet.json","4","15","AMMOTYPE_BULLET","ARTILLERY_WEAPON","False",,,,,,,,,,,,,"10.999999","0.600000","0","0","0.650000","assets/data/pickups/weapons/bullets/b_12ga_slug.json","0","1","0","WEAPON","-955080987","242","17727","[165,117,131,79,103,53,17,241]","True","False","1.800000","0.600000","0.320000","1052014697","36301","17366","[140,176,76,221,31,87,54,79]","True","False",,,,,,"1","gun_12ga_stretch.description","1423095803","5973","16695","[135,213,49,223,248,185,213,25]","True","False","0.500000","-1656875244","62096","17218","[153,214,110,21,210,130,100,230]","True","False","12",,,,,,,,,,,,,,,,,,,,,,,,,,,,,,,,,,,,,,,,,,,,,,,,,,,,,,,,,,,,"-1656875244","62096","17218","[153,214,110,21,210,130,100,230]","True","False","gun_12ga_stretch.json","SEMI-AUTO","0.400000","14","-1788379085","10775","18652","[175,65,69,151,239,222,67,197]","True","False","0","3","True",,,,"0.500000","assets/ui/inventory/render/inv_gun_stretch.png",,,,,,,,,"0","0","0","[0,0,0,0,0,0,0,0]","False","False","0","0","0","[0,0,0,0,0,0,0,0]","False","False","True","45","0.800000","-49.999992","0","","80","gun_12ga_stretch.name","False",,"1.400000","1","0.120000","1377918081","37263","18696","[158,218,66,68,206,176,115,164]","True","False",,"0","40","0","True","473155621","28116","19643","[171,169,8,117,4,101,25,116]","True","False","","0.150000","0.550000","0","0","0","[0,0,0,0,0,0,0,0]","False","False","0.250000","MAGAZINE","0","0","0","[0,0,0,0,0,0,0,0]","False","False","0","0","0","[0,0,0,0,0,0,0,0]","False","False","4","True","False","","1","10","0","0","0","0","0","0","[0,0,0,0,0,0,0,0]","False","False","0","0","0","[0,0,0,0,0,0,0,0]","False","False","assets/pickups/weapons/gun_stretch.json","False","0.330000","0","assets/ui/inventory/render/inv_gun_stretch.png","[""MULTIPLY"",""SCREEN""]","False","0","assets/data/fx/wfx_12ga_tet.json"
"0.850000","0","6","assets/data/pickups/ammo/pkp_ammo_12ga_pellet.json","4","15","AMMOTYPE_BULLET","ARTILLERY_WEAPON","False",,,,,,,,,,,,,"4.239998","0.825000","0","0","0.650000","assets/data/pickups/weapons/bullets/b_12ga_pellet.json","0","1","0","WEAPON","-955080987","242","17727","[165,117,131,79,103,53,17,241]","True","False","0.600000","0.600000","0.320000","-955080987","242","17727","[165,117,131,79,103,53,17,241]","True","False",,,,,,"1","gun_12ga_tet.description","1423095803","5973","16695","[135,213,49,223,248,185,213,25]","True","False","0.500000","-1656875244","62096","17218","[153,214,110,21,210,130,100,230]","True","False","9.500000",,,,,,,,,,,,,,,,,,,,,,,,,,,,,,,,,,,,,,,,,,,,,,,,,,,,,,,,,,,,"-1656875244","62096","17218","[153,214,110,21,210,130,100,230]","True","False","gun_12ga_tet.json","SEMI-AUTO","0.600000","11","-1788379085","10775","18652","[175,65,69,151,239,222,67,197]","True","False","0","3","False",,,,"-1","assets/ui/inventory/render/inv_gun_tet.png",,,,,,,,,"0","0","0","[0,0,0,0,0,0,0,0]","False","False","0","0","0","[0,0,0,0,0,0,0,0]","False","False","True","45","0.850000","-49.999992","0","","60","gun_12ga_tet.name","False",,"0.400000","1","0.120000","1377918081","37263","18696","[158,218,66,68,206,176,115,164]","True","False",,"0","40","0","True","473155621","28116","19643","[171,169,8,117,4,101,25,116]","True","False","","0.150000","0.550000","0","0","0","[0,0,0,0,0,0,0,0]","False","False","0.250000","SINGLE_ROUND","0","0","0","[0,0,0,0,0,0,0,0]","False","False","0","0","0","[0,0,0,0,0,0,0,0]","False","False","0.800000","True","False","","1","11","0","0","0","0","0","0","[0,0,0,0,0,0,0,0]","False","False","0","0","0","[0,0,0,0,0,0,0,0]","False","False","assets/pickups/weapons/gun_tet.json","False","0.330000","0","assets/ui/inventory/render/inv_gun_tet.png","[""MULTIPLY"",""SCREEN""]","False","0","assets/data/fx/wfx_12ga_tet.json"
"0","0.500000","8","assets/data/pickups/ammo/pkp_ammo_12mm_rail.json","1","20","AMMOTYPE_LASER","LASER_WEAPON","True","0.200000","0.050000","0.300000","324.999847","4","4","[""assets/fx/beams/laser_galinha_multiply.png"",""assets/fx/beams/laser_galinha_screen.png""]","10","0.150000","0","0.900000","0","3","2","0","0","0.800000",,"0","1","12","WEAPON","0","0","0","[0,0,0,0,0,0,0,0]","False","False","0.340000","0","0.399000","0","0","0","[0,0,0,0,0,0,0,0]","False","False","0","0","0","0","1",,"gun_12mm_galinha.description","1423095803","5973","16695","[135,213,49,223,248,185,213,25]","True","False","0.500000","-1656875244","62096","17218","[153,214,110,21,210,130,100,230]","True","False","-1","True","0","0","[0,0,0,0,0]","0","0","8","0","0","0","0","0","0","0","0","0","0","3","0","1.500000","0.650000","0","0","0","0","0","0","0","0","0","0","0","0","0","0","0","0","0","0","0","0","0","0","0","0","0","0","0","0","0","0.650000","assets/data/fx/pyros/pyro_null.json","1.350000","619321280","34246","18130","[153,187,177,210,231,58,62,122]","True","True","0","0","0","[0,0,0,0,0,0,0,0]","False","False","gun_12mm_galinha.json","SEMI-AUTO","0","0","711796301","39592","18966","[129,12,161,210,26,148,184,235]","True","False","0","3","False","1","20","0","0","assets/ui/hud/HUD_aux_laser_02.png","38","1","1.350000","0.450000","-0.050000","0.500000","-0.050000","-0.050000","0","0","0","[0,0,0,0,0,0,0,0]","False","False","0","0","0","[0,0,0,0,0,0,0,0]","False","False",,"2.000000","0","-49.999958","0","","-1","gun_12mm_galinha.name","False","300","0.300000","1","0.120000","1377918081","37263","18696","[158,218,66,68,206,176,115,164]","True","False","4","2000000","60","1","False","0","0","0","[0,0,0,0,0,0,0,0]","False","False","","0.100000","0.350000","0","0","0","[0,0,0,0,0,0,0,0]","False","False","1","MAGAZINE","0","0","0","[0,0,0,0,0,0,0,0]","False","False","0","0","0","[0,0,0,0,0,0,0,0]","False","False","2","True","False","","1","125","0","0","0","0","0","0","[0,0,0,0,0,0,0,0]","False","False","0","0","0","[0,0,0,0,0,0,0,0]","False","False","assets/pickups/weapons/temp_aux.json","False","0","0","assets/ui/hud/HUD_aux_laser_02.png","[""MULTIPLY"",""SCREEN""]","False","20","assets/data/fx/wfx_laser_aux_02.json"
"0.400000","1","3","assets/data/pickups/ammo/pkp_ammo_12mm_rail.json","1","6","AMMOTYPE_LASER","LASER_WEAPON","True","0.125000","0.050000","0.300000","324.999878","5.500000","4","[""assets/fx/beams/laser_galinha_multiply.png"",""assets/fx/beams/laser_galinha_screen.png""]","6","0.120000","0","0.900000","0","12","0.150000","0","1","1",,"0","1","15","WEAPON","0","0","0","[0,0,0,0,0,0,0,0]","False","False","4.400000","0","0.800000","1965412754","41357","18726","[135,227,114,207,36,182,19,174]","True","False","1","1","0","0","0",,"gun_12mm_strigidae.description","1423095803","5973","16695","[135,213,49,223,248,185,213,25]","True","False","0.500000","-1656875244","62096","17218","[153,214,110,21,210,130,100,230]","True","False","-1","False","0","0","[0,0,1,1,0]","0.100000","0","20","0","0","0","0","0","0","0","0","0","0","1","0","0.500000","1","0","0","0","0","0","0","0","0","0","0","0","0","0","0","0","0","0","0","0","0","0","0","0","0","0","0","0","0","0","1","","1","0","0","0","[0,0,0,0,0,0,0,0]","False","False","0","0","0","[0,0,0,0,0,0,0,0]","False","False","gun_12mm_strigidae.json","SEMI-AUTO","0","3","2023720271","6104","18664","[186,187,20,212,159,145,94,107]","True","False","0","3","False","4","160","0","6","assets/ui/hud/HUD_sml_laser_01.png","90","0.750000","1","0.150000","0","0","0","0","0","0","0","[0,0,0,0,0,0,0,0]","False","False","0","0","0","[0,0,0,0,0,0,0,0]","False","False",,"90","0","-49.999992","0","","120","gun_12mm_strigidae.name","False","900","4.400000","1","0.120000","1377918081","37263","18696","[158,218,66,68,206,176,115,164]","True","False","4","0","40","0","False","0","0","0","[0,0,0,0,0,0,0,0]","False","False","","0.100000","0.350000","0","0","0","[0,0,0,0,0,0,0,0]","False","False","1","MAGAZINE","0","0","0","[0,0,0,0,0,0,0,0]","False","False","0","0","0","[0,0,0,0,0,0,0,0]","False","False","6.660000","True","False","","1","42","0","0","0","0","0","0","[0,0,0,0,0,0,0,0]","False","False","0","0","0","[0,0,0,0,0,0,0,0]","False","False","assets/pickups/weapons/gun_blackhand.json","True","0.500000","0","assets/ui/hud/HUD_sml_laser_01.png","[""MULTIPLY"",""SCREEN""]","False","12","assets/data/fx/wfx_12ga_tet.json"
"5.000000","0","20","assets/data/pickups/ammo/pkp_ammo_132mm_he.json","4","60","AMMOTYPE_BULLET","ARTILLERY_WEAPON","False",,,,,,,,,,,,,"15.999994","0.400000","0","0.800000","0","assets/data/pickups/weapons/bullets/b_132mm_he.json","0.150000","2","7","WEAPON","0","0","0","[0,0,0,0,0,0,0,0]","False","False","3.300000","0","0.381000","60116200","32446","20256","[144,122,216,71,105,168,139,54]","True","False",,,,,,"1","gun_132mm_chuffer.description","1423095803","5973","16695","[135,213,49,223,248,185,213,25]","True","False","0.500000","-1656875244","62096","17218","[153,214,110,21,210,130,100,230]","True","False","20",,,,,,,,,,,,,,,,,,,,,,,,,,,,,,,,,,,,,,,,,,,,,,,,,,,,,,,,,,,,"-1656875244","62096","17218","[153,214,110,21,210,130,100,230]","True","False","gun_132mm_chuffer.json","SEMI-AUTO","0","26","1207598323","59073","17808","[154,21,206,26,37,75,148,252]","True","False","0","3","False",,,,"6","assets/ui/inventory/render/inv_gun_chuffer.png",,,,,,,,,"0","0","0","[0,0,0,0,0,0,0,0]","False","False","0","0","0","[0,0,0,0,0,0,0,0]","False","False","True","45","1.000000","-45","0","","100","gun_132mm_chuffer.name","False",,"2.500000","1","0.120000","1377918081","37263","18696","[158,218,66,68,206,176,115,164]","True","False",,"0","100","10","False","0","0","0","[0,0,0,0,0,0,0,0]","False","False","","0.100000","0.900000","0","0","0","[0,0,0,0,0,0,0,0]","False","False","1","SINGLE_ROUND","0","0","0","[0,0,0,0,0,0,0,0]","False","False","0","0","0","[0,0,0,0,0,0,0,0]","False","False","0.400000","True","False","","1","63","0","0","0","0","0","0","[0,0,0,0,0,0,0,0]","False","False","0","0","0","[0,0,0,0,0,0,0,0]","False","False","assets/pickups/weapons/temp_aux.json","False","1","0","assets/ui/inventory/render/inv_gun_chuffer.png","[""MULTIPLY"",""SCREEN""]","False","120","assets/data/fx/wfx_40mm_thumper.json"
"3","0","8","assets/data/pickups/ammo/pkp_ammo_132mm_he.json","4","75","AMMOTYPE_BULLET","ARTILLERY_WEAPON","False",,,,,,,,,,,,,"7.000000","0.350000","0","0.100000","0","assets/data/pickups/weapons/bullets/b_132mm_he.json","0.050000","8","4","WEAPON","0","0","0","[0,0,0,0,0,0,0,0]","False","False","2.900000","0","0.500000","-1505342492","12200","19717","[157,243,74,202,81,182,227,203]","True","False",,,,,,"1","gun_132mm_ploughman.description","1423095803","5973","16695","[135,213,49,223,248,185,213,25]","True","False","0.500000","-1656875244","62096","17218","[153,214,110,21,210,130,100,230]","True","False","18",,,,,,,,,,,,,,,,,,,,,,,,,,,,,,,,,,,,,,,,,,,,,,,,,,,,,,,,,,,,"-1656875244","62096","17218","[153,214,110,21,210,130,100,230]","True","False","gun_132mm_ploughman.json","SEMI-AUTO","0","33","-1067659804","7985","17700","[185,15,33,108,152,166,44,251]","True","False","0","3","False",,,,"8","assets/ui/hud/HUD_hvy_arty_02.png",,,,,,,,,"0","0","0","[0,0,0,0,0,0,0,0]","False","False","0","0","0","[0,0,0,0,0,0,0,0]","False","False","True","90","2.000000","-45","0","","100","gun_132mm_ploughman.name","False",,"2.250000","1","0.120000","1377918081","37263","18696","[158,218,66,68,206,176,115,164]","True","False",,"0","30","40","False","0","0","0","[0,0,0,0,0,0,0,0]","False","False","","0.100000","0.900000","0","0","0","[0,0,0,0,0,0,0,0]","False","False","1","MAGAZINE","0","0","0","[0,0,0,0,0,0,0,0]","False","False","0","0","0","[0,0,0,0,0,0,0,0]","False","False","4.440000","True","False","","1","292","0","0","0","0","0","0","[0,0,0,0,0,0,0,0]","False","False","0","0","0","[0,0,0,0,0,0,0,0]","False","False","assets/pickups/weapons/temp_main.json","False","1","0","assets/ui/hud/HUD_hvy_arty_02.png","[""MULTIPLY"",""SCREEN""]","False","500","assets/data/fx/wfx_40mm_thumper.json"
"0.200000","0","500","assets/data/pickups/ammo/pkp_ammo_14mm_he.json","1","500","AMMOTYPE_LASER","LASER_WEAPON","True","0.014000","0.010000","0.010000","329.999847","3","2.385000","[""assets/fx/beams/laser_multiply_05.png"",""assets/fx/beams/laser_screen_05.png""]","7","0.250000","0","0.500000","0.275000","2.000000","1","0","0.055000","0",,"0.040000","3","11","WEAPON","0","0","0","[0,0,0,0,0,0,0,0]","False","False","0","0","0.800000","0","0","0","[0,0,0,0,0,0,0,0]","False","False","1","1","0","0","0",,"gun_14mm_banshee.description","1423095803","5973","16695","[135,213,49,223,248,185,213,25]","True","False","0.050000","-1656875244","62096","17218","[153,214,110,21,210,130,100,230]","True","False","-1","True","0","0","[0,0,1,1,0]","0.100000","0","18","0","0","0","0","0","0","0","0","0","0","2","0","0.500000","1","0","0","0","0","0","0","0","0","0","0","0","0","0","0","0","0","0","0","0","0","0","0","0","0","0","0","0","0","0","1","","1","0","0","0","[0,0,0,0,0,0,0,0]","False","True","0","0","0","[0,0,0,0,0,0,0,0]","False","False","gun_14mm_banshee.json","BURST/AUTO","0","0","-31334617","41463","19581","[141,131,119,65,239,204,250,106]","True","False","0","3","False","1","0.500000","0","0","assets/ui/hud/HUD_main_mg_02.png","12","1","1","0.600000","0","0","0","0","-1769236817","43640","16662","[139,2,199,124,15,102,122,54]","True","False","1712860969","25037","16528","[185,137,231,178,62,55,178,70]","True","False",,"2.000000","0.200000","-49.999992","0","","-1","gun_14mm_banshee.name","False","20","0.900000","1","0.120000","1377918081","37263","18696","[158,218,66,68,206,176,115,164]","True","False","4","0","100","0","False","0","0","0","[0,0,0,0,0,0,0,0]","False","False","","0.100000","0.350000","0","0","0","[0,0,0,0,0,0,0,0]","False","False","1","MAGAZINE","0","0","0","[0,0,0,0,0,0,0,0]","False","False","0","0","0","[0,0,0,0,0,0,0,0]","False","False","3.330000","True","False","","1","240","0","0","0","0","0","0","[0,0,0,0,0,0,0,0]","False","False","0","0","0","[0,0,0,0,0,0,0,0]","False","False","assets/pickups/weapons/temp_main.json","False","0","0","assets/ui/hud/HUD_main_mg_02.png","[""MULTIPLY"",""SCREEN""]","True","1000","assets/data/fx/wfx_mg_main_02.json"
"0.200000","0.700000","18","assets/data/pickups/ammo/pkp_ammo_14mm_he.json","1","75","AMMOTYPE_LASER","LASER_WEAPON","True","0.014000","0.010000","0.010000","329.999847","3","2.385000","[""assets/fx/beams/laser_multiply_05.png"",""assets/fx/beams/laser_screen_05.png""]","7","0.250000","0","0.500000","0.275000","6","0.800000","0","0","0.250000",,"0","1","5","WEAPON","0","0","0","[0,0,0,0,0,0,0,0]","False","False","0.080000","0","0.800000","0","0","0","[0,0,0,0,0,0,0,0]","False","False","1","1","0","0","0",,"gun_14mm_barker.description","1423095803","5973","16695","[135,213,49,223,248,185,213,25]","True","False","0.500000","-1656875244","62096","17218","[153,214,110,21,210,130,100,230]","True","False","-1","True","0","0","[0,0,1,1,0]","0.100000","0","18","0","0","0","0","0","0","0","0","0","0","1","0","0.500000","1","0","0","0","0","0","0","0","0","0","0","0","0","0","0","0","0","0","0","0","0","0","0","0","0","0","0","0","0","0","1","","1","0","0","0","[0,0,0,0,0,0,0,0]","False","True","0","0","0","[0,0,0,0,0,0,0,0]","False","False","gun_14mm_barker.json","BURST/AUTO","0","16","369464747","31712","19049","[163,231,247,158,159,37,41,43]","True","False","0","3","False","6","0","0","0","assets/ui/inventory/render/inv_gun_barker.png","12","1","1","0.400000","0","0","0","0","-1769236817","43640","16662","[139,2,199,124,15,102,122,54]","True","False","1712860969","25037","16528","[185,137,231,178,62,55,178,70]","True","False",,"6","0.200000","-49.999992","0","","-1","gun_14mm_barker.name","False","20","0.900000","1","0.120000","1377918081","37263","18696","[158,218,66,68,206,176,115,164]","True","False","3","0","100","0","False","0","0","0","[0,0,0,0,0,0,0,0]","False","False","","0.100000","0.350000","0","0","0","[0,0,0,0,0,0,0,0]","False","False","1","MAGAZINE","0","0","0","[0,0,0,0,0,0,0,0]","False","False","0","0","0","[0,0,0,0,0,0,0,0]","False","False","2.800000","True","False","","1","22","0","0","0","0","0","0","[0,0,0,0,0,0,0,0]","False","False","0","0","0","[0,0,0,0,0,0,0,0]","False","False","assets/pickups/weapons/gun_kopinski.json","False","0","0","assets/ui/inventory/render/inv_gun_barker.png","[""MULTIPLY"",""SCREEN""]","False","75","assets/data/fx/wfx_mg_main_02.json"
"1.250000","1","120","assets/data/pickups/ammo/pkp_ammo_15mm_esd.json","4","240","AMMOTYPE_BULLET","ARTILLERY_WEAPON","False",,,,,,,,,,,,,"10.999998","0.900000","0","0","0.195000","assets/data/pickups/weapons/bullets/b_15mm_esd.json","0","1","6","WEAPON","0","0","0","[0,0,0,0,0,0,0,0]","False","False","0.110000","0","0.500000","0","0","0","[0,0,0,0,0,0,0,0]","False","False",,,,,,"1","gun_15mm_esd_lockdown.description","1423095803","5973","16695","[135,213,49,223,248,185,213,25]","True","False","0.500000","-1656875244","62096","17218","[153,214,110,21,210,130,100,230]","True","False","50",,,,,,,,,,,,,,,,,,,,,,,,,,,,,,,,,,,,,,,,,,,,,,,,,,,,,,,,,,,,"-1656875244","62096","17218","[153,214,110,21,210,130,100,230]","True","False","gun_15mm_esd_lockdown.json","BURST/AUTO","0.300000","0","2023720271","6104","18664","[186,187,20,212,159,145,94,107]","True","False","0","3","False",,,,"1","assets/ui/inventory/render/inv_gun_lockdown.png",,,,,,,,,"0","0","0","[0,0,0,0,0,0,0,0]","False","False","0","0","0","[0,0,0,0,0,0,0,0]","False","False","True","90","0.500000","-49.999992","0","","100","gun_15mm_esd_lockdown.name","False",,"1","1","0.120000","1377918081","37263","18696","[158,218,66,68,206,176,115,164]","True","False",,"0","20","0","False","0","0","0","[0,0,0,0,0,0,0,0]","False","False","","0.100000","0.900000","0","0","0","[0,0,0,0,0,0,0,0]","False","False","1","MAGAZINE","0","0","0","[0,0,0,0,0,0,0,0]","False","False","0","0","0","[0,0,0,0,0,0,0,0]","False","False","6","True","False","","3","19","0","0","0","0","0","0","[0,0,0,0,0,0,0,0]","False","False","0","0","0","[0,0,0,0,0,0,0,0]","False","False","assets/pickups/weapons/laser_tur.json","False","0.250000","0","assets/ui/inventory/render/inv_gun_lockdown.png","[""MULTIPLY"",""SCREEN""]","False","480","assets/data/fx/wfx_mg_small_02.json"
"1.200000","0","12","assets/data/pickups/ammo/pkp_ammo_20mm_aphe-t.json","4","24","AMMOTYPE_BULLET","ARTILLERY_WEAPON","False",,,,,,,,,,,,,"8.000000","2.200000","0","0.350000","0","assets/data/pickups/weapons/bullets/b_20mm_aphe-t.json","0","1","0","WEAPON","851865240","17619","19087","[140,25,51,233,226,166,152,132]","True","False","0.160000","0","0.651000","0","0","0","[0,0,0,0,0,0,0,0]","False","False",,,,,,"1","gun_20mm_ballister.description","1423095803","5973","16695","[135,213,49,223,248,185,213,25]","True","False","0.225000","-1656875244","62096","17218","[153,214,110,21,210,130,100,230]","True","False","9",,,,,,,,,,,,,,,,,,,,,,,,,,,,,,,,,,,,,,,,,,,,,,,,,,,,,,,,,,,,"-1656875244","62096","17218","[153,214,110,21,210,130,100,230]","True","False","gun_20mm_ballister.json","BURST/AUTO","0.010000","26","657933775","7367","18521","[182,155,214,119,143,95,193,10]","True","False","0","3","True",,,,"6","assets/ui/hud/HUD_sml_can_01.png",,,,,,,,,"0","0","0","[0,0,0,0,0,0,0,0]","False","False","0","0","0","[0,0,0,0,0,0,0,0]","False","False","True","45","0.660000","0","0","","160","gun_20mm_ballister.name","False",,"0.200000","1","0.120000","1377918081","37263","18696","[158,218,66,68,206,176,115,164]","True","False",,"0","40","12","False","60116200","32446","20256","[144,122,216,71,105,168,139,54]","True","False","","0.250000","1.750000","1532201229","11715","16607","[153,104,235,18,241,224,240,115]","True","False","1.500000","MAGAZINE","0","0","0","[0,0,0,0,0,0,0,0]","False","False","0","0","0","[0,0,0,0,0,0,0,0]","False","False","3","True","False","","1","69","0","0","0","0","0","0","[0,0,0,0,0,0,0,0]","False","False","0","0","0","[0,0,0,0,0,0,0,0]","False","False","assets/pickups/weapons/gun_thumper.json","False","0.330000","0","assets/ui/hud/HUD_sml_can_01.png","[""MULTIPLY"",""SCREEN""]","False","48","assets/data/fx/wfx_20mm_kopinski.json"
"1.350000","0.600000","55","assets/data/pickups/ammo/pkp_ammo_20mm_aphe-t.json","4","75","AMMOTYPE_BULLET","ARTILLERY_WEAPON","False",,,,,,,,,,,,,"5.000000","0.300000","0","0.040000","0","assets/data/pickups/weapons/bullets/b_20mm_aphe-t-auto.json","0.065000","3","2","WEAPON","0","0","0","[0,0,0,0,0,0,0,0]","False","False","0","0","0.500000","0","0","0","[0,0,0,0,0,0,0,0]","False","False",,,,,,"1","gun_20mm_belter.description","1423095803","5973","16695","[135,213,49,223,248,185,213,25]","True","False","0.500000","-1656875244","62096","17218","[153,214,110,21,210,130,100,230]","True","False","17",,,,,,,,,,,,,,,,,,,,,,,,,,,,,,,,,,,,,,,,,,,,,,,,,,,,,,,,,,,,"-1656875244","62096","17218","[153,214,110,21,210,130,100,230]","True","False","gun_20mm_belter.json","BURST/AUTO","0","0","0","0","0","[0,0,0,0,0,0,0,0]","False","False","0","3","False",,,,"8","assets/ui/hud/HUD_aux_mg_01.png",,,,,,,,,"-1346757020","13075","17385","[188,99,84,140,38,106,124,170]","True","False","2114382341","33290","17224","[153,253,153,26,100,94,104,61]","True","False","True","60","0.600000","-45","0","","160","gun_20mm_belter.name","False",,"1","1","0.120000","1377918081","37263","18696","[158,218,66,68,206,176,115,164]","True","False",,"0","60","10","False","0","0","0","[0,0,0,0,0,0,0,0]","False","False","","0.100000","0.900000","0","0","0","[0,0,0,0,0,0,0,0]","False","False","1","MAGAZINE","0","0","0","[0,0,0,0,0,0,0,0]","False","False","0","0","0","[0,0,0,0,0,0,0,0]","False","False","7","True","False","","1","169","0","0","0","0","0","0","[0,0,0,0,0,0,0,0]","False","False","0","0","0","[0,0,0,0,0,0,0,0]","False","False","assets/pickups/weapons/temp_aux.json","False","0.800000","0","assets/ui/hud/HUD_aux_mg_01.png","[""MULTIPLY"",""SCREEN""]","True","500","assets/data/fx/wfx_mg_aux_01.json"
"0.500000","0","10","assets/data/pickups/ammo/pkp_ammo_20mm_beehive.json","4","250","AMMOTYPE_BULLET","ARTILLERY_WEAPON","True",,,,,,,,,,,,,"21.999996","0.670000","0","0","0.600000","assets/data/pickups/weapons/bullets/b_20mm_pellet.json","0","1","6","WEAPON","0","0","0","[0,0,0,0,0,0,0,0]","False","False","0.650000","0","0.500000","-173013543","7983","19091","[144,221,14,139,174,210,252,126]","True","False",,,,,,"1","gun_20mm_crambo.description","1423095803","5973","16695","[135,213,49,223,248,185,213,25]","True","False","0.500000","-1656875244","62096","17218","[153,214,110,21,210,130,100,230]","True","False","50",,,,,,,,,,,,,,,,,,,,,,,,,,,,,,,,,,,,,,,,,,,,,,,,,,,,,,,,,,,,"-1656875244","62096","17218","[153,214,110,21,210,130,100,230]","True","False","gun_20mm_crambo.json","SEMI-AUTO","0.350000","30","1047889855","53361","20263","[191,245,83,122,75,15,135,212]","True","False","0","3","False",,,,"4","assets/ui/hud/HUD_tur_mg_02.png",,,,,,,,,"0","0","0","[0,0,0,0,0,0,0,0]","False","False","0","0","0","[0,0,0,0,0,0,0,0]","False","False","True","60","0.500000","-45","0","","100","gun_20mm_crambo.name","False",,"0.550000","1","0.120000","1377918081","37263","18696","[158,218,66,68,206,176,115,164]","True","False",,"0","100","7","False","0","0","0","[0,0,0,0,0,0,0,0]","False","False","","0.100000","0.900000","0","0","0","[0,0,0,0,0,0,0,0]","False","False","1","MAGAZINE","0","0","0","[0,0,0,0,0,0,0,0]","False","False","0","0","0","[0,0,0,0,0,0,0,0]","False","False","4.500000","True","False","","1","74","0","0","0","0","0","0","[0,0,0,0,0,0,0,0]","False","False","0","0","0","[0,0,0,0,0,0,0,0]","False","False","assets/pickups/weapons/temp_tur.json","False","1","0","assets/ui/hud/HUD_tur_mg_02.png","[""MULTIPLY"",""SCREEN""]","False","500","assets/data/fx/wfx_8mm_bonesaw.json"
"0.250000","1","6","assets/data/pickups/ammo/pkp_ammo_20mm_aphe-t.json","4","12","AMMOTYPE_BULLET","ARTILLERY_WEAPON","False",,,,,,,,,,,,,"12","0.300000","0","0","0.700000","assets/data/pickups/weapons/bullets/b_20mm_aphe-t.json","0","1","15","WEAPON","173657436","42737","18311","[173,125,203,83,211,158,126,116]","True","False","1.600000","0","1","-495603255","31808","17809","[163,84,122,59,242,126,16,104]","True","False",,,,,,"1","gun_20mm_kopinski.description","1423095803","5973","16695","[135,213,49,223,248,185,213,25]","True","False","0.500000","-1656875244","62096","17218","[153,214,110,21,210,130,100,230]","True","False","50",,,,,,,,,,,,,,,,,,,,,,,,,,,,,,,,,,,,,,,,,,,,,,,,,,,,,,,,,,,,"-1656875244","62096","17218","[153,214,110,21,210,130,100,230]","True","False","gun_20mm_kopinski.json","SEMI-AUTO","0.300000","14","-1366626827","2394","17096","[132,251,171,105,184,20,148,248]","True","False","0","3","True",,,,"5","assets/ui/inventory/render/inv_gun_kopinski.png",,,,,,,,,"0","0","0","[0,0,0,0,0,0,0,0]","False","False","0","0","0","[0,0,0,0,0,0,0,0]","False","False","True","90","0.250000","-49.999992","0","","100","gun_20mm_kopinski.name","False",,"1","1","0.120000","1377918081","37263","18696","[158,218,66,68,206,176,115,164]","True","False",,"0","60","12","False","780966319","57636","16495","[142,172,178,163,60,140,46,189]","True","False","","2","4","173657436","42737","18311","[173,125,203,83,211,158,126,116]","True","False","1","MAGAZINE","-495603255","31808","17809","[163,84,122,59,242,126,16,104]","True","False","-1057198600","18069","18198","[144,179,241,59,1,71,237,232]","True","False","5.500000","True","False","","1","26","0","0","0.200000","-1192864441","343","17832","[156,255,174,84,234,10,248,33]","True","False","0","0","0","[0,0,0,0,0,0,0,0]","False","False","assets/pickups/weapons/gun_kopinski.json","False","0.500000","0","assets/ui/inventory/render/inv_gun_kopinski.png","[""MULTIPLY"",""SCREEN""]","False","0","assets/data/fx/wfx_20mm_kopinski.json"
"0.500000","0","177","assets/data/pickups/ammo/pkp_ammo_22lr_fmj.json","4","177","AMMOTYPE_BULLET","ARTILLERY_WEAPON","True",,,,,,,,,,,,,"6","2","0","0.125000","0","assets/data/pickups/weapons/bullets/b_22lr_fmj.json","0","1","0","WEAPON","1052014697","36301","17366","[140,176,76,221,31,87,54,79]","True","False","0.050000","0","0.651000","0","0","0","[0,0,0,0,0,0,0,0]","False","False",,,,,,"1","gun_22lr_amerigo177.description","1423095803","5973","16695","[135,213,49,223,248,185,213,25]","True","False","0.500000","-1656875244","62096","17218","[153,214,110,21,210,130,100,230]","True","False","-1",,,,,,,,,,,,,,,,,,,,,,,,,,,,,,,,,,,,,,,,,,,,,,,,,,,,,,,,,,,,"-1656875244","62096","17218","[153,214,110,21,210,130,100,230]","True","False","gun_22lr_amerigo177.json","BURST/AUTO","0.010000","10","0","0","0","[0,0,0,0,0,0,0,0]","False","False","0","3","False",,,,"-2","assets/ui/inventory/render/inv_gun_amerigo177.png",,,,,,,,,"-241440157","10847","17865","[178,204,162,109,209,87,77,51]","True","False","0","0","0","[0,0,0,0,0,0,0,0]","False","False","True","45","0.500000","-49.999992","0","","-1","gun_22lr_amerigo177.name","False",,"0.200000","1","0.120000","1377918081","37263","18696","[158,218,66,68,206,176,115,164]","True","False",,"0","40","0","False","-1057198600","18069","18198","[144,179,241,59,1,71,237,232]","True","False","","0.250000","3","173657436","42737","18311","[173,125,203,83,211,158,126,116]","True","False","2","MAGAZINE","-955080987","242","17727","[165,117,131,79,103,53,17,241]","True","False","0","0","0","[0,0,0,0,0,0,0,0]","False","False","4","True","False","","1","7","0","0","0","0","0","0","[0,0,0,0,0,0,0,0]","False","False","0","0","0","[0,0,0,0,0,0,0,0]","False","False","assets/pickups/weapons/gun_amerigo.json","False","0.330000","0","assets/ui/inventory/render/inv_gun_amerigo177.png","[""MULTIPLY"",""SCREEN""]","True","0","assets/data/fx/wfx_22lr_amerigo177.json"
"0.500000","0.350000","15","assets/data/pickups/ammo/pkp_ammo_22lr_fmj.json","4","15","AMMOTYPE_BULLET","ARTILLERY_WEAPON","False",,,,,,,,,,,,,"6","0.850000","0","0.100000","0","assets/data/pickups/weapons/bullets/b_22lr_fmj.json","0","1","2","WEAPON","173657436","42737","18311","[173,125,203,83,211,158,126,116]","True","False","0.400000","0.150000","0.651000","0","0","0","[0,0,0,0,0,0,0,0]","False","False",,,,,,"1","gun_22lr_chobfob.description","1423095803","5973","16695","[135,213,49,223,248,185,213,25]","True","False","0.500000","-1656875244","62096","17218","[153,214,110,21,210,130,100,230]","True","False","13.500000",,,,,,,,,,,,,,,,,,,,,,,,,,,,,,,,,,,,,,,,,,,,,,,,,,,,,,,,,,,,"-1656875244","62096","17218","[153,214,110,21,210,130,100,230]","True","False","gun_22lr_chobfob.json","SEMI-AUTO","0","3.500000","260808966","33167","19408","[164,87,156,141,47,99,249,203]","True","False","0","1","True",,,,"-2","assets/ui/inventory/render/inv_gun_chobfob.png",,,,,,,,,"0","0","0","[0,0,0,0,0,0,0,0]","False","False","0","0","0","[0,0,0,0,0,0,0,0]","False","False","True","45","0.250000","-49.999958","0","","-1","gun_22lr_chobfob.name","False",,"0.150000","1","0.120000","1377918081","37263","18696","[158,218,66,68,206,176,115,164]","True","False",,"0","40","0","True","-955080987","242","17727","[165,117,131,79,103,53,17,241]","True","False","","0.250000","1.500000","173657436","42737","18311","[173,125,203,83,211,158,126,116]","True","False","0.800000","MAGAZINE","1052014697","36301","17366","[140,176,76,221,31,87,54,79]","True","False","0","0","0","[0,0,0,0,0,0,0,0]","False","False","2","True","False","","1","8","0","0","0","0","0","0","[0,0,0,0,0,0,0,0]","False","False","0","0","0","[0,0,0,0,0,0,0,0]","False","False","assets/pickups/weapons/gun_chobfob.json","False","0.330000","0","assets/ui/inventory/render/inv_gun_chobfob.png","[""MULTIPLY"",""SCREEN""]","False","0","assets/data/fx/wfx_22lr_chobfob.json"
"3.500000","0.750000","15","assets/data/pickups/ammo/pkp_ammo_22lr_fmj.json","4","15","AMMOTYPE_BULLET","ARTILLERY_WEAPON","False",,,,,,,,,,,,,"8.000000","2.500000","0","0.250000","0","assets/data/pickups/weapons/bullets/b_22lr_fmj.json","0","1","0","WEAPON","1052014697","36301","17366","[140,176,76,221,31,87,54,79]","True","False","0.550000","0.100000","0.651000","0","0","0","[0,0,0,0,0,0,0,0]","False","False",,,,,,"1","gun_22lr_earworm.description","1423095803","5973","16695","[135,213,49,223,248,185,213,25]","True","False","0.225000","-1656875244","62096","17218","[153,214,110,21,210,130,100,230]","True","False","7",,,,,,,,,,,,,,,,,,,,,,,,,,,,,,,,,,,,,,,,,,,,,,,,,,,,,,,,,,,,"-1656875244","62096","17218","[153,214,110,21,210,130,100,230]","True","False","gun_22lr_earworm.json","SEMI-AUTO","0.020000","3.500000","2026680125","36803","17250","[133,159,230,34,120,126,189,152]","True","False","0","3","True",,,,"0","assets/ui/inventory/render/inv_gun_earworm.png",,,,,,,,,"0","0","0","[0,0,0,0,0,0,0,0]","False","False","0","0","0","[0,0,0,0,0,0,0,0]","False","False","True","45","3.500000","-49.999958","0","","-1","gun_22lr_earworm.name","False",,"0.225000","1","0.120000","1377918081","37263","18696","[158,218,66,68,206,176,115,164]","True","False",,"0","40","0","True","-955080987","242","17727","[165,117,131,79,103,53,17,241]","True","False","","0.500000","1","173657436","42737","18311","[173,125,203,83,211,158,126,116]","True","False","0.500000","MAGAZINE","-955080987","242","17727","[165,117,131,79,103,53,17,241]","True","False","0","0","0","[0,0,0,0,0,0,0,0]","False","False","2.250000","True","False","","1","5","0","0","0","0","0","0","[0,0,0,0,0,0,0,0]","False","False","0","0","0","[0,0,0,0,0,0,0,0]","False","False","assets/pickups/weapons/gun_earworm.json","False","0.330000","0","assets/ui/inventory/render/inv_gun_earworm.png","[""MULTIPLY"",""SCREEN""]","False","0","assets/data/fx/wfx_22lr_earworm.json"
"0.250000","0","2","assets/data/pickups/ammo/pkp_ammo_25mm_hei-t.json","8","2","AMMOTYPE_CANNON","ARTILLERY_WEAPON","True",,,,,,,,,,,,,"0.250000","1","0","0","0","assets/data/pickups/weapons/bullets/b_25mm_hei-t.json","0","1","4","WEAPON","0","0","0","[0,0,0,0,0,0,0,0]","False","False","0.320000","0","0.650000","0","0","0","[0,0,0,0,0,0,0,0]","False","False",,,,,,"0.500000","gun_25mm_bluetongue.description","1423095803","5973","16695","[135,213,49,223,248,185,213,25]","True","False","0.500000","-1656875244","62096","17218","[153,214,110,21,210,130,100,230]","True","False","-1",,,,,,,,,,,,,,,,,,,,,,,,,,,,,,,,,,,,,,,,,,,,,,,,,,,,,,,,,,,,"-1656875244","62096","17218","[153,214,110,21,210,130,100,230]","True","False","gun_25mm_bluetongue.json","BURST/AUTO","0","30","-1366626827","2394","17096","[132,251,171,105,184,20,148,248]","True","False","0","1","False",,,,"0","assets/ui/inventory/render/inv_gun_bluetongue.png",,,,,,,,,"0","0","0","[0,0,0,0,0,0,0,0]","False","False","0","0","0","[0,0,0,0,0,0,0,0]","False","False","True","60","0","0","0","","-1","gun_25mm_bluetongue.name","False",,"0.200000","1","0.120000","1377918081","37263","18696","[158,218,66,68,206,176,115,164]","True","False",,"0","40","0","False","0","0","0","[0,0,0,0,0,0,0,0]","False","False","","0.100000","1.900000","0","0","0","[0,0,0,0,0,0,0,0]","False","False","1.600000","MAGAZINE","-776838919","37914","17725","[131,174,226,196,52,162,61,61]","True","False","0","0","0","[0,0,0,0,0,0,0,0]","False","False","2","True","False","","1","111","0","0","0","0","0","0","[0,0,0,0,0,0,0,0]","False","False","0","0","0","[0,0,0,0,0,0,0,0]","False","False","assets/pickups/weapons/gun_bluetongue.json","False","0","0","assets/ui/inventory/render/inv_gun_bluetongue.png","[""MULTIPLY"",""SCREEN""]","False","0","assets/data/fx/wfx_25mm_bushmaster_01.json"
"0.250000","0","1","assets/data/pickups/ammo/pkp_ammo_25mm_hei-t.json","8","1","AMMOTYPE_CANNON","ARTILLERY_WEAPON","True",,,,,,,,,,,,,"0.250000","1","0","0","0","assets/data/pickups/weapons/bullets/b_25mm_hei-t_bh.json","0","1","4","WEAPON","0","0","0","[0,0,0,0,0,0,0,0]","False","False","0.320000","0","0.650000","0","0","0","[0,0,0,0,0,0,0,0]","False","False",,,,,,"0.500000","gun_25mm_bushmaster_bh.description","1423095803","5973","16695","[135,213,49,223,248,185,213,25]","True","False","0.500000","-1656875244","62096","17218","[153,214,110,21,210,130,100,230]","True","False","-1",,,,,,,,,,,,,,,,,,,,,,,,,,,,,,,,,,,,,,,,,,,,,,,,,,,,,,,,,,,,"-1656875244","62096","17218","[153,214,110,21,210,130,100,230]","True","False","gun_25mm_bushmaster_bh.json","BURST/AUTO","0","30","1047889855","53361","20263","[191,245,83,122,75,15,135,212]","True","False","0","1","False",,,,"0","assets/ui/hud/HUD_tur_can_01.png",,,,,,,,,"0","0","0","[0,0,0,0,0,0,0,0]","False","False","0","0","0","[0,0,0,0,0,0,0,0]","False","False","True","60","0","0","0","","-1","gun_25mm_bushmaster_bh.name","False",,"0.200000","1","0.120000","1377918081","37263","18696","[158,218,66,68,206,176,115,164]","True","False",,"0","40","0","False","0","0","0","[0,0,0,0,0,0,0,0]","False","False","","0.100000","1.900000","0","0","0","[0,0,0,0,0,0,0,0]","False","False","1.600000","MAGAZINE","-776838919","37914","17725","[131,174,226,196,52,162,61,61]","True","False","0","0","0","[0,0,0,0,0,0,0,0]","False","False","2","True","False","","1","60","0","0","0","0","0","0","[0,0,0,0,0,0,0,0]","False","False","0","0","0","[0,0,0,0,0,0,0,0]","False","False","assets/pickups/weapons/temp_aux.json","False","0","0","assets/ui/hud/HUD_tur_can_01.png","[""MULTIPLY"",""SCREEN""]","False","0","assets/data/fx/wfx_25mm_bushmaster_01.json"
"0","0","1","assets/data/pickups/ammo/pkp_ammo_25mm_rail.json","1","50","AMMOTYPE_LASER","LASER_WEAPON","True","1","0","0.650000","0","4","1.500000","[""assets/fx/beams/laser_multiply_02.png"",""assets/fx/beams/laser_screen_02.png""]","18","0.150000","0","0.900000","0","5.000000","0.150000","0","0","1",,"0","1","0","WEAPON","0","0","0","[0,0,0,0,0,0,0,0]","False","False","0.250000","0","0.800000","-776838919","37914","17725","[131,174,226,196,52,162,61,61]","True","False","1","1","0","0","0",,"gun_25mm_zeus.description","1423095803","5973","16695","[135,213,49,223,248,185,213,25]","True","False","0.500000","-1656875244","62096","17218","[153,214,110,21,210,130,100,230]","True","False","-1","False","0","0","[0.250000,0.893333,0.450000,1,10]","0.100000","0","100","0","0","0","0","0","0","0","0","0","0","4","0","4","1","1000","0","0","0","0","0","0","0","0","0","0","0","0","0","0","0","0","0","0","0","0","0","0","0","0","0","0","0","0","5","assets/data/fx/squibs/pyro_radius_laser_main_02.json","1","-23388156","56609","16712","[168,19,140,161,244,142,79,29]","True","False","0","0","0","[0,0,0,0,0,0,0,0]","False","False","gun_25mm_zeus.json","BURST/AUTO","0","0","-31334617","41463","19581","[141,131,119,65,239,204,250,106]","True","False","0","3","False","1","2500","0","0","assets/ui/hud/HUD_main_laser_02.png","300","1","1","3","0","0","0","0","0","0","0","[0,0,0,0,0,0,0,0]","False","False","0","0","0","[0,0,0,0,0,0,0,0]","False","False",,"5.000000","0","0","0","","-1","gun_25mm_zeus.name","False","250","0.900000","1","0.120000","1377918081","37263","18696","[158,218,66,68,206,176,115,164]","True","False","5","0","100","50000","False","0","0","0","[0,0,0,0,0,0,0,0]","False","False","","0.100000","0.350000","0","0","0","[0,0,0,0,0,0,0,0]","False","False","1","MAGAZINE","0","0","0","[0,0,0,0,0,0,0,0]","False","False","0","0","0","[0,0,0,0,0,0,0,0]","False","False","4","False","False","","1","303","1","0","0.350000","0","0","0","[0,0,0,0,0,0,0,0]","False","False","0","0","0","[0,0,0,0,0,0,0,0]","False","False","assets/pickups/weapons/laser_heavy.json","False","0","0","assets/ui/hud/HUD_main_laser_02.png","[""MULTIPLY"",""SCREEN""]","False","50","assets/data/fx/wfx_laser_main_02.json"
"1.250000","0","28","assets/data/pickups/ammo/pkp_ammo_27mm_ap.json","4","75","AMMOTYPE_BULLET","ARTILLERY_WEAPON","False",,,,,,,,,,,,,"7.000000","0.600000","0","0.120000","0","assets/data/pickups/weapons/bullets/b_27mm_ap.json","0.045000","7","7","WEAPON","0","0","0","[0,0,0,0,0,0,0,0]","False","False","1.450000","0","0.500000","122696736","50309","18588","[138,38,145,168,46,242,73,48]","True","False",,,,,,"1","gun_27mm_stutter.description","1423095803","5973","16695","[135,213,49,223,248,185,213,25]","True","False","0.500000","-1656875244","62096","17218","[153,214,110,21,210,130,100,230]","True","False","20",,,,,,,,,,,,,,,,,,,,,,,,,,,,,,,,,,,,,,,,,,,,,,,,,,,,,,,,,,,,"-1656875244","62096","17218","[153,214,110,21,210,130,100,230]","True","False","gun_27mm_stutter.json","SEMI-AUTO","0","15","-1999290378","46434","17396","[189,149,238,129,243,60,228,92]","True","False","0","3","False",,,,"4","assets/ui/hud/HUD_aux_mg_02.png",,,,,,,,,"0","0","0","[0,0,0,0,0,0,0,0]","False","False","0","0","0","[0,0,0,0,0,0,0,0]","False","False","True","60","0.900000","-45","0","","170","gun_27mm_stutter.name","False",,"1","1","0.120000","1377918081","37263","18696","[158,218,66,68,206,176,115,164]","True","False",,"0","60","4","False","0","0","0","[0,0,0,0,0,0,0,0]","False","False","","0.100000","0.900000","0","0","0","[0,0,0,0,0,0,0,0]","False","False","1","MAGAZINE","0","0","0","[0,0,0,0,0,0,0,0]","False","False","0","0","0","[0,0,0,0,0,0,0,0]","False","False","7","True","False","","1","105","0","0","0","0","0","0","[0,0,0,0,0,0,0,0]","False","False","0","0","0","[0,0,0,0,0,0,0,0]","False","False","assets/pickups/weapons/temp_aux.json","False","0.500000","0","assets/ui/hud/HUD_aux_mg_02.png","[""MULTIPLY"",""SCREEN""]","False","500","assets/data/fx/wfx_mg_aux_02.json"
"0","1","1","assets/data/pickups/ammo/pkp_ammo_305mm_fae.json","1","1","AMMOTYPE_BULLET","ARTILLERY_WEAPON","False",,,,,,,,,,,,,"13.999998","0.200000","0","0","1","assets/data/pickups/weapons/bullets/b_305mm_fae.json","0","1","18","WEAPON","0","0","0","[0,0,0,0,0,0,0,0]","False","False","8","0","0.500000","-776838919","37914","17725","[131,174,226,196,52,162,61,61]","True","False",,,,,,"1","gun_305mm_harvester.description","1423095803","5973","16695","[135,213,49,223,248,185,213,25]","True","False","0.500000","-1656875244","62096","17218","[153,214,110,21,210,130,100,230]","True","False","20",,,,,,,,,,,,,,,,,,,,,,,,,,,,,,,,,,,,,,,,,,,,,,,,,,,,,,,,,,,,"-1656875244","62096","17218","[153,214,110,21,210,130,100,230]","True","False","gun_305mm_harvester.json","BURST/AUTO","0","20","2068764819","16866","18507","[173,196,9,221,98,238,124,118]","True","False","0","3","False",,,,"10","assets/ui/hud/HUD_hvy_arty_01.png",,,,,,,,,"0","0","0","[0,0,0,0,0,0,0,0]","False","False","0","0","0","[0,0,0,0,0,0,0,0]","False","False","False","39.999985","0","-45","0","","-1","gun_305mm_harvester.name","False",,"1","1","0.120000","1377918081","37263","18696","[158,218,66,68,206,176,115,164]","True","False",,"0","100","100","True","0","0","0","[0,0,0,0,0,0,0,0]","False","False","","0.100000","0.900000","0","0","0","[0,0,0,0,0,0,0,0]","False","False","1","MAGAZINE","0","0","0","[0,0,0,0,0,0,0,0]","False","False","0","0","0","[0,0,0,0,0,0,0,0]","False","False","8","True","False","","1","397","0","0","0","0","0","0","[0,0,0,0,0,0,0,0]","False","False","0","0","0","[0,0,0,0,0,0,0,0]","False","False","assets/pickups/weapons/temp_main.json","False","1","0","assets/ui/hud/HUD_hvy_arty_01.png","[""MULTIPLY"",""SCREEN""]","False","1","assets/data/fx/wfx_arty_heavy_01.json"
"1.000000","0.800000","200","assets/data/pickups/ammo/pkp_ammo_30mm_aphe-t.json","4","75","AMMOTYPE_BULLET","ARTILLERY_WEAPON","False",,,,,,,,,,,,,"4.699997","0.140000","0","0","0.016000","assets/data/pickups/weapons/bullets/b_30mm_aphe-t.json","0.017000","3","4","WEAPON","0","0","0","[0,0,0,0,0,0,0,0]","False","False","0","0","0.500000","0","0","0","[0,0,0,0,0,0,0,0]","False","False",,,,,,"1","gun_30mm_konig.description","1423095803","5973","16695","[135,213,49,223,248,185,213,25]","True","False","0.500000","-1656875244","62096","17218","[153,214,110,21,210,130,100,230]","True","False","18",,,,,,,,,,,,,,,,,,,,,,,,,,,,,,,,,,,,,,,,,,,,,,,,,,,,,,,,,,,,"-1656875244","62096","17218","[153,214,110,21,210,130,100,230]","True","False","gun_30mm_konig.json","BURST/AUTO","0","0","0","0","0","[0,0,0,0,0,0,0,0]","False","False","0","3","False",,,,"8","assets/ui/hud/HUD_hvy_mg_01.png",,,,,,,,,"506192523","38202","18369","[169,108,41,163,74,69,73,246]","True","False","-1712200680","45454","18755","[131,83,222,222,218,168,50,186]","True","False","True","45","0.800000","-45","0","","180","gun_30mm_konig.name","False",,"1","1","0.120000","1377918081","37263","18696","[158,218,66,68,206,176,115,164]","True","False",,"0","80","5000","False","0","0","0","[0,0,0,0,0,0,0,0]","False","False","","0.100000","0.900000","0","0","0","[0,0,0,0,0,0,0,0]","False","False","1","MAGAZINE","0","0","0","[0,0,0,0,0,0,0,0]","False","False","0","0","0","[0,0,0,0,0,0,0,0]","False","False","1","True","False","","1","410","0","0","0","0","0","0","[0,0,0,0,0,0,0,0]","False","False","0","0","0","[0,0,0,0,0,0,0,0]","False","False","assets/pickups/weapons/temp_main.json","False","0.500000","0","assets/ui/hud/HUD_hvy_mg_01.png","[""MULTIPLY"",""SCREEN""]","True","500","assets/data/fx/wfx_mg_heavy_01.json"
"0","1","6","assets/data/pickups/ammo/pkp_ammo_357mag.json","4","21","AMMOTYPE_BULLET","ARTILLERY_WEAPON","False",,,,,,,,,,,,,"5.000000","0.300000","0","0.500000","0","assets/data/pickups/weapons/bullets/b_357mag.json","0","1","8","WEAPON","-955080987","242","17727","[165,117,131,79,103,53,17,241]","True","False","1.400000","0","0.651000","0","0","0","[0,0,0,0,0,0,0,0]","False","False",,,,,,"1","gun_357mag_garcon.description","1423095803","5973","16695","[135,213,49,223,248,185,213,25]","True","False","0.500000","-1656875244","62096","17218","[153,214,110,21,210,130,100,230]","True","False","14",,,,,,,,,,,,,,,,,,,,,,,,,,,,,,,,,,,,,,,,,,,,,,,,,,,,,,,,,,,,"-1656875244","62096","17218","[153,214,110,21,210,130,100,230]","True","False","gun_357mag_garcon.json","SEMI-AUTO","0.020000","9","-92843111","31296","18812","[144,227,125,10,139,177,233,219]","True","False","0","3","False",,,,"0","assets/ui/inventory/render/inv_gun_garcon.png",,,,,,,,,"0","0","0","[0,0,0,0,0,0,0,0]","False","False","0","0","0","[0,0,0,0,0,0,0,0]","False","False","True","45","0","-49.999958","0","","-1","gun_357mag_garcon.name","False",,"1.300000","1","0.120000","1377918081","37263","18696","[158,218,66,68,206,176,115,164]","True","False",,"0","40","0.100000","True","-545799497","64253","20024","[150,94,229,172,117,210,30,147]","True","False","","0.250000","0.775000","0","0","0","[0,0,0,0,0,0,0,0]","False","False","0.750000","SINGLE_ROUND","0","0","0","[0,0,0,0,0,0,0,0]","False","False","0","0","0","[0,0,0,0,0,0,0,0]","False","False","1","True","False","","1","6","0","0","0.300000","-1192864441","343","17832","[156,255,174,84,234,10,248,33]","True","False","0","0","0","[0,0,0,0,0,0,0,0]","False","False","assets/pickups/weapons/gun_garcon.json","False","0.750000","0","assets/ui/inventory/render/inv_gun_garcon.png","[""MULTIPLY"",""SCREEN""]","False","0","assets/data/fx/wfx_357mag_garcon.json"
"2.500000","0.250000","4","assets/data/pickups/ammo/pkp_ammo_357mag.json","4","12","AMMOTYPE_BULLET","ARTILLERY_WEAPON","False",,,,,,,,,,,,,"5.000000","1","0","0.250000","0","assets/data/pickups/weapons/bullets/b_357mag.json","0","1","0","WEAPON","-955080987","242","17727","[165,117,131,79,103,53,17,241]","True","False","0.500000","0.350000","0.651000","0","0","0","[0,0,0,0,0,0,0,0]","False","False",,,,,,"1","gun_357mag_hilfmir.description","1423095803","5973","16695","[135,213,49,223,248,185,213,25]","True","False","0.500000","-1656875244","62096","17218","[153,214,110,21,210,130,100,230]","True","False","6",,,,,,,,,,,,,,,,,,,,,,,,,,,,,,,,,,,,,,,,,,,,,,,,,,,,,,,,,,,,"-1656875244","62096","17218","[153,214,110,21,210,130,100,230]","True","False","gun_357mag_hilfmir.json","SEMI-AUTO","0.020000","6","-1443390002","30527","20411","[183,20,253,68,34,27,121,202]","True","False","0","3","False",,,,"0","assets/ui/inventory/render/inv_gun_hilfmir.png",,,,,,,,,"0","0","0","[0,0,0,0,0,0,0,0]","False","False","0","0","0","[0,0,0,0,0,0,0,0]","False","False","True","49.999992","2.500000","-49.999958","0","","-1","gun_357mag_hilfmir.name","False",,"0.375000","1","0.120000","1377918081","37263","18696","[158,218,66,68,206,176,115,164]","True","False",,"0","40","0.100000","True","-545799497","64253","20024","[150,94,229,172,117,210,30,147]","True","False","","0.250000","0.775000","606135825","42618","18552","[148,218,105,37,194,250,222,190]","True","False","0.750000","SINGLE_ROUND","-955080987","242","17727","[165,117,131,79,103,53,17,241]","True","False","0","0","0","[0,0,0,0,0,0,0,0]","False","False","1.500000","True","False","","1","4","0","0","0","0","0","0","[0,0,0,0,0,0,0,0]","False","False","0","0","0","[0,0,0,0,0,0,0,0]","False","False","assets/pickups/weapons/gun_hilfmir.json","False","0.100000","0","assets/ui/inventory/render/inv_gun_hilfmir.png","[""MULTIPLY"",""SCREEN""]","False","0","assets/data/fx/wfx_357mag_hilfmir.json"
"0.750000","0.600000","7","assets/data/pickups/ammo/pkp_ammo_357mag.json","4","21","AMMOTYPE_BULLET","ARTILLERY_WEAPON","False",,,,,,,,,,,,,"5.000000","0.400000","0","0.500000","0","assets/data/pickups/weapons/bullets/b_357mag.json","0","1","1","WEAPON","0","0","0","[0,0,0,0,0,0,0,0]","False","False","0.850000","0.250000","0.600000","1052014697","36301","17366","[140,176,76,221,31,87,54,79]","True","False",,,,,,"1","gun_357mag_lodi.description","1423095803","5973","16695","[135,213,49,223,248,185,213,25]","True","False","0.500000","-1656875244","62096","17218","[153,214,110,21,210,130,100,230]","True","False","13",,,,,,,,,,,,,,,,,,,,,,,,,,,,,,,,,,,,,,,,,,,,,,,,,,,,,,,,,,,,"-1656875244","62096","17218","[153,214,110,21,210,130,100,230]","True","False","gun_357mag_lodi.json","SEMI-AUTO","0.020000","11","-1465228544","33284","19249","[145,237,161,92,171,154,113,82]","True","False","0","3","False",,,,"0","assets/ui/inventory/render/inv_gun_lodi.png",,,,,,,,,"0","0","0","[0,0,0,0,0,0,0,0]","False","False","0","0","0","[0,0,0,0,0,0,0,0]","False","False","True","65","0.750000","-49.999958","0","","-1","gun_357mag_lodi.name","False",,"0.650000","1","0.120000","1377918081","37263","18696","[158,218,66,68,206,176,115,164]","True","False",,"0","40","0.100000","True","-545799497","64253","20024","[150,94,229,172,117,210,30,147]","True","False","","0.250000","0.775000","0","0","0","[0,0,0,0,0,0,0,0]","False","False","0.750000","SINGLE_ROUND","0","0","0","[0,0,0,0,0,0,0,0]","False","False","0","0","0","[0,0,0,0,0,0,0,0]","False","False","0.750000","True","False","","1","8","0","0","0","0","0","0","[0,0,0,0,0,0,0,0]","False","False","0","0","0","[0,0,0,0,0,0,0,0]","False","False","assets/pickups/weapons/gun_lodi.json","False","0.500000","0","assets/ui/inventory/render/inv_gun_lodi.png","[""MULTIPLY"",""SCREEN""]","False","0","assets/data/fx/wfx_357mag_lodi.json"
"2.000000","0.800000","15","assets/data/pickups/ammo/pkp_ammo_357mag.json","4","60","AMMOTYPE_BULLET","ARTILLERY_WEAPON","False",,,,,,,,,,,,,"12","0.600000","0","0.125000","0","assets/data/pickups/weapons/bullets/b_357mag.json","0","1","7","WEAPON","1052014697","36301","17366","[140,176,76,221,31,87,54,79]","True","False","0.070000","0","0.651000","0","0","0","[0,0,0,0,0,0,0,0]","False","False",,,,,,"1","gun_357mag_tezcatl.description","1423095803","5973","16695","[135,213,49,223,248,185,213,25]","True","False","0.225000","-1656875244","62096","17218","[153,214,110,21,210,130,100,230]","True","False","16",,,,,,,,,,,,,,,,,,,,,,,,,,,,,,,,,,,,,,,,,,,,,,,,,,,,,,,,,,,,"-1656875244","62096","17218","[153,214,110,21,210,130,100,230]","True","False","gun_357mag_tezcatl.json","BURST/AUTO","0","2","0","0","0","[0,0,0,0,0,0,0,0]","False","False","0","3","True",,,,"0.500000","assets/ui/inventory/render/inv_gun_m1carbine.png",,,,,,,,,"-6100963","36762","18168","[181,220,27,48,45,49,235,127]","True","False","0","0","0","[0,0,0,0,0,0,0,0]","False","False","True","45","0.400000","0","0","","90","gun_357mag_tezcatl.name","False",,"0.200000","1","0.120000","1377918081","37263","18696","[158,218,66,68,206,176,115,164]","True","False",,"0","40","1","False","60116200","32446","20256","[144,122,216,71,105,168,139,54]","True","False","","0.250000","1.750000","173657436","42737","18311","[173,125,203,83,211,158,126,116]","True","False","1.500000","MAGAZINE","-955080987","242","17727","[165,117,131,79,103,53,17,241]","True","False","0","0","0","[0,0,0,0,0,0,0,0]","False","False","5.500000","True","False","","1","12","0","0","0","0","0","0","[0,0,0,0,0,0,0,0]","False","False","0","0","0","[0,0,0,0,0,0,0,0]","False","False","assets/pickups/weapons/gun_m1c.json","True","0.330000","0","assets/ui/inventory/render/inv_gun_m1carbine.png","[""MULTIPLY"",""SCREEN""]","True","0","assets/data/fx/wfx_45acp_graxa.json"
"0.250000","0","6","assets/data/pickups/ammo/pkp_ammo_37mm_he_cannon.json","4","75","AMMOTYPE_BULLET","ARTILLERY_WEAPON","False",,,,,,,,,,,,,"6","1","0","0","0.800000","assets/data/pickups/weapons/bullets/b_37mm_he.json","0","1","4","WEAPON","0","0","0","[0,0,0,0,0,0,0,0]","False","False","0.850000","0","0.500000","0","0","0","[0,0,0,0,0,0,0,0]","False","False",,,,,,"1","gun_37mm_confessor.description","1423095803","5973","16695","[135,213,49,223,248,185,213,25]","True","False","0.500000","-1656875244","62096","17218","[153,214,110,21,210,130,100,230]","True","False","20",,,,,,,,,,,,,,,,,,,,,,,,,,,,,,,,,,,,,,,,,,,,,,,,,,,,,,,,,,,,"-1656875244","62096","17218","[153,214,110,21,210,130,100,230]","True","False","gun_37mm_confessor.json","SEMI-AUTO","0","33","-362820199","36238","16807","[135,42,109,55,132,147,90,204]","True","False","0","3","False",,,,"6","assets/ui/hud/HUD_tur_can_01.png",,,,,,,,,"0","0","0","[0,0,0,0,0,0,0,0]","False","False","0","0","0","[0,0,0,0,0,0,0,0]","False","False","True","90","0.150000","-45","0","","180","gun_37mm_confessor.name","False",,"1","1","0.120000","1377918081","37263","18696","[158,218,66,68,206,176,115,164]","True","False",,"0","50","49","False","0","0","0","[0,0,0,0,0,0,0,0]","False","False","","0.100000","0.900000","0","0","0","[0,0,0,0,0,0,0,0]","False","False","1","MAGAZINE","0","0","0","[0,0,0,0,0,0,0,0]","False","False","0","0","0","[0,0,0,0,0,0,0,0]","False","False","6","True","False","","1","71","0","0","0","0","0","0","[0,0,0,0,0,0,0,0]","False","False","0","0","0","[0,0,0,0,0,0,0,0]","False","False","assets/pickups/weapons/cannon_tur.json","False","0.250000","0","assets/ui/hud/HUD_tur_can_01.png","[""MULTIPLY"",""SCREEN""]","False","500","assets/data/fx/wfx_37mm_confessor.json"
"0.250000","0.700000","6","assets/data/pickups/ammo/pkp_ammo_37mm_beanbag.json","4","18","AMMOTYPE_BULLET","ARTILLERY_WEAPON","False",,,,,,,,,,,,,"10.999998","0.350000","0","0","0.450000","assets/data/pickups/weapons/bullets/b_37mm_beanbag.json","0","1","2","WEAPON","0","0","0","[0,0,0,0,0,0,0,0]","False","False","0.650000","0.200000","0.500000","0","0","0","[0,0,0,0,0,0,0,0]","False","False",,,,,,"0.400000","gun_37mm_sandbagger.description","1423095803","5973","16695","[135,213,49,223,248,185,213,25]","True","False","0.500000","-1656875244","62096","17218","[153,214,110,21,210,130,100,230]","True","False","-1",,,,,,,,,,,,,,,,,,,,,,,,,,,,,,,,,,,,,,,,,,,,,,,,,,,,,,,,,,,,"-1656875244","62096","17218","[153,214,110,21,210,130,100,230]","True","False","gun_37mm_sandbagger.json","SEMI-AUTO","1","5","-461955375","36754","20422","[159,241,202,86,144,71,63,7]","True","False","6","3","False",,,,"1","assets/ui/inventory/render/inv_gun_sandbagger.png",,,,,,,,,"0","0","0","[0,0,0,0,0,0,0,0]","False","False","0","0","0","[0,0,0,0,0,0,0,0]","False","False","True","180","0.100000","0","10","","-1","gun_37mm_sandbagger.name","False",,"0.500000","1","0.120000","1377918081","37263","18696","[158,218,66,68,206,176,115,164]","True","False",,"0","11","2","True","780966319","57636","16495","[142,172,178,163,60,140,46,189]","True","False","","0.100000","0.900000","606135825","42618","18552","[148,218,105,37,194,250,222,190]","True","False","1","SINGLE_ROUND","0","0","0","[0,0,0,0,0,0,0,0]","False","False","0","0","0","[0,0,0,0,0,0,0,0]","False","False","1.100000","True","False","","1","13","0","0","0.010000","0","0","0","[0,0,0,0,0,0,0,0]","False","False","0","0","0","[0,0,0,0,0,0,0,0]","False","False","assets/pickups/weapons/gun_sandbagger.json","False","0.400000","0","assets/ui/inventory/render/inv_gun_sandbagger.png","[""MULTIPLY"",""SCREEN""]","False","30","assets/data/fx/wfx_37mm_sandbagger.json"
"0","0","25","assets/data/pickups/ammo/pkp_ammo_37mm_ap_rocket.json","4","75","AMMOTYPE_BULLET","ARTILLERY_WEAPON","False",,,,,,,,,,,,,"0","0","0","0","0","assets/data/pickups/weapons/bullets/b_37mm_ap_rocket.json","0.080000","5","50","WEAPON","0","0","0","[0,0,0,0,0,0,0,0]","False","False","4","0","0.500000","0","0","0","[0,0,0,0,0,0,0,0]","False","False",,,,,,"1","gun_37mm_topattackrocket.description","1423095803","5973","16695","[135,213,49,223,248,185,213,25]","True","False","0.500000","-1656875244","62096","17218","[153,214,110,21,210,130,100,230]","True","False","50",,,,,,,,,,,,,,,,,,,,,,,,,,,,,,,,,,,,,,,,,,,,,,,,,,,,,,,,,,,,"-1656875244","62096","17218","[153,214,110,21,210,130,100,230]","True","False","gun_37mm_topattackrocket.json","SEMI-AUTO","0.300000","0","0","0","0","[0,0,0,0,0,0,0,0]","False","False","0","3","False",,,,"0","assets/ui/hud/HUD_sml_can_01.png",,,,,,,,,"0","0","0","[0,0,0,0,0,0,0,0]","False","False","0","0","0","[0,0,0,0,0,0,0,0]","False","False","False","0","0","-45","0","","100","gun_37mm_topattackrocket.name","False",,"1","1","0.120000","1377918081","37263","18696","[158,218,66,68,206,176,115,164]","True","False",,"0","100","4","False","0","0","0","[0,0,0,0,0,0,0,0]","False","False","","0.100000","0.900000","0","0","0","[0,0,0,0,0,0,0,0]","False","False","1","MAGAZINE","0","0","0","[0,0,0,0,0,0,0,0]","False","False","0","0","0","[0,0,0,0,0,0,0,0]","False","False","1","True","False","","1","0","0","0","0","0","0","0","[0,0,0,0,0,0,0,0]","False","False","0","0","0","[0,0,0,0,0,0,0,0]","False","False","assets/pickups/weapons/gun_thumper.json","False","2.500000","0","assets/ui/hud/HUD_sml_can_01.png","[""MULTIPLY"",""SCREEN""]","False","500","assets/data/fx/wfx_flame_small_01.json"
"0.650000","0.700000","30","assets/data/pickups/ammo/pkp_ammo_40mm_he.json","4","60","AMMOTYPE_BULLET","ARTILLERY_WEAPON","False",,,,,,,,,,,,,"12","0.600000","0","0","0.700000","assets/data/pickups/weapons/bullets/b_40mm_he.json","0","1","6","WEAPON","0","0","0","[0,0,0,0,0,0,0,0]","False","False","0.600000","0","0.500000","0","0","0","[0,0,0,0,0,0,0,0]","False","False",,,,,,"0.400000","gun_40mm_bigslug.description","1423095803","5973","16695","[135,213,49,223,248,185,213,25]","True","False","0.500000","-1656875244","62096","17218","[153,214,110,21,210,130,100,230]","True","False","-1",,,,,,,,,,,,,,,,,,,,,,,,,,,,,,,,,,,,,,,,,,,,,,,,,,,,,,,,,,,,"-1656875244","62096","17218","[153,214,110,21,210,130,100,230]","True","False","gun_40mm_bigslug.json","BURST/AUTO","1","9","-853312180","38452","18124","[156,104,140,106,174,241,8,218]","True","False","6","3","False",,,,"4","assets/ui/inventory/render/inv_gun_bigslug.png",,,,,,,,,"0","0","0","[0,0,0,0,0,0,0,0]","False","False","0","0","0","[0,0,0,0,0,0,0,0]","False","False","True","180","0.100000","0","10","","-1","gun_40mm_bigslug.name","False",,"0.200000","1","0.120000","1377918081","37263","18696","[158,218,66,68,206,176,115,164]","True","False",,"0","60","4","False","-1476017363","24947","18520","[147,130,218,83,141,73,110,197]","True","False","","0.100000","0.900000","1532201229","11715","16607","[153,104,235,18,241,224,240,115]","True","False","1","MAGAZINE","0","0","0","[0,0,0,0,0,0,0,0]","False","False","0","0","0","[0,0,0,0,0,0,0,0]","False","False","6","True","False","","1","59","0","0","0","0","0","0","[0,0,0,0,0,0,0,0]","False","False","0","0","0","[0,0,0,0,0,0,0,0]","False","False","assets/pickups/weapons/gun_thumper.json","False","0.400000","0","assets/ui/inventory/render/inv_gun_bigslug.png","[""MULTIPLY"",""SCREEN""]","False","90","assets/data/fx/wfx_40mm_thumper.json"
"0.250000","0.700000","6","assets/data/pickups/ammo/pkp_ammo_40mm_hedp.json","4","75","AMMOTYPE_BULLET","ARTILLERY_WEAPON","False",,,,,,,,,,,,,"12","2.200000","0","1","0","assets/data/pickups/weapons/bullets/b_40mm_hedp.json","0","1","8","WEAPON","0","0","0","[0,0,0,0,0,0,0,0]","False","False","0.480000","0","0.500000","0","0","0","[0,0,0,0,0,0,0,0]","False","False",,,,,,"1","gun_40mm_duchess.description","1423095803","5973","16695","[135,213,49,223,248,185,213,25]","True","False","0.500000","-1656875244","62096","17218","[153,214,110,21,210,130,100,230]","True","False","24",,,,,,,,,,,,,,,,,,,,,,,,,,,,,,,,,,,,,,,,,,,,,,,,,,,,,,,,,,,,"-1656875244","62096","17218","[153,214,110,21,210,130,100,230]","True","False","gun_40mm_duchess.json","SEMI-AUTO","0","0","2076798989","20763","18003","[149,59,66,29,53,76,134,230]","True","False","0","3","False",,,,"6","assets/ui/hud/HUD_main_mg_01.png",,,,,,,,,"0","0","0","[0,0,0,0,0,0,0,0]","False","False","0","0","0","[0,0,0,0,0,0,0,0]","False","False","True","60","0.100000","-45","0","","180","gun_40mm_duchess.name","False",,"0.350000","1","0.120000","1377918081","37263","18696","[158,218,66,68,206,176,115,164]","True","False",,"0","70","10000","False","0","0","0","[0,0,0,0,0,0,0,0]","False","False","","0.100000","0.900000","0","0","0","[0,0,0,0,0,0,0,0]","False","False","1","MAGAZINE","0","0","0","[0,0,0,0,0,0,0,0]","False","False","0","0","0","[0,0,0,0,0,0,0,0]","False","False","3","True","False","","1","271","0","0","0","0","0","0","[0,0,0,0,0,0,0,0]","False","False","0","0","0","[0,0,0,0,0,0,0,0]","False","False","assets/pickups/weapons/temp_main.json","False","0.500000","0","assets/ui/hud/HUD_main_mg_01.png","[""MULTIPLY"",""SCREEN""]","False","500","assets/data/fx/wfx_mg_main_01.json"
"0.650000","0.700000","6","assets/data/pickups/ammo/pkp_ammo_40mm_he.json","4","18","AMMOTYPE_BULLET","ARTILLERY_WEAPON","False",,,,,,,,,,,,,"12","0.350000","0","0","0.550000","assets/data/pickups/weapons/bullets/b_40mm_he.json","0","1","2","WEAPON","-955080987","242","17727","[165,117,131,79,103,53,17,241]","True","False","1.250000","0.250000","0.500000","0","0","0","[0,0,0,0,0,0,0,0]","False","False",,,,,,"0.400000","gun_40mm_milkman.description","1423095803","5973","16695","[135,213,49,223,248,185,213,25]","True","False","0.500000","-1656875244","62096","17218","[153,214,110,21,210,130,100,230]","True","False","-1",,,,,,,,,,,,,,,,,,,,,,,,,,,,,,,,,,,,,,,,,,,,,,,,,,,,,,,,,,,,"-1656875244","62096","17218","[153,214,110,21,210,130,100,230]","True","False","gun_40mm_milkman.json","SEMI-AUTO","1","5","932989396","44191","17441","[152,105,109,99,177,9,8,124]","True","False","6","3","False",,,,"2","assets/ui/inventory/render/inv_gun_milkman.png",,,,,,,,,"0","0","0","[0,0,0,0,0,0,0,0]","False","False","0","0","0","[0,0,0,0,0,0,0,0]","False","False","True","180","0.100000","0","10","","-1","gun_40mm_milkman.name","False",,"0.900000","1","0.120000","1377918081","37263","18696","[158,218,66,68,206,176,115,164]","True","False",,"0","40","2","True","780966319","57636","16495","[142,172,178,163,60,140,46,189]","True","False","","0.100000","0.900000","0","0","0","[0,0,0,0,0,0,0,0]","False","False","1","SINGLE_ROUND","0","0","0","[0,0,0,0,0,0,0,0]","False","False","0","0","0","[0,0,0,0,0,0,0,0]","False","False","1.500000","True","False","","1","13","0","0","0","0","0","0","[0,0,0,0,0,0,0,0]","False","False","0","0","0","[0,0,0,0,0,0,0,0]","False","False","assets/pickups/weapons/gun_milkman.json","False","0.400000","0","assets/ui/inventory/render/inv_gun_milkman.png","[""MULTIPLY"",""SCREEN""]","False","30","assets/data/fx/wfx_40mm_thumper.json"
"0.650000","0.550000","1","assets/data/pickups/ammo/pkp_ammo_40mm_he.json","4","1","AMMOTYPE_BULLET","ARTILLERY_WEAPON","False",,,,,,,,,,,,,"12","0.250000","0","0","0.700000","assets/data/pickups/weapons/bullets/b_40mm_he.json","0","1","2","WEAPON","0","0","0","[0,0,0,0,0,0,0,0]","False","False","1","0","0.651000","0","0","0","[0,0,0,0,0,0,0,0]","False","False",,,,,,"0.400000","gun_40mm_thumper.description","1423095803","5973","16695","[135,213,49,223,248,185,213,25]","True","False","0.500000","-1656875244","62096","17218","[153,214,110,21,210,130,100,230]","True","False","12",,,,,,,,,,,,,,,,,,,,,,,,,,,,,,,,,,,,,,,,,,,,,,,,,,,,,,,,,,,,"-1656875244","62096","17218","[153,214,110,21,210,130,100,230]","True","False","gun_40mm_thumper.json","SEMI-AUTO","1","5","-927225353","16795","18057","[151,94,197,1,17,81,251,140]","True","False","10","1","False",,,,"0","assets/ui/inventory/render/inv_gun_thumper.png",,,,,,,,,"0","0","0","[0,0,0,0,0,0,0,0]","False","False","0","0","0","[0,0,0,0,0,0,0,0]","False","False","True","60","0.100000","0","10","","-1","gun_40mm_thumper.name","False",,"0.200000","1","0.120000","1377918081","37263","18696","[158,218,66,68,206,176,115,164]","True","False",,"0","40","2","True","780966319","57636","16495","[142,172,178,163,60,140,46,189]","True","False","","1","2","173657436","42737","18311","[173,125,203,83,211,158,126,116]","True","False","0","MAGAZINE","-955080987","242","17727","[165,117,131,79,103,53,17,241]","True","False","0","0","0","[0,0,0,0,0,0,0,0]","False","False","4","True","False","","1","3","0","0","0","0","0","0","[0,0,0,0,0,0,0,0]","False","False","0","0","0","[0,0,0,0,0,0,0,0]","False","False","assets/pickups/weapons/gun_thumper.json","False","0.330000","0","assets/ui/inventory/render/inv_gun_thumper.png","[""MULTIPLY"",""SCREEN""]","False","1","assets/data/fx/wfx_40mm_thumper.json"
"3","0.200000","4","assets/data/pickups/ammo/pkp_ammo_44mm_beehive.json","4","8","AMMOTYPE_BULLET","ARTILLERY_WEAPON","False",,,,,,,,,,,,,"13.999998","0.700000","0","0","0.300000","assets/data/pickups/weapons/bullets/b_44mm_beehive.json","0","1","1","WEAPON","0","0","0","[0,0,0,0,0,0,0,0]","False","False","0.400000","0","0.500000","0","0","0","[0,0,0,0,0,0,0,0]","False","False",,,,,,"1","gun_44mm_nematode.description","1423095803","5973","16695","[135,213,49,223,248,185,213,25]","True","False","0.500000","-1656875244","62096","17218","[153,214,110,21,210,130,100,230]","True","False","9",,,,,,,,,,,,,,,,,,,,,,,,,,,,,,,,,,,,,,,,,,,,,,,,,,,,,,,,,,,,"-1656875244","62096","17218","[153,214,110,21,210,130,100,230]","True","False","gun_44mm_nematode.json","SEMI-AUTO","0","14","657933775","7367","18521","[182,155,214,119,143,95,193,10]","True","False","0","3","False",,,,"4","assets/ui/hud/HUD_sml_can_01.png",,,,,,,,,"0","0","0","[0,0,0,0,0,0,0,0]","False","False","0","0","0","[0,0,0,0,0,0,0,0]","False","False","True","90","1.000000","-49.999992","0","","140","gun_44mm_nematode.name","False",,"0.250000","1","0.120000","1377918081","37263","18696","[158,218,66,68,206,176,115,164]","True","False",,"0","100","40","False","0","0","0","[0,0,0,0,0,0,0,0]","False","False","","0.100000","0.900000","0","0","0","[0,0,0,0,0,0,0,0]","False","False","1","MAGAZINE","0","0","0","[0,0,0,0,0,0,0,0]","False","False","0","0","0","[0,0,0,0,0,0,0,0]","False","False","3.300000","True","False","","1","64","0","0","0","0","0","0","[0,0,0,0,0,0,0,0]","False","False","0","0","0","[0,0,0,0,0,0,0,0]","False","False","assets/pickups/weapons/gun_thumper.json","False","0.250000","0","assets/ui/hud/HUD_sml_can_01.png","[""MULTIPLY"",""SCREEN""]","False","16","assets/data/fx/wfx_12ga_tet.json"
"1.500000","0.250000","7","assets/data/pickups/ammo/pkp_ammo_45acp_fmj.json","4","21","AMMOTYPE_BULLET","ARTILLERY_WEAPON","False",,,,,,,,,,,,,"5.000000","1","0","0.300000","0","assets/data/pickups/weapons/bullets/b_45acp_fmj.json","0","1","2","WEAPON","1052014697","36301","17366","[140,176,76,221,31,87,54,79]","True","False","0.275000","0.500000","0.651000","0","0","0","[0,0,0,0,0,0,0,0]","False","False",,,,,,"1","gun_45acp_drobac.description","1423095803","5973","16695","[135,213,49,223,248,185,213,25]","True","False","0.500000","-1656875244","62096","17218","[153,214,110,21,210,130,100,230]","True","False","12",,,,,,,,,,,,,,,,,,,,,,,,,,,,,,,,,,,,,,,,,,,,,,,,,,,,,,,,,,,,"-1656875244","62096","17218","[153,214,110,21,210,130,100,230]","True","False","gun_45acp_drobac.json","SEMI-AUTO","0.020000","9","-1547542653","4276","16657","[181,91,112,50,22,8,113,29]","True","False","0","3","True",,,,"0","assets/ui/inventory/render/inv_gun_drobac.png",,,,,,,,,"0","0","0","[0,0,0,0,0,0,0,0]","False","False","0","0","0","[0,0,0,0,0,0,0,0]","False","False","True","45","1.500000","-49.999992","0","","-1","gun_45acp_drobac.name","False",,"0.135000","1","0.120000","1377918081","37263","18696","[158,218,66,68,206,176,115,164]","True","False",,"0","40","0.100000","True","-955080987","242","17727","[165,117,131,79,103,53,17,241]","True","False","","0.250000","0.775000","173657436","42737","18311","[173,125,203,83,211,158,126,116]","True","False","0.750000","MAGAZINE","-955080987","242","17727","[165,117,131,79,103,53,17,241]","True","False","0","0","0","[0,0,0,0,0,0,0,0]","False","False","1.500000","True","False","","1","5","0","0","0","0","0","0","[0,0,0,0,0,0,0,0]","False","False","0","0","0","[0,0,0,0,0,0,0,0]","False","False","assets/pickups/weapons/gun_drobac.json","False","0.330000","0","assets/ui/inventory/render/inv_gun_drobac.png","[""MULTIPLY"",""SCREEN""]","False","0","assets/data/fx/wfx_45acp_drobac.json"
"0.500000","0.600000","11","assets/data/pickups/ammo/pkp_ammo_45acp_fmj.json","4","100","AMMOTYPE_BULLET","ARTILLERY_WEAPON","False",,,,,,,,,,,,,"6","0.650000","0","0.150000","0","assets/data/pickups/weapons/bullets/b_45acp_fragmenting.json","0","1","6","WEAPON","1052014697","36301","17366","[140,176,76,221,31,87,54,79]","True","False","1.100000","0","0.750000","1052014697","36301","17366","[140,176,76,221,31,87,54,79]","True","False",,,,,,"1","gun_45acp_duiker.description","1423095803","5973","16695","[135,213,49,223,248,185,213,25]","True","False","0.500000","-1656875244","62096","17218","[153,214,110,21,210,130,100,230]","True","False","16",,,,,,,,,,,,,,,,,,,,,,,,,,,,,,,,,,,,,,,,,,,,,,,,,,,,,,,,,,,,"-1656875244","62096","17218","[153,214,110,21,210,130,100,230]","True","False","gun_45acp_duiker.json","SEMI-AUTO","0","1","182800822","56012","17491","[136,149,224,51,98,253,226,22]","True","False","0","3","True",,,,"-1","assets/ui/inventory/render/inv_gun_duiker.png",,,,,,,,,"0","0","0","[0,0,0,0,0,0,0,0]","False","False","0","0","0","[0,0,0,0,0,0,0,0]","False","False","True","45","0","-49.999992","0","","-1","gun_45acp_duiker.name","False",,"0.660000","1","0.120000","1377918081","37263","18696","[158,218,66,68,206,176,115,164]","True","False",,"0","40","0","False","-955080987","242","17727","[165,117,131,79,103,53,17,241]","True","False","","0.250000","1.750000","173657436","42737","18311","[173,125,203,83,211,158,126,116]","True","False","1.500000","MAGAZINE","-955080987","242","17727","[165,117,131,79,103,53,17,241]","True","False","0","0","0","[0,0,0,0,0,0,0,0]","False","False","3","True","False","","1","9","0","0","0","0","0","0","[0,0,0,0,0,0,0,0]","False","False","0","0","0","[0,0,0,0,0,0,0,0]","False","False","assets/pickups/weapons/gun_duiker.json","True","0.330000","0","assets/ui/inventory/render/inv_gun_duiker.png","[""MULTIPLY"",""SCREEN""]","False","132","assets/data/fx/wfx_45acp_duiker.json"
"1.200000","0","30","assets/data/pickups/ammo/pkp_ammo_45acp_fmj.json","4","60","AMMOTYPE_BULLET","ARTILLERY_WEAPON","False",,,,,,,,,,,,,"8.000000","2.200000","0","0.275000","0","assets/data/pickups/weapons/bullets/b_45acp_fmj.json","0","1","0","WEAPON","1052014697","36301","17366","[140,176,76,221,31,87,54,79]","True","False","0.110000","0","0.651000","0","0","0","[0,0,0,0,0,0,0,0]","False","False",,,,,,"1","gun_45acp_graxa.description","1423095803","5973","16695","[135,213,49,223,248,185,213,25]","True","False","0.225000","-1656875244","62096","17218","[153,214,110,21,210,130,100,230]","True","False","9",,,,,,,,,,,,,,,,,,,,,,,,,,,,,,,,,,,,,,,,,,,,,,,,,,,,,,,,,,,,"-1656875244","62096","17218","[153,214,110,21,210,130,100,230]","True","False","gun_45acp_graxa.json","BURST/AUTO","0.010000","2","0","0","0","[0,0,0,0,0,0,0,0]","False","False","0","3","False",,,,"0","assets/ui/inventory/render/inv_gun_senorgraxa.png",,,,,,,,,"-6100963","36762","18168","[181,220,27,48,45,49,235,127]","True","False","0","0","0","[0,0,0,0,0,0,0,0]","False","False","True","45","0.660000","0","0","","-1","gun_45acp_graxa.name","False",,"0.200000","1","0.120000","1377918081","37263","18696","[158,218,66,68,206,176,115,164]","True","False",,"0","40","0","False","60116200","32446","20256","[144,122,216,71,105,168,139,54]","True","False","","0.250000","1.750000","173657436","42737","18311","[173,125,203,83,211,158,126,116]","True","False","1.500000","MAGAZINE","-955080987","242","17727","[165,117,131,79,103,53,17,241]","True","False","0","0","0","[0,0,0,0,0,0,0,0]","False","False","3","True","False","","1","9","0","0","0","0","0","0","[0,0,0,0,0,0,0,0]","False","False","0","0","0","[0,0,0,0,0,0,0,0]","False","False","assets/pickups/weapons/gun_graxa.json","True","0.330000","0","assets/ui/inventory/render/inv_gun_senorgraxa.png","[""MULTIPLY"",""SCREEN""]","True","0","assets/data/fx/wfx_45acp_graxa.json"
"3","0.200000","1","assets/data/pickups/ammo/pkp_ammo_45acp_fmj.json","4","1","AMMOTYPE_BULLET","ARTILLERY_WEAPON","False",,,,,,,,,,,,,"8.000000","1","0","0","0.600000","assets/data/pickups/weapons/bullets/b_45acp_fmj.json","0","1","0","WEAPON","-955080987","242","17727","[165,117,131,79,103,53,17,241]","True","False","1","0","0.500000","0","0","0","[0,0,0,0,0,0,0,0]","False","False",,,,,,"1","gun_45acp_libertador.description","1423095803","5973","16695","[135,213,49,223,248,185,213,25]","True","False","0.500000","-1656875244","62096","17218","[153,214,110,21,210,130,100,230]","True","False","2",,,,,,,,,,,,,,,,,,,,,,,,,,,,,,,,,,,,,,,,,,,,,,,,,,,,,,,,,,,,"0","0","0","[0,0,0,0,0,0,0,0]","False","False","gun_45acp_libertador.json","SEMI-AUTO","0","4","-1206710454","7644","17948","[136,20,144,156,64,240,178,36]","True","False","0","3","False",,,,"-2","assets/ui/inventory/render/inv_gun_libertador.png",,,,,,,,,"0","0","0","[0,0,0,0,0,0,0,0]","False","False","0","0","0","[0,0,0,0,0,0,0,0]","False","False","True","30","1.250000","-49.999992","0","","-1","gun_45acp_libertador.name","False",,"1","1","0.120000","1377918081","37263","18696","[158,218,66,68,206,176,115,164]","True","False",,"999999","100","0","True","-545799497","64253","20024","[150,94,229,172,117,210,30,147]","True","False","","0.100000","3","173657436","42737","18311","[173,125,203,83,211,158,126,116]","True","False","1","MAGAZINE","0","0","0","[0,0,0,0,0,0,0,0]","False","False","0","0","0","[0,0,0,0,0,0,0,0]","False","False","6.600000","True","False","","1","2","0","0","0","0","0","0","[0,0,0,0,0,0,0,0]","False","False","0","0","0","[0,0,0,0,0,0,0,0]","False","False","assets/pickups/weapons/gun_libertador.json","False","0.100000","0","assets/ui/inventory/render/inv_gun_libertador.png","[""MULTIPLY"",""SCREEN""]","False","1","assets/data/fx/wfx_357mag_hilfmir.json"
"1.500000","0.200000","5","assets/data/pickups/ammo/pkp_ammo_45acp_fmj.json","4","6","AMMOTYPE_BULLET","ARTILLERY_WEAPON","False",,,,,,,,,,,,,"6","1.300000","0","0.400000","0","assets/data/pickups/weapons/bullets/b_45acp_fmj.json","0","1","0.500000","WEAPON","173657436","42737","18311","[173,125,203,83,211,158,126,116]","True","False","0.250000","0.100000","0.651000","0","0","0","[0,0,0,0,0,0,0,0]","False","False",,,,,,"1","gun_45acp_oxhorniv.description","1423095803","5973","16695","[135,213,49,223,248,185,213,25]","True","False","0.225000","-1656875244","62096","17218","[153,214,110,21,210,130,100,230]","True","False","10",,,,,,,,,,,,,,,,,,,,,,,,,,,,,,,,,,,,,,,,,,,,,,,,,,,,,,,,,,,,"-1656875244","62096","17218","[153,214,110,21,210,130,100,230]","True","False","gun_45acp_oxhorniv.json","SEMI-AUTO","0.020000","7","-1547542653","4276","16657","[181,91,112,50,22,8,113,29]","True","False","0","3","False",,,,"-0.500000","assets/ui/inventory/render/inv_gun_oxhorniv.png",,,,,,,,,"0","0","0","[0,0,0,0,0,0,0,0]","False","False","0","0","0","[0,0,0,0,0,0,0,0]","False","False","True","45","1.500000","-49.999958","0","[{""angular_velocity"":0,""rotation_width"":0,""socket"":""ejector"",""hidden_when_mounted"":false,""hidden_when_occluded"":false,""sprite"":"""",""free_floating"":false,""weapon_group"":4},{""angular_velocity"":0,""rotation_width"":0,""socket"":""muzzle_vfx"",""hidden_when_mounted"":false,""hidden_when_occluded"":false,""sprite"":"""",""free_floating"":false,""weapon_group"":4},{""angular_velocity"":0,""rotation_width"":0,""socket"":""muzzle"",""hidden_when_mounted"":false,""hidden_when_occluded"":false,""sprite"":"""",""free_floating"":false,""weapon_group"":4},{""angular_velocity"":0,""rotation_width"":0,""socket"":""offset"",""hidden_when_mounted"":false,""hidden_when_occluded"":false,""sprite"":"""",""free_floating"":false,""weapon_group"":4}]","60","gun_45acp_oxhorniv.name","False",,"0.200000","1","0.120000","1377918081","37263","18696","[158,218,66,68,206,176,115,164]","True","False",,"0","40","1","True","-181921828","37716","17988","[136,209,219,9,89,251,171,109]","True","False","","0.150000","0.300000","606135825","42618","18552","[148,218,105,37,194,250,222,190]","True","False","0.500000","SINGLE_ROUND","0","0","0","[0,0,0,0,0,0,0,0]","False","False","0","0","0","[0,0,0,0,0,0,0,0]","False","False","0.450000","True","False","","1","3","0","0","0","0","0","0","[0,0,0,0,0,0,0,0]","False","False","0","0","0","[0,0,0,0,0,0,0,0]","False","False","assets/pickups/weapons/gun_oxhorniv.json","False","0.330000","0","assets/ui/inventory/render/inv_gun_oxhorniv.png","[""MULTIPLY"",""SCREEN""]","False","0","assets/data/fx/wfx_357mag_hilfmir.json"
"0.900000","0.200000","2","assets/data/pickups/ammo/pkp_ammo_4ga_pellet.json","4","2","AMMOTYPE_BULLET","ARTILLERY_WEAPON","False",,,,,,,,,,,,,"6.999999","1","0","0.550000","0","assets/data/pickups/weapons/bullets/b_4ga_pellet.json","0","1","0","WEAPON","-955080987","242","17727","[165,117,131,79,103,53,17,241]","True","False","0.300000","0","0.320000","0","0","0","[0,0,0,0,0,0,0,0]","False","False",,,,,,"1","gun_4ga_mercy.description","1423095803","5973","16695","[135,213,49,223,248,185,213,25]","True","False","0.500000","-1656875244","62096","17218","[153,214,110,21,210,130,100,230]","True","False","7",,,,,,,,,,,,,,,,,,,,,,,,,,,,,,,,,,,,,,,,,,,,,,,,,,,,,,,,,,,,"-1656875244","62096","17218","[153,214,110,21,210,130,100,230]","True","False","gun_4ga_mercy.json","SEMI-AUTO","0.300000","8","716482821","57586","17963","[130,102,96,250,159,148,5,232]","True","False","0","3","False",,,,"0","assets/ui/inventory/render/inv_gun_mercy.png",,,,,,,,,"0","0","0","[0,0,0,0,0,0,0,0]","False","False","0","0","0","[0,0,0,0,0,0,0,0]","False","False","True","45","0.900000","-49.999958","0","","-1","gun_4ga_mercy.name","False",,"0.050000","1","0.120000","1377918081","37263","18696","[158,218,66,68,206,176,115,164]","True","False",,"0","40","7","True","473155621","28116","19643","[171,169,8,117,4,101,25,116]","True","False","","0.150000","0.900000","0","0","0","[0,0,0,0,0,0,0,0]","False","False","0.650000","SINGLE_ROUND","60116200","32446","20256","[144,122,216,71,105,168,139,54]","True","False","1532201229","11715","16607","[153,104,235,18,241,224,240,115]","True","False","1.150000","True","False","","1","8","0","0","0","0","0","0","[0,0,0,0,0,0,0,0]","False","False","0","0","0","[0,0,0,0,0,0,0,0]","False","False","assets/pickups/weapons/gun_mercy.json","False","0.150000","0","assets/ui/inventory/render/inv_gun_mercy.png","[""MULTIPLY"",""SCREEN""]","False","0","assets/data/fx/wfx_4ga_mercy.json"
"0.900000","0.200000","4","assets/data/pickups/ammo/pkp_ammo_4ga_pellet.json","4","10","AMMOTYPE_BULLET","ARTILLERY_WEAPON","False",,,,,,,,,,,,,"7.000000","1","0","0.550000","0","assets/data/pickups/weapons/bullets/b_4ga_pellet_narrow.json","0","1","0","WEAPON","1052014697","36301","17366","[140,176,76,221,31,87,54,79]","True","False","0.500000","0.250000","0.500000","0","0","0","[0,0,0,0,0,0,0,0]","False","False",,,,,,"1","gun_4ga_sipho.description","1423095803","5973","16695","[135,213,49,223,248,185,213,25]","True","False","0.500000","-1656875244","62096","17218","[153,214,110,21,210,130,100,230]","True","False","8",,,,,,,,,,,,,,,,,,,,,,,,,,,,,,,,,,,,,,,,,,,,,,,,,,,,,,,,,,,,"-1656875244","62096","17218","[153,214,110,21,210,130,100,230]","True","False","gun_4ga_sipho.json","SEMI-AUTO","0.300000","12","-607806659","3983","16390","[174,19,141,75,63,79,165,232]","True","False","0","3","True",,,,"1.500000","assets/ui/inventory/render/inv_gun_sipho.png",,,,,,,,,"0","0","0","[0,0,0,0,0,0,0,0]","False","False","0","0","0","[0,0,0,0,0,0,0,0]","False","False","True","45","0.900000","-49.999992","0","","-1","gun_4ga_sipho.name","False",,"0.250000","1","0.120000","1377918081","37263","18696","[158,218,66,68,206,176,115,164]","True","False",,"0","40","4","False","0","0","0","[0,0,0,0,0,0,0,0]","False","False","","0.100000","0.900000","173657436","42737","18311","[173,125,203,83,211,158,126,116]","True","False","1","MAGAZINE","-955080987","242","17727","[165,117,131,79,103,53,17,241]","True","False","-1057198600","18069","18198","[144,179,241,59,1,71,237,232]","True","False","1.750000","True","False","","1","23","0","0","0","0","0","0","[0,0,0,0,0,0,0,0]","False","False","0","0","0","[0,0,0,0,0,0,0,0]","False","False","assets/pickups/weapons/gun_sipho.json","False","0.250000","0","assets/ui/inventory/render/inv_gun_sipho.png","[""MULTIPLY"",""SCREEN""]","False","0","assets/data/fx/wfx_4ga_sipho.json"
"2.000000","0.750000","100","assets/data/pickups/ammo/pkp_ammo_50bmg_fmj.json","4","200","AMMOTYPE_BULLET","ARTILLERY_WEAPON","False",,,,,,,,,,,,,"13.999998","0.850000","0","0.250000","0","assets/data/pickups/weapons/bullets/b_50bmg-cut_fmj.json","0","1","4","WEAPON","0","0","0","[0,0,0,0,0,0,0,0]","False","False","0.140000","0","0.651000","0","0","0","[0,0,0,0,0,0,0,0]","False","False",,,,,,"1.500000","gun_50bmg_cutfifty.description","1423095803","5973","16695","[135,213,49,223,248,185,213,25]","True","False","0.500000","-1656875244","62096","17218","[153,214,110,21,210,130,100,230]","True","False","-1",,,,,,,,,,,,,,,,,,,,,,,,,,,,,,,,,,,,,,,,,,,,,,,,,,,,,,,,,,,,"-1656875244","62096","17218","[153,214,110,21,210,130,100,230]","True","False","gun_50bmg_cutfifty.json","BURST/AUTO","0.350000","20","0","0","0","[0,0,0,0,0,0,0,0]","False","False","0","3","True",,,,"1","assets/ui/inventory/render/inv_gun_cutfifty.png",,,,,,,,,"-264380617","20574","17001","[153,41,151,126,180,131,211,149]","True","False","0","0","0","[0,0,0,0,0,0,0,0]","False","False","True","60","2.000000","-49.999958","0","","-1","gun_50bmg_cutfifty.name","False",,"0.200000","1","0.120000","1377918081","37263","18696","[158,218,66,68,206,176,115,164]","True","False",,"0","40","100","False","-1476017363","24947","18520","[147,130,218,83,141,73,110,197]","True","False","","2","4","173657436","42737","18311","[173,125,203,83,211,158,126,116]","True","False","0.225000","MAGAZINE","1052014697","36301","17366","[140,176,76,221,31,87,54,79]","True","False","-1057198600","18069","18198","[144,179,241,59,1,71,237,232]","True","False","6","True","False","","1","30","0","0","0","0","0","0","[0,0,0,0,0,0,0,0]","False","False","0","0","0","[0,0,0,0,0,0,0,0]","False","False","assets/pickups/weapons/gun_cut50.json","False","1","0","assets/ui/inventory/render/inv_gun_cutfifty.png","[""MULTIPLY"",""SCREEN""]","True","0","assets/data/fx/wfx_50bmg_cutfifty.json"
"0.500000","0.600000","36","assets/data/pickups/ammo/pkp_ammo_50bmg_fmj.json","4","72","AMMOTYPE_BULLET","ARTILLERY_WEAPON","False",,,,,,,,,,,,,"12","0.600000","0","0.135000","0","assets/data/pickups/weapons/bullets/b_50bmg_fmj.json","0.025000","6","4","WEAPON","0","0","0","[0,0,0,0,0,0,0,0]","False","False","2.200000","0","0.500000","122696736","50309","18588","[138,38,145,168,46,242,73,48]","True","False",,,,,,"1","gun_50bmg_kursi.description","1423095803","5973","16695","[135,213,49,223,248,185,213,25]","True","False","0.500000","-1656875244","62096","17218","[153,214,110,21,210,130,100,230]","True","False","50",,,,,,,,,,,,,,,,,,,,,,,,,,,,,,,,,,,,,,,,,,,,,,,,,,,,,,,,,,,,"-1656875244","62096","17218","[153,214,110,21,210,130,100,230]","True","False","gun_50bmg_kursi.json","SEMI-AUTO","0","0","-1921336622","35876","19983","[187,14,95,5,27,96,21,174]","True","False","0","3","False",,,,"2","assets/ui/hud/HUD_sml_can_01.png",,,,,,,,,"0","0","0","[0,0,0,0,0,0,0,0]","False","False","0","0","0","[0,0,0,0,0,0,0,0]","False","False","True","12","1.000000","-49.999992","0","","0","gun_50bmg_kursi.name","False",,"1.100000","1","0.120000","1377918081","37263","18696","[158,218,66,68,206,176,115,164]","True","False",,"0","100","600","False","0","0","0","[0,0,0,0,0,0,0,0]","False","False","","0.100000","0.900000","0","0","0","[0,0,0,0,0,0,0,0]","False","False","1","MAGAZINE","0","0","0","[0,0,0,0,0,0,0,0]","False","False","0","0","0","[0,0,0,0,0,0,0,0]","False","False","3","True","False","","1","45","0","0","0","0","0","0","[0,0,0,0,0,0,0,0]","False","False","0","0","0","[0,0,0,0,0,0,0,0]","False","False","assets/pickups/weapons/gun_thumper.json","False","0.500000","0","assets/ui/hud/HUD_sml_can_01.png","[""MULTIPLY"",""SCREEN""]","False","144","assets/data/fx/wfx_flame_small_01.json"
"0.500000","0.750000","250","assets/data/pickups/ammo/pkp_ammo_50bmg_fmj.json","4","250","AMMOTYPE_BULLET","ARTILLERY_WEAPON","False",,,,,,,,,,,,,"10.999998","0.850000","0","0.250000","0","assets/data/pickups/weapons/bullets/b_50bmg_fmj.json","0","1","6","WEAPON","0","0","0","[0,0,0,0,0,0,0,0]","False","False","0.120000","0","0.500000","0","0","0","[0,0,0,0,0,0,0,0]","False","False",,,,,,"1","gun_50bmg_maedois.description","1423095803","5973","16695","[135,213,49,223,248,185,213,25]","True","False","0.500000","-1656875244","62096","17218","[153,214,110,21,210,130,100,230]","True","False","50",,,,,,,,,,,,,,,,,,,,,,,,,,,,,,,,,,,,,,,,,,,,,,,,,,,,,,,,,,,,"-1656875244","62096","17218","[153,214,110,21,210,130,100,230]","True","False","gun_50bmg_maedois.json","BURST/AUTO","0.350000","20","-1830012500","8244","19605","[143,201,36,70,168,42,97,180]","True","False","0","3","False",,,,"2","assets/ui/inventory/render/inv_gun_maedois.png",,,,,,,,,"-1830012500","8244","19605","[143,201,36,70,168,42,97,180]","True","False","0","0","0","[0,0,0,0,0,0,0,0]","False","False","True","60","0.500000","-45","0","","100","gun_50bmg_maedois.name","False",,"1","1","0.120000","1377918081","37263","18696","[158,218,66,68,206,176,115,164]","True","False",,"0","100","7","False","-1476017363","24947","18520","[147,130,218,83,141,73,110,197]","True","False","","0.100000","0.900000","1532201229","11715","16607","[153,104,235,18,241,224,240,115]","True","False","1","MAGAZINE","0","0","0","[0,0,0,0,0,0,0,0]","False","False","0","0","0","[0,0,0,0,0,0,0,0]","False","False","6","True","False","","1","55","0","0","0","0","0","0","[0,0,0,0,0,0,0,0]","False","False","0","0","0","[0,0,0,0,0,0,0,0]","False","False","assets/pickups/weapons/gun_maedois.json","False","1","0","assets/ui/inventory/render/inv_gun_maedois.png","[""MULTIPLY"",""SCREEN""]","True","500","assets/data/fx/wfx_50bmg_maedois.json"
"0.175000","1","5","assets/data/pickups/ammo/pkp_ammo_50bmg_fmj.json","4","10","AMMOTYPE_BULLET","ARTILLERY_WEAPON","False",,,,,,,,,,,,,"12","0.300000","0","0","0.700000","assets/data/pickups/weapons/bullets/b_50bmg_fmj.json","0","1","15","WEAPON","173657436","42737","18311","[173,125,203,83,211,158,126,116]","True","False","1.800000","0","0.500000","0","0","0","[0,0,0,0,0,0,0,0]","False","False",,,,,,"1","gun_50bmg_penpal.description","1423095803","5973","16695","[135,213,49,223,248,185,213,25]","True","False","0.500000","-1656875244","62096","17218","[153,214,110,21,210,130,100,230]","True","False","50",,,,,,,,,,,,,,,,,,,,,,,,,,,,,,,,,,,,,,,,,,,,,,,,,,,,,,,,,,,,"-1656875244","62096","17218","[153,214,110,21,210,130,100,230]","True","False","gun_50bmg_penpal.json","SEMI-AUTO","0.300000","20","-1679055602","303","20058","[188,194,194,150,245,123,139,55]","True","False","0","3","False",,,,"3.330000","assets/ui/inventory/render/inv_gun_penpal.png",,,,,,,,,"0","0","0","[0,0,0,0,0,0,0,0]","False","False","0","0","0","[0,0,0,0,0,0,0,0]","False","False","True","90","0.125000","-49.999992","0","","120","gun_50bmg_penpal.name","False",,"1.300000","1","0.120000","1377918081","37263","18696","[158,218,66,68,206,176,115,164]","True","False",,"0","60","7","False","-1057198600","18069","18198","[144,179,241,59,1,71,237,232]","True","False","","0.100000","0.900000","1532201229","11715","16607","[153,104,235,18,241,224,240,115]","True","False","1","MAGAZINE","0","0","0","[0,0,0,0,0,0,0,0]","False","False","0","0","0","[0,0,0,0,0,0,0,0]","False","False","5","True","False","","1","15","0","0","0.200000","-1192864441","343","17832","[156,255,174,84,234,10,248,33]","True","False","0","0","0","[0,0,0,0,0,0,0,0]","False","False","assets/pickups/weapons/gun_penpal.json","False","0.500000","0","assets/ui/inventory/render/inv_gun_penpal.png","[""MULTIPLY"",""SCREEN""]","False","30","assets/data/fx/wfx_20mm_kopinski.json"
"1.000000","0.900000","1","assets/data/pickups/ammo/pkp_ammo_50mm_he.json","4","5","AMMOTYPE_BULLET","ARTILLERY_WEAPON","False",,,,,,,,,,,,,"12","0.125000","0","0","1","assets/data/pickups/weapons/bullets/b_50mm_he.json","0","1","10","WEAPON","0","0","0","[0,0,0,0,0,0,0,0]","False","False","2.500000","0","0.500000","0","0","0","[0,0,0,0,0,0,0,0]","False","False",,,,,,"1","gun_50mm_softbol.description","1423095803","5973","16695","[135,213,49,223,248,185,213,25]","True","False","0.500000","-1656875244","62096","17218","[153,214,110,21,210,130,100,230]","True","False","50",,,,,,,,,,,,,,,,,,,,,,,,,,,,,,,,,,,,,,,,,,,,,,,,,,,,,,,,,,,,"-1656875244","62096","17218","[153,214,110,21,210,130,100,230]","True","False","gun_50mm_softbol.json","SEMI-AUTO","0","5","1967919318","44673","18194","[153,169,48,133,229,65,247,23]","True","False","0","3","False",,,,"1","assets/ui/inventory/render/inv_gun_softbol.png",,,,,,,,,"0","0","0","[0,0,0,0,0,0,0,0]","False","False","0","0","0","[0,0,0,0,0,0,0,0]","False","False","False","90","1.000000","-45","0","","-1","gun_50mm_softbol.name","False",,"1","1","0.120000","1377918081","37263","18696","[158,218,66,68,206,176,115,164]","True","False",,"0","100","12","True","0","0","0","[0,0,0,0,0,0,0,0]","False","False","","0.100000","0.900000","-921652795","52822","17434","[176,231,11,58,98,54,9,228]","True","False","1","MAGAZINE","780966319","57636","16495","[142,172,178,163,60,140,46,189]","True","False","0","0","0","[0,0,0,0,0,0,0,0]","False","False","4","True","False","","1","11","0","0","0","0","0","0","[0,0,0,0,0,0,0,0]","False","False","0","0","0","[0,0,0,0,0,0,0,0]","False","False","assets/pickups/weapons/gun_thumper.json","False","0.700000","0","assets/ui/inventory/render/inv_gun_softbol.png","[""MULTIPLY"",""SCREEN""]","False","30","assets/data/fx/wfx_flame_small_01.json"
"0.250000","0","6","assets/data/pickups/ammo/pkp_ammo_51mm_rocket.json","4","250","AMMOTYPE_BULLET","ARTILLERY_WEAPON","False",,,,,,,,,,,,,"4.000000","0.600000","0","0","0.450000","assets/data/pickups/weapons/bullets/b_51_rocket.json","0","1","0","WEAPON","0","0","0","[0,0,0,0,0,0,0,0]","False","False","0.325000","0","0.651000","0","0","0","[0,0,0,0,0,0,0,0]","False","False",,,,,,"0.100000","gun_51mm_commander.description","0","0","0","[0,0,0,0,0,0,0,0]","False","False","0.500000","-1656875244","62096","17218","[153,214,110,21,210,130,100,230]","True","False","10",,,,,,,,,,,,,,,,,,,,,,,,,,,,,,,,,,,,,,,,,,,,,,,,,,,,,,,,,,,,"-1656875244","62096","17218","[153,214,110,21,210,130,100,230]","True","False","gun_51mm_commander.json","SEMI-AUTO","0.400000","10","-1067659804","7985","17700","[185,15,33,108,152,166,44,251]","True","False","0","3","True",,,,"0","assets/ui/inventory/render/inv_gun_commander50.png",,,,,,,,,"0","0","0","[0,0,0,0,0,0,0,0]","False","False","0","0","0","[0,0,0,0,0,0,0,0]","False","False","True","45","0","-49.999992","25","","-1","gun_51mm_commander.name","False",,"0.135000","1","0.120000","0","0","0","[0,0,0,0,0,0,0,0]","False","False",,"0","40","0.100000","True","122696736","50309","18588","[138,38,145,168,46,242,73,48]","True","False","","0.250000","0.775000","60116200","32446","20256","[144,122,216,71,105,168,139,54]","True","False","1.150000","MAGAZINE","0","0","0","[0,0,0,0,0,0,0,0]","False","False","0","0","0","[0,0,0,0,0,0,0,0]","False","False","2.250000","True","False","","1","6","0","0","0","0","0","0","[0,0,0,0,0,0,0,0]","False","False","0","0","0","[0,0,0,0,0,0,0,0]","False","False","assets/pickups/weapons/gun_obrez.json","False","0.330000","0","assets/ui/inventory/render/inv_gun_commander50.png","[""MULTIPLY"",""SCREEN""]","False","200","assets/data/fx/wfx_50bmg_commander.json"
"0.500000","0.500000","30","assets/data/pickups/ammo/pkp_ammo_556_fmj.json","4","30","AMMOTYPE_BULLET","ARTILLERY_WEAPON","False",,,,,,,,,,,,,"6","0.650000","0","0.150000","0","assets/data/pickups/weapons/bullets/b_556_fmj.json","0","1","2","WEAPON","1052014697","36301","17366","[140,176,76,221,31,87,54,79]","True","False","0.083333","0","0.651000","0","0","0","[0,0,0,0,0,0,0,0]","False","False",,,,,,"1.500000","gun_556_nobrelitea18.description","1423095803","5973","16695","[135,213,49,223,248,185,213,25]","True","False","0.500000","-1656875244","62096","17218","[153,214,110,21,210,130,100,230]","True","False","12",,,,,,,,,,,,,,,,,,,,,,,,,,,,,,,,,,,,,,,,,,,,,,,,,,,,,,,,,,,,"-1656875244","62096","17218","[153,214,110,21,210,130,100,230]","True","False","gun_556_nobrelitea18.json","BURST/AUTO","0","15","0","0","0","[0,0,0,0,0,0,0,0]","False","False","0","3","True",,,,"-1","assets/ui/inventory/render/inv_gun_nobrelite.png",,,,,,,,,"-278097318","10545","20085","[139,48,25,156,218,88,96,61]","True","False","0","0","0","[0,0,0,0,0,0,0,0]","False","False","True","45","0.500000","-49.999992","0","","-1","gun_556_nobrelitea18.name","False",,"0.200000","1","0.120000","1377918081","37263","18696","[158,218,66,68,206,176,115,164]","True","False",,"0","40","0","False","-1057198600","18069","18198","[144,179,241,59,1,71,237,232]","True","False","","0.500000","2.250000","173657436","42737","18311","[173,125,203,83,211,158,126,116]","True","False","1.500000","MAGAZINE","-955080987","242","17727","[165,117,131,79,103,53,17,241]","True","False","0","0","0","[0,0,0,0,0,0,0,0]","False","False","3.800000","True","False","","1","10","0","0","0","0","0","0","[0,0,0,0,0,0,0,0]","False","False","0","0","0","[0,0,0,0,0,0,0,0]","False","False","assets/pickups/weapons/gun_a18.json","False","0.660000","0","assets/ui/inventory/render/inv_gun_nobrelite.png","[""MULTIPLY"",""SCREEN""]","True","0","assets/data/fx/wfx_556_nobrelitea18.json"
"1.000000","0.660000","250","assets/data/pickups/ammo/pkp_ammo_556_fmj.json","4","500","AMMOTYPE_BULLET","ARTILLERY_WEAPON","False",,,,,,,,,,,,,"15.999994","0.120000","0","0.010000","0","assets/data/pickups/weapons/bullets/b_556_fmj.json","0","1","2","WEAPON","0","0","0","[0,0,0,0,0,0,0,0]","False","False","0.030000","0","0.500000","0","0","0","[0,0,0,0,0,0,0,0]","False","False",,,,,,"1","gun_556_snyer.description","1423095803","5973","16695","[135,213,49,223,248,185,213,25]","True","False","0.500000","-1656875244","62096","17218","[153,214,110,21,210,130,100,230]","True","False","50",,,,,,,,,,,,,,,,,,,,,,,,,,,,,,,,,,,,,,,,,,,,,,,,,,,,,,,,,,,,"-1656875244","62096","17218","[153,214,110,21,210,130,100,230]","True","False","gun_556_snyer.json","BURST/AUTO","0.300000","16","369464747","31712","19049","[163,231,247,158,159,37,41,43]","True","False","0","3","False",,,,"0","assets/ui/inventory/render/inv_gun_snyer.png",,,,,,,,,"0","0","0","[0,0,0,0,0,0,0,0]","False","False","0","0","0","[0,0,0,0,0,0,0,0]","False","False","True","180","1.000000","-49.999992","0","","100","gun_556_snyer.name","False",,"1","1","0.120000","1377918081","37263","18696","[158,218,66,68,206,176,115,164]","True","False",,"0","40","0","False","0","0","0","[0,0,0,0,0,0,0,0]","False","False","","0.100000","0.900000","0","0","0","[0,0,0,0,0,0,0,0]","False","False","1","MAGAZINE","0","0","0","[0,0,0,0,0,0,0,0]","False","False","0","0","0","[0,0,0,0,0,0,0,0]","False","False","8","True","False","","1","17","0.850000","0.250000","0.850000","-1056680887","16049","19795","[146,42,224,46,206,30,27,137]","True","False","-1256008141","59430","18877","[191,16,159,152,45,2,192,34]","True","False","assets/pickups/weapons/gun_thumper.json","False","0.750000","0","assets/ui/inventory/render/inv_gun_snyer.png","[""MULTIPLY"",""SCREEN""]","False","2000","assets/data/fx/wfx_556_nobrelitea18.json"
"0.100000","0.400000","20","assets/data/pickups/ammo/pkp_ammo_556_fmj.json","4","20","AMMOTYPE_BULLET","ARTILLERY_WEAPON","False",,,,,,,,,,,,,"6.659997","0.700000","0","0.165000","0","assets/data/pickups/weapons/bullets/b_556_fmj.json","0","1","1","WEAPON","1052014697","36301","17366","[140,176,76,221,31,87,54,79]","True","False","0.066000","0","0.651000","0","0","0","[0,0,0,0,0,0,0,0]","False","False",,,,,,"1.500000","gun_556_zitha.description","1423095803","5973","16695","[135,213,49,223,248,185,213,25]","True","False","0.500000","-1656875244","62096","17218","[153,214,110,21,210,130,100,230]","True","False","11",,,,,,,,,,,,,,,,,,,,,,,,,,,,,,,,,,,,,,,,,,,,,,,,,,,,,,,,,,,,"-1656875244","62096","17218","[153,214,110,21,210,130,100,230]","True","False","gun_556_zitha.json","BURST/AUTO","0","15","0","0","0","[0,0,0,0,0,0,0,0]","False","False","0","3","True",,,,"-0.750000","assets/ui/inventory/render/inv_gun_zitha.png",,,,,,,,,"1642416842","37597","18179","[174,181,113,182,218,38,23,118]","True","False","0","0","0","[0,0,0,0,0,0,0,0]","False","False","True","45","0.100000","-49.999992","0","","-1","gun_556_zitha.name","False",,"0.200000","1","0.120000","1377918081","37263","18696","[158,218,66,68,206,176,115,164]","True","False",,"0","40","0","False","-1057198600","18069","18198","[144,179,241,59,1,71,237,232]","True","False","","0.500000","2.250000","173657436","42737","18311","[173,125,203,83,211,158,126,116]","True","False","1.500000","MAGAZINE","-955080987","242","17727","[165,117,131,79,103,53,17,241]","True","False","0","0","0","[0,0,0,0,0,0,0,0]","False","False","2.750000","True","False","","1","8","0","0","0","0","0","0","[0,0,0,0,0,0,0,0]","False","False","0","0","0","[0,0,0,0,0,0,0,0]","False","False","assets/pickups/weapons/gun_zitha.json","False","0.330000","0","assets/ui/inventory/render/inv_gun_zitha.png","[""MULTIPLY"",""SCREEN""]","True","0","assets/data/fx/wfx_556_zitha.json"
"0","0","20","assets/data/pickups/ammo/pkp_ammo_57mm_he_rocket.json","4","75","AMMOTYPE_BULLET","ARTILLERY_WEAPON","False",,,,,,,,,,,,,"6","0.200000","0","0","0.050000","assets/data/pickups/weapons/bullets/b_57mm_he_rocket.json","0","1","4","WEAPON","0","0","0","[0,0,0,0,0,0,0,0]","False","False","0.110000","0","0.500000","0","0","0","[0,0,0,0,0,0,0,0]","False","False",,,,,,"1","gun_57mmr_pitbull.description","1423095803","5973","16695","[135,213,49,223,248,185,213,25]","True","False","0.500000","-1656875244","62096","17218","[153,214,110,21,210,130,100,230]","True","False","20",,,,,,,,,,,,,,,,,,,,,,,,,,,,,,,,,,,,,,,,,,,,,,,,,,,,,,,,,,,,"-1656875244","62096","17218","[153,214,110,21,210,130,100,230]","True","False","gun_57mmr_pitbull.json","BURST/AUTO","0.300000","40","-1067659804","7985","17700","[185,15,33,108,152,166,44,251]","True","False","0","3","False",,,,"10","assets/ui/hud/HUD_main_arty_02.png",,,,,,,,,"0","0","0","[0,0,0,0,0,0,0,0]","False","False","0","0","0","[0,0,0,0,0,0,0,0]","False","False","True","45","0","-45","0","","80","gun_57mmr_pitbull.name","False",,"1","1","0.120000","1377918081","37263","18696","[158,218,66,68,206,176,115,164]","True","False",,"0","30","18000","False","0","0","0","[0,0,0,0,0,0,0,0]","False","False","","0.100000","0.900000","0","0","0","[0,0,0,0,0,0,0,0]","False","False","1","SINGLE_ROUND","0","0","0","[0,0,0,0,0,0,0,0]","False","False","0","0","0","[0,0,0,0,0,0,0,0]","False","False","0.100000","True","False","","1","213","0","0","0","0","0","0","[0,0,0,0,0,0,0,0]","False","False","0","0","0","[0,0,0,0,0,0,0,0]","False","False","assets/pickups/weapons/temp_main.json","False","0.660000","0","assets/ui/hud/HUD_main_arty_02.png","[""MULTIPLY"",""SCREEN""]","False","500","assets/data/fx/wfx_arty_main_02.json"
"1.000000","0.200000","5","assets/data/pickups/ammo/pkp_ammo_57mm_he_rocket.json","4","10","AMMOTYPE_BULLET","ARTILLERY_WEAPON","False",,,,,,,,,,,,,"6","0.600000","0","0","0.800000","assets/data/pickups/weapons/bullets/b_57mm_he_rocket.json","0","1","8","WEAPON","0","0","0","[0,0,0,0,0,0,0,0]","False","False","0.350000","0","0.500000","0","0","0","[0,0,0,0,0,0,0,0]","False","False",,,,,,"1","gun_57mmr_squawker.description","1423095803","5973","16695","[135,213,49,223,248,185,213,25]","True","False","0.500000","-1656875244","62096","17218","[153,214,110,21,210,130,100,230]","True","False","20",,,,,,,,,,,,,,,,,,,,,,,,,,,,,,,,,,,,,,,,,,,,,,,,,,,,,,,,,,,,"-1656875244","62096","17218","[153,214,110,21,210,130,100,230]","True","False","gun_57mmr_squawker.json","SEMI-AUTO","0.300000","28","-1027789249","63163","20448","[153,147,238,170,206,116,104,66]","True","False","0","3","False",,,,"4","assets/ui/inventory/render/inv_gun_squawker.png",,,,,,,,,"0","0","0","[0,0,0,0,0,0,0,0]","False","False","0","0","0","[0,0,0,0,0,0,0,0]","False","False","True","60","0.500000","-45","0","","80","gun_57mmr_squawker.name","False",,"0.060000","1","0.120000","1377918081","37263","18696","[158,218,66,68,206,176,115,164]","True","False",,"0","40","25","True","0","0","0","[0,0,0,0,0,0,0,0]","False","False","","0.100000","0.900000","0","0","0","[0,0,0,0,0,0,0,0]","False","False","1","MAGAZINE","0","0","0","[0,0,0,0,0,0,0,0]","False","False","0","0","0","[0,0,0,0,0,0,0,0]","False","False","3.500000","True","False","","1","39","0","0","0","0","0","0","[0,0,0,0,0,0,0,0]","False","False","0","0","0","[0,0,0,0,0,0,0,0]","False","False","assets/pickups/weapons/gun_squawker.json","False","0.250000","0","assets/ui/inventory/render/inv_gun_squawker.png","[""MULTIPLY"",""SCREEN""]","False","20","assets/data/fx/wfx_57mmr_squawker.json"
"3","0","72","assets/data/pickups/ammo/pkp_ammo_604_steel_ball.json","1","18","AMMOTYPE_LASER","LASER_WEAPON","True","0.096000","0.019000","0.842000","314.912994","1","3.931000","[""assets/fx/beams/laser_galinha_multiply.png"",""assets/fx/beams/laser_galinha_screen.png""]","3.526000","0.099000","0.435000","0.809000","0.048000","3","0","0","0","0",,"0","8","0","WEAPON","0","0","0","[0,0,0,0,0,0,0,0]","False","False","1.800000","0.400000","0.800000","-1505342492","12200","19717","[157,243,74,202,81,182,227,203]","True","False","1","1","0","0","0",,"gun_604ball_kultaban.description","1423095803","5973","16695","[135,213,49,223,248,185,213,25]","True","False","0.500000","-1656875244","62096","17218","[153,214,110,21,210,130,100,230]","True","False","-1","False","0","0","[0,0,1,1,0]","0.100000","0","0","0","0","0","0","0","0","0","0","0","0","0","0","0.001000","1","0","0","0","0","0","0","0","0","0","0","0","0","0","0","0","0","0","0","0","0","0","0","0","0","0","0","0","0","0","1","assets/data/fx/pyros/pyro_exp_604ball.json","1","0","0","0","[0,0,0,0,0,0,0,0]","False","False","0","0","0","[0,0,0,0,0,0,0,0]","False","False","gun_604ball_kultaban.json","SEMI-AUTO","0","14","-1444357866","46526","20157","[174,114,139,226,184,40,39,66]","True","False","0","3","False","3","0","0","0","assets/ui/inventory/render/inv_gun_kultiban.png","15","1","1","0.300000","0","0","0","0","0","0","0","[0,0,0,0,0,0,0,0]","False","False","0","0","0","[0,0,0,0,0,0,0,0]","False","False",,"3","3","-49.999992","0","","-1","gun_604ball_kultaban.name","False","50","1.600000","1","0.120000","1377918081","37263","18696","[158,218,66,68,206,176,115,164]","True","False","2","0","10","5","False","0","0","0","[0,0,0,0,0,0,0,0]","False","False","","0.100000","0.350000","0","0","0","[0,0,0,0,0,0,0,0]","False","False","1","MAGAZINE","0","0","0","[0,0,0,0,0,0,0,0]","False","False","0","0","0","[0,0,0,0,0,0,0,0]","False","False","4","True","False","","1","12","0","0","0","0","0","0","[0,0,0,0,0,0,0,0]","False","False","0","0","0","[0,0,0,0,0,0,0,0]","False","False","assets/pickups/weapons/gun_blackhand.json","False","0","0","assets/ui/inventory/render/inv_gun_kultiban.png","[""MULTIPLY"",""SCREEN""]","False","36","assets/data/fx/wfx_604ball_ryoken.json"
"1.000000","0","33","assets/data/pickups/ammo/pkp_ammo_604_steel_ball.json","1","66","AMMOTYPE_LASER","LASER_WEAPON","True","0.098000","0.019000","0.852000","314.220001","1","4.027000","[""assets/fx/beams/laser_galinha_multiply.png"",""assets/fx/beams/laser_galinha_screen.png""]","3","0.098000","0.435000","0.808000","0.048000","5.000000","0.270000","0","0","0.100000",,"0.025000","3","0","WEAPON","0","0","0","[0,0,0,0,0,0,0,0]","False","False","0.400000","0.100000","0.800000","0","0","0","[0,0,0,0,0,0,0,0]","False","False","1","1","0","0","0",,"gun_604ball_ryoken.description","1423095803","5973","16695","[135,213,49,223,248,185,213,25]","True","False","0.500000","-1656875244","62096","17218","[153,214,110,21,210,130,100,230]","True","False","-1","False","0","0","[0,0,0,0,0]","0","0","0","0","0","0","0","0","0","0","0","0","0","0","0","0.001000","0","0","0","0","0","0","0","0","0","0","0","0","0","0","0","0","0","0","0","0","0","0","0","0","0","0","0","0","0","0","0","assets/data/fx/pyros/pyro_exp_604ball.json","0","-316966822","41819","17727","[163,24,45,145,187,217,61,128]","True","False","-1656875244","62096","17218","[153,214,110,21,210,130,100,230]","True","False","gun_604ball_ryoken.json","BURST/AUTO","0","14","711796301","39592","18966","[129,12,161,210,26,148,184,235]","True","False","0","3","False","3","0","0","-1","assets/ui/inventory/render/inv_gun_ryoken.png","5","1","1","0.300000","0","0","0","0","0","0","0","[0,0,0,0,0,0,0,0]","False","False","0","0","0","[0,0,0,0,0,0,0,0]","False","False",,"1.000000","1.000000","-49.999992","0","","-1","gun_604ball_ryoken.name","False","50","0.900000","1","0.120000","1377918081","37263","18696","[158,218,66,68,206,176,115,164]","True","False","1","2000000","13","1","False","1328151726","10693","18299","[181,180,70,28,52,158,168,22]","True","False","","0.500000","5","1424430113","38796","16449","[173,228,222,64,25,194,30,61]","True","False","1","MAGAZINE","1965412754","41357","18726","[135,227,114,207,36,182,19,174]","True","False","1328151726","10693","18299","[181,180,70,28,52,158,168,22]","True","False","3.330000","True","False","","1","6","0","0.100000","0","0","0","0","[0,0,0,0,0,0,0,0]","False","False","0","0","0","[0,0,0,0,0,0,0,0]","False","False","assets/pickups/weapons/gun_ryoken.json","False","0","0","assets/ui/inventory/render/inv_gun_ryoken.png","[""MULTIPLY"",""SCREEN""]","False","133","assets/data/fx/wfx_604ball_ryoken.json"
"0.660000","0.900000","1","assets/data/pickups/ammo/pkp_ammo_60mm_he.json","4","5","AMMOTYPE_BULLET","ARTILLERY_WEAPON","False",,,,,,,,,,,,,"12","0.110000","0","0","1","assets/data/pickups/weapons/bullets/b_60mm_he.json","0","1","15","WEAPON","0","0","0","[0,0,0,0,0,0,0,0]","False","False","2.500000","0","0.500000","0","0","0","[0,0,0,0,0,0,0,0]","False","False",,,,,,"1","gun_60mm_bricklayer.description","1423095803","5973","16695","[135,213,49,223,248,185,213,25]","True","False","0.500000","-1656875244","62096","17218","[153,214,110,21,210,130,100,230]","True","False","50",,,,,,,,,,,,,,,,,,,,,,,,,,,,,,,,,,,,,,,,,,,,,,,,,,,,,,,,,,,,"-1656875244","62096","17218","[153,214,110,21,210,130,100,230]","True","False","gun_60mm_bricklayer.json","SEMI-AUTO","0","9","-1617442770","4415","20274","[182,215,18,88,158,109,40,127]","True","False","0","3","False",,,,"0","assets/ui/inventory/render/inv_gun_bricklayer.png",,,,,,,,,"0","0","0","[0,0,0,0,0,0,0,0]","False","False","0","0","0","[0,0,0,0,0,0,0,0]","False","False","False","90","0.660000","-45","0","","-1","gun_60mm_bricklayer.name","False",,"1","1","0.120000","1377918081","37263","18696","[158,218,66,68,206,176,115,164]","True","False",,"0","100","15","True","0","0","0","[0,0,0,0,0,0,0,0]","False","False","","0.100000","0.900000","-921652795","52822","17434","[176,231,11,58,98,54,9,228]","True","False","1","MAGAZINE","780966319","57636","16495","[142,172,178,163,60,140,46,189]","True","False","0","0","0","[0,0,0,0,0,0,0,0]","False","False","4.500000","True","False","","1","20","0","0","0","0","0","0","[0,0,0,0,0,0,0,0]","False","False","0","0","0","[0,0,0,0,0,0,0,0]","False","False","assets/pickups/weapons/gun_thumper.json","False","0.700000","0","assets/ui/inventory/render/inv_gun_bricklayer.png","[""MULTIPLY"",""SCREEN""]","False","60","assets/data/fx/wfx_flame_small_01.json"
"0.100000","0.800000","2","assets/data/pickups/ammo/pkp_ammo_60mm_vortex.json","4","75","AMMOTYPE_BULLET","ARTILLERY_WEAPON","False",,,,,,,,,,,,,"18","0.220000","0","0","1","assets/data/pickups/weapons/bullets/b_60mm_vortex.json","0","1","4","WEAPON","0","0","0","[0,0,0,0,0,0,0,0]","False","False","1.750000","0","0.500000","0","0","0","[0,0,0,0,0,0,0,0]","False","False",,,,,,"1","gun_60mm_jericho.description","1423095803","5973","16695","[135,213,49,223,248,185,213,25]","True","False","0.500000","-1656875244","62096","17218","[153,214,110,21,210,130,100,230]","True","False","20",,,,,,,,,,,,,,,,,,,,,,,,,,,,,,,,,,,,,,,,,,,,,,,,,,,,,,,,,,,,"-1656875244","62096","17218","[153,214,110,21,210,130,100,230]","True","False","gun_60mm_jericho.json","SEMI-AUTO","0.300000","20","487930107","53738","18693","[157,206,138,248,129,163,171,122]","True","False","0","3","False",,,,"0","assets/ui/hud/HUD_aux_can_02.png",,,,,,,,,"0","0","0","[0,0,0,0,0,0,0,0]","False","False","0","0","0","[0,0,0,0,0,0,0,0]","False","False","True","60","0.050000","-45","0","","90","gun_60mm_jericho.name","False",,"1.660000","1","0.120000","1377918081","37263","18696","[158,218,66,68,206,176,115,164]","True","False",,"0","40","50","False","0","0","0","[0,0,0,0,0,0,0,0]","False","False","","0.100000","0.900000","0","0","0","[0,0,0,0,0,0,0,0]","False","False","1","MAGAZINE","0","0","0","[0,0,0,0,0,0,0,0]","False","False","0","0","0","[0,0,0,0,0,0,0,0]","False","False","5","True","False","","1","189","0","0","0","0","0","0","[0,0,0,0,0,0,0,0]","False","False","0","0","0","[0,0,0,0,0,0,0,0]","False","False","assets/pickups/weapons/cannon_aux.json","False","0.400000","0","assets/ui/hud/HUD_aux_can_02.png","[""MULTIPLY"",""SCREEN""]","False","500","assets/data/fx/wfx_cannon_aux_02.json"
"1.750000","1","66","assets/data/pickups/ammo/pkp_ammo_6ga_pellet.json","4","66","AMMOTYPE_BULLET","ARTILLERY_WEAPON","False",,,,,,,,,,,,,"9","1","0","0.105000","0","assets/data/pickups/weapons/bullets/b_6ga_pellet.json","0.089000","1","0","WEAPON","139528494","12370","18568","[141,46,4,191,48,157,42,152]","True","False","0","0","0.651000","0","0","0","[0,0,0,0,0,0,0,0]","False","False",,,,,,"1.250000","gun_6ga_potbelly.description","1423095803","5973","16695","[135,213,49,223,248,185,213,25]","True","False","0.500000","-1656875244","62096","17218","[153,214,110,21,210,130,100,230]","True","False","10",,,,,,,,,,,,,,,,,,,,,,,,,,,,,,,,,,,,,,,,,,,,,,,,,,,,,,,,,,,,"-1656875244","62096","17218","[153,214,110,21,210,130,100,230]","True","False","gun_6ga_potbelly.json","BURST/AUTO","0.020000","20","1047889855","53361","20263","[191,245,83,122,75,15,135,212]","True","False","0","3","True",,,,"3","assets/ui/hud/HUD_sml_mg_01.png",,,,,,,,,"0","0","0","[0,0,0,0,0,0,0,0]","False","False","0","0","0","[0,0,0,0,0,0,0,0]","False","False","True","60","0.200000","0","0","","15","gun_6ga_potbelly.name","False",,"0.200000","1","0.120000","1377918081","37263","18696","[158,218,66,68,206,176,115,164]","True","False",,"0","40","7","False","60116200","32446","20256","[144,122,216,71,105,168,139,54]","True","False","","0.250000","3.500000","1532201229","11715","16607","[153,104,235,18,241,224,240,115]","True","False","3","MAGAZINE","0","0","0","[0,0,0,0,0,0,0,0]","False","False","0","0","0","[0,0,0,0,0,0,0,0]","False","False","6","True","False","","1","49","0","0","0","0","0","0","[0,0,0,0,0,0,0,0]","False","False","0","0","0","[0,0,0,0,0,0,0,0]","False","False","assets/pickups/weapons/gun_bonesaw.json","False","1","0","assets/ui/hud/HUD_sml_mg_01.png","[""MULTIPLY"",""SCREEN""]","False","0","assets/data/fx/wfx_8mm_bonesaw.json"
"1.100000","0.500000","5","assets/data/pickups/ammo/pkp_ammo_6ga_pellet.json","4","40","AMMOTYPE_BULLET","ARTILLERY_WEAPON","False",,,,,,,,,,,,,"8.000000","1.100000","0","1","0","assets/data/pickups/weapons/bullets/b_6ga_pellet.json","0","1","0","WEAPON","-955080987","242","17727","[165,117,131,79,103,53,17,241]","True","False","0.600000","0","0.320000","0","0","0","[0,0,0,0,0,0,0,0]","False","False",,,,,,"1","gun_6ga_rhino.description","1423095803","5973","16695","[135,213,49,223,248,185,213,25]","True","False","0.500000","-1656875244","62096","17218","[153,214,110,21,210,130,100,230]","True","False","5",,,,,,,,,,,,,,,,,,,,,,,,,,,,,,,,,,,,,,,,,,,,,,,,,,,,,,,,,,,,"-1656875244","62096","17218","[153,214,110,21,210,130,100,230]","True","False","gun_6ga_rhino.json","SEMI-AUTO","0.500000","15","-706671786","11466","18137","[166,21,208,11,161,181,190,23]","True","False","0","3","False",,,,"0","assets/ui/inventory/render/inv_gun_rhinostopper.png",,,,,,,,,"0","0","0","[0,0,0,0,0,0,0,0]","False","False","0","0","0","[0,0,0,0,0,0,0,0]","False","False","True","45","1.100000","-49.999992","0","","-1","gun_6ga_rhino.name","False",,"0.400000","1","0.120000","1377918081","37263","18696","[158,218,66,68,206,176,115,164]","True","False",,"0","40","7","True","473155621","28116","19643","[171,169,8,117,4,101,25,116]","True","False","","0.150000","0.750000","606135825","42618","18552","[148,218,105,37,194,250,222,190]","True","False","0.400000","SINGLE_ROUND","0","0","0","[0,0,0,0,0,0,0,0]","False","False","0","0","0","[0,0,0,0,0,0,0,0]","False","False","1","True","False","","1","12","0","0","0","0","0","0","[0,0,0,0,0,0,0,0]","False","False","0","0","0","[0,0,0,0,0,0,0,0]","False","False","assets/pickups/weapons/gun_rhino.json","False","0.150000","0","assets/ui/inventory/render/inv_gun_rhinostopper.png","[""MULTIPLY"",""SCREEN""]","False","0","assets/data/fx/wfx_6ga_rhino.json"
"0.600000","0.500000","20","assets/data/pickups/ammo/pkp_ammo_762_fmj.json","4","60","AMMOTYPE_BULLET","ARTILLERY_WEAPON","False",,,,,,,,,,,,,"6.500000","0.650000","0","0.200000","0","assets/data/pickups/weapons/bullets/b_762_fmj.json","0","1","2","WEAPON","1052014697","36301","17366","[140,176,76,221,31,87,54,79]","True","False","0.325000","1.250000","0.651000","0","0","0","[0,0,0,0,0,0,0,0]","False","False",,,,,,"1.250000","gun_762_aleph.description","1423095803","5973","16695","[135,213,49,223,248,185,213,25]","True","False","0.500000","-1656875244","62096","17218","[153,214,110,21,210,130,100,230]","True","False","-1",,,,,,,,,,,,,,,,,,,,,,,,,,,,,,,,,,,,,,,,,,,,,,,,,,,,,,,,,,,,"-1656875244","62096","17218","[153,214,110,21,210,130,100,230]","True","False","gun_762_aleph.json","SEMI-AUTO","0.020000","20","219655577","44655","20156","[164,237,120,14,153,133,177,218]","True","False","0","3","True",,,,"-0.250000","assets/ui/inventory/render/inv_gun_aleph.png",,,,,,,,,"0","0","0","[0,0,0,0,0,0,0,0]","False","False","0","0","0","[0,0,0,0,0,0,0,0]","False","False","True","45","0.400000","0","0","","-1","gun_762_aleph.name","False",,"0.120000","1","0.120000","1377918081","37263","18696","[158,218,66,68,206,176,115,164]","True","False",,"0","40","2","False","-1057198600","18069","18198","[144,179,241,59,1,71,237,232]","True","False","","0.250000","2.500000","173657436","42737","18311","[173,125,203,83,211,158,126,116]","True","False","2.500000","MAGAZINE","-955080987","242","17727","[165,117,131,79,103,53,17,241]","True","False","0","0","0","[0,0,0,0,0,0,0,0]","False","False","3.750000","True","False","","1","12","0","0","0","0","0","0","[0,0,0,0,0,0,0,0]","False","False","0","0","0","[0,0,0,0,0,0,0,0]","False","False","assets/pickups/weapons/gun_aleph.json","False","0.660000","0","assets/ui/inventory/render/inv_gun_aleph.png","[""MULTIPLY"",""SCREEN""]","False","0","assets/data/fx/wfx_762_aleph.json"
"0","0","6","assets/data/pickups/ammo/pkp_ammo_762_fmj.json","1","6","AMMOTYPE_LASER","LASER_WEAPON","True","2.500000","2.500000","1","180","0","5","[""assets/fx/beams/laser_multiply.png"",""assets/fx/beams/laser_screen.png""]","0","0.403000","0.500000","0.727000","0.500000","0","0","0","0","0",,"0","6","0","WEAPON","0","0","0","[0,0,0,0,0,0,0,0]","False","False","0.500000","0","0.800000","-776838919","37914","17725","[131,174,226,196,52,162,61,61]","True","False","1","1","0","0","0",,"gun_762_breakerswheel.description","1423095803","5973","16695","[135,213,49,223,248,185,213,25]","True","False","0.500000","-1656875244","62096","17218","[153,214,110,21,210,130,100,230]","True","False","-1","False","0","0","[0,0,1,1,0]","0.100000","0","0","0","0","0","0","0","0","0","0","0","0","0","0","0","1","0","0","0","0","0","0","0","0","0","0","0","0","0","0","0","0","0","0","0","0","0","0","0","0","0","0","0","0","0","1","","1","0","0","0","[0,0,0,0,0,0,0,0]","False","False","0","0","0","[0,0,0,0,0,0,0,0]","False","False","gun_762_breakerswheel.json","BURST/AUTO","0","0","-31334617","41463","19581","[141,131,119,65,239,204,250,106]","True","False","0","3","False","1","0","0","0","assets/ui/inventory/render/inv_gun_breakerswheel.png","7","0.500000","0.500000","5","-0.500000","1","-0.250000","-0.600000","0","0","0","[0,0,0,0,0,0,0,0]","False","False","0","0","0","[0,0,0,0,0,0,0,0]","False","False",,"0","0","-49.999992","0","","-1","gun_762_breakerswheel.name","False","0","0.900000","1","0.120000","1377918081","37263","18696","[158,218,66,68,206,176,115,164]","True","False","4","0","0.600000","120","False","0","0","0","[0,0,0,0,0,0,0,0]","False","False","","0.100000","0.350000","0","0","0","[0,0,0,0,0,0,0,0]","False","False","1","MAGAZINE","0","0","0","[0,0,0,0,0,0,0,0]","False","False","0","0","0","[0,0,0,0,0,0,0,0]","False","False","3","True","False","","1","14","0","0","0","0","0","0","[0,0,0,0,0,0,0,0]","False","False","0","0","0","[0,0,0,0,0,0,0,0]","False","False","assets/pickups/weapons/gun_breakerswheel.json","False","0","0","assets/ui/inventory/render/inv_gun_breakerswheel.png","[""MULTIPLY"",""SCREEN""]","False","6","assets/data/fx/wfx_12ga_tet.json"
"1.500000","0.900000","5","assets/data/pickups/ammo/pkp_ammo_762_fmj.json","4","0","AMMOTYPE_BULLET","ARTILLERY_WEAPON","False",,,,,,,,,,,,,"12","0.300000","0","0","0.500000","assets/data/pickups/weapons/bullets/b_762_fmj.json","0","1","18","WEAPON","1052014697","36301","17366","[140,176,76,221,31,87,54,79]","True","False","1.250000","0","1","1052014697","36301","17366","[140,176,76,221,31,87,54,79]","True","False",,,,,,"1","gun_762_cooper.description","1423095803","5973","16695","[135,213,49,223,248,185,213,25]","True","False","0.500000","-1656875244","62096","17218","[153,214,110,21,210,130,100,230]","True","False","30",,,,,,,,,,,,,,,,,,,,,,,,,,,,,,,,,,,,,,,,,,,,,,,,,,,,,,,,,,,,"-1656875244","62096","17218","[153,214,110,21,210,130,100,230]","True","False","gun_762_cooper.json","SEMI-AUTO","0.300000","16","219655577","44655","20156","[164,237,120,14,153,133,177,218]","True","False","0","3","True",,,,"0","assets/ui/inventory/render/inv_gun_cooper.png",,,,,,,,,"0","0","0","[0,0,0,0,0,0,0,0]","False","False","0","0","0","[0,0,0,0,0,0,0,0]","False","False","True","90","0.020000","-49.999958","0","","125","gun_762_cooper.name","False",,"1","1","0.120000","1377918081","37263","18696","[158,218,66,68,206,176,115,164]","True","False",,"0","60","2","False","-1057198600","18069","18198","[144,179,241,59,1,71,237,232]","True","False","","0.600000","5","173657436","42737","18311","[173,125,203,83,211,158,126,116]","True","False","1","MAGAZINE","-955080987","242","17727","[165,117,131,79,103,53,17,241]","True","False","0","0","0","[0,0,0,0,0,0,0,0]","False","False","4.500000","True","False","","1","8","0","0","0.100000","-1192864441","343","17832","[156,255,174,84,234,10,248,33]","True","False","0","0","0","[0,0,0,0,0,0,0,0]","False","False","assets/pickups/weapons/gun_cooper.json","False","0.330000","0","assets/ui/inventory/render/inv_gun_cooper.png","[""MULTIPLY"",""SCREEN""]","False","0","assets/data/fx/wfx_762_aleph.json"
"1.800000","0.750000","20","assets/data/pickups/ammo/pkp_ammo_762_fmj.json","4","60","AMMOTYPE_BULLET","ARTILLERY_WEAPON","False",,,,,,,,,,,,,"8.000000","2.500000","0","0.285000","0","assets/data/pickups/weapons/bullets/b_762_fmj.json","0","1","0","WEAPON","1052014697","36301","17366","[140,176,76,221,31,87,54,79]","True","False","0.077000","0","0.651000","0","0","0","[0,0,0,0,0,0,0,0]","False","False",,,,,,"1.250000","gun_762_grimler.description","1423095803","5973","16695","[135,213,49,223,248,185,213,25]","True","False","0.500000","-1656875244","62096","17218","[153,214,110,21,210,130,100,230]","True","False","7",,,,,,,,,,,,,,,,,,,,,,,,,,,,,,,,,,,,,,,,,,,,,,,,,,,,,,,,,,,,"-1656875244","62096","17218","[153,214,110,21,210,130,100,230]","True","False","gun_762_grimler.json","BURST/AUTO","0.020000","14","219655577","44655","20156","[164,237,120,14,153,133,177,218]","True","False","0","3","True",,,,"0.700000","assets/ui/inventory/render/inv_gun_grimler.png",,,,,,,,,"-278097318","10545","20085","[139,48,25,156,218,88,96,61]","True","False","0","0","0","[0,0,0,0,0,0,0,0]","False","False","True","45","1.300000","0","0","","110","gun_762_grimler.name","False",,"0.120000","1","0.120000","1377918081","37263","18696","[158,218,66,68,206,176,115,164]","True","False",,"0","40","2","False","-1057198600","18069","18198","[144,179,241,59,1,71,237,232]","True","False","","0.250000","2.500000","173657436","42737","18311","[173,125,203,83,211,158,126,116]","True","False","2.500000","MAGAZINE","-955080987","242","17727","[165,117,131,79,103,53,17,241]","True","False","0","0","0","[0,0,0,0,0,0,0,0]","False","False","2.600000","True","False","","1","8","0","0","0","0","0","0","[0,0,0,0,0,0,0,0]","False","False","0","0","0","[0,0,0,0,0,0,0,0]","False","False","assets/pickups/weapons/gun_grimler.json","False","0.660000","0","assets/ui/inventory/render/inv_gun_grimler.png","[""MULTIPLY"",""SCREEN""]","True","0","assets/data/fx/wfx_762_aleph.json"
"0.500000","1","50","assets/data/pickups/ammo/pkp_ammo_762_fmj.json","4","100","AMMOTYPE_BULLET","ARTILLERY_WEAPON","False",,,,,,,,,,,,,"8.000000","1.250000","0","0","0.185000","assets/data/pickups/weapons/bullets/b_762_fmj.json","0","1","2","WEAPON","0","0","0","[0,0,0,0,0,0,0,0]","False","False","0.110000","0","0.500000","0","0","0","[0,0,0,0,0,0,0,0]","False","False",,,,,,"1","gun_762_porco.description","1423095803","5973","16695","[135,213,49,223,248,185,213,25]","True","False","0.500000","-1656875244","62096","17218","[153,214,110,21,210,130,100,230]","True","False","13",,,,,,,,,,,,,,,,,,,,,,,,,,,,,,,,,,,,,,,,,,,,,,,,,,,,,,,,,,,,"-1656875244","62096","17218","[153,214,110,21,210,130,100,230]","True","False","gun_762_porco.json","BURST/AUTO","0","20","-1206710454","7644","17948","[136,20,144,156,64,240,178,36]","True","False","0","3","True",,,,"0.660000","assets/ui/inventory/render/inv_gun_porco.png",,,,,,,,,"0","0","0","[0,0,0,0,0,0,0,0]","False","False","0","0","0","[0,0,0,0,0,0,0,0]","False","False","True","54.999985","0.100000","-49.999992","0","","120","gun_762_porco.name","False",,"1","1","0.120000","1377918081","37263","18696","[158,218,66,68,206,176,115,164]","True","False",,"0","40","2","False","-1476017363","24947","18520","[147,130,218,83,141,73,110,197]","True","False","","0.100000","2","-1057198600","18069","18198","[144,179,241,59,1,71,237,232]","True","False","1","MAGAZINE","1052014697","36301","17366","[140,176,76,221,31,87,54,79]","True","False","0","0","0","[0,0,0,0,0,0,0,0]","False","False","3.750000","True","False","","1","11","0","0","0","0","0","0","[0,0,0,0,0,0,0,0]","False","False","0","0","0","[0,0,0,0,0,0,0,0]","False","False","assets/pickups/weapons/gun_m60.json","False","0.660000","0","assets/ui/inventory/render/inv_gun_porco.png","[""MULTIPLY"",""SCREEN""]","False","200","assets/data/fx/wfx_762_porco.json"
"4.000000","0","10","assets/data/pickups/ammo/pkp_ammo_76mm_canister.json","4","75","AMMOTYPE_BULLET","ARTILLERY_WEAPON","False",,,,,,,,,,,,,"8.000000","1","0","0","0.600000","assets/data/pickups/weapons/bullets/b_76mm_canister.json","0","1","2","WEAPON","0","0","0","[0,0,0,0,0,0,0,0]","False","False","4.100000","0","0.500000","-1505342492","12200","19717","[157,243,74,202,81,182,227,203]","True","False",,,,,,"1","gun_76mm_parliament.description","1423095803","5973","16695","[135,213,49,223,248,185,213,25]","True","False","0.500000","-1656875244","62096","17218","[153,214,110,21,210,130,100,230]","True","False","13",,,,,,,,,,,,,,,,,,,,,,,,,,,,,,,,,,,,,,,,,,,,,,,,,,,,,,,,,,,,"-1656875244","62096","17218","[153,214,110,21,210,130,100,230]","True","False","gun_76mm_parliament.json","SEMI-AUTO","0","33","1209639932","31837","18001","[186,144,20,18,115,124,251,57]","True","False","0","3","False",,,,"5","assets/ui/hud/HUD_tur_can_02.png",,,,,,,,,"0","0","0","[0,0,0,0,0,0,0,0]","False","False","0","0","0","[0,0,0,0,0,0,0,0]","False","False","True","90","3.800000","-45","0","","160","gun_76mm_parliament.name","False",,"3.330000","1","0.120000","1377918081","37263","18696","[158,218,66,68,206,176,115,164]","True","False",,"0","40","40","False","0","0","0","[0,0,0,0,0,0,0,0]","False","False","","0.100000","0.900000","0","0","0","[0,0,0,0,0,0,0,0]","False","False","1","MAGAZINE","0","0","0","[0,0,0,0,0,0,0,0]","False","False","0","0","0","[0,0,0,0,0,0,0,0]","False","False","4","True","False","","15","58","0","0","0","0","0","0","[0,0,0,0,0,0,0,0]","False","False","0","0","0","[0,0,0,0,0,0,0,0]","False","False","assets/pickups/weapons/temp_tur.json","False","0.250000","0","assets/ui/hud/HUD_tur_can_02.png","[""MULTIPLY"",""SCREEN""]","False","500","assets/data/fx/wfx_cannon_tur_02.json"
"0.750000","1","1","assets/data/pickups/ammo/pkp_ammo_84mm_heat.json","4","5","AMMOTYPE_BULLET","ARTILLERY_WEAPON","False",,,,,,,,,,,,,"9","0.200000","0","0","1","assets/data/pickups/weapons/bullets/b_84mm_heat.json","0","1","10","WEAPON","0","0","0","[0,0,0,0,0,0,0,0]","False","False","3","0","0.651000","0","0","0","[0,0,0,0,0,0,0,0]","False","False",,,,,,"1","gun_84mm_carlos.description","1423095803","5973","16695","[135,213,49,223,248,185,213,25]","True","False","0.500000","-1656875244","62096","17218","[153,214,110,21,210,130,100,230]","True","False","50",,,,,,,,,,,,,,,,,,,,,,,,,,,,,,,,,,,,,,,,,,,,,,,,,,,,,,,,,,,,"-1656875244","62096","17218","[153,214,110,21,210,130,100,230]","True","False","gun_84mm_carlos.json","SEMI-AUTO","0","12","-973191465","59359","19404","[189,196,219,59,251,197,5,211]","True","False","0","3","False",,,,"2","assets/ui/inventory/render/inv_gun_carlos.png",,,,,,,,,"0","0","0","[0,0,0,0,0,0,0,0]","False","False","0","0","0","[0,0,0,0,0,0,0,0]","False","False","True","90","0.200000","-45","0","","100","gun_84mm_carlos.name","False",,"1","1","0.120000","1377918081","37263","18696","[158,218,66,68,206,176,115,164]","True","False",,"0","100","40","True","0","0","0","[0,0,0,0,0,0,0,0]","False","False","","2","0.900000","173657436","42737","18311","[173,125,203,83,211,158,126,116]","True","False","1","MAGAZINE","-955080987","242","17727","[165,117,131,79,103,53,17,241]","True","False","-287034846","45927","20427","[171,176,164,126,250,15,137,183]","True","False","4","True","False","","1","26","0","0","0","0","0","0","[0,0,0,0,0,0,0,0]","False","False","0","0","0","[0,0,0,0,0,0,0,0]","False","False","assets/pickups/weapons/gun_carlos.json","False","0.700000","0","assets/ui/inventory/render/inv_gun_carlos.png","[""MULTIPLY"",""SCREEN""]","False","30","assets/data/fx/wfx_84mm_carlos.json"
"3","0","1","assets/data/pickups/ammo/pkp_ammo_84mm_heat.json","1","1","AMMOTYPE_LASER","LASER_WEAPON","True","0","2.500000","0","0","0","0","","0","0","0","0","0","0","0","0","0","0",,"0","1","0","WEAPON","0","0","0","[0,0,0,0,0,0,0,0]","False","False","2.400000","0","0.800000","-1505342492","12200","19717","[157,243,74,202,81,182,227,203]","True","False","1","1","0","0","0",,"gun_84mm_donkey.description","1423095803","5973","16695","[135,213,49,223,248,185,213,25]","True","False","0.500000","-1656875244","62096","17218","[153,214,110,21,210,130,100,230]","True","False","-1","True","0","0","[0,0,1,1,0]","0.100000","0","210","60","0","0","0","0","0","-0.800000","1.500000","-0.800000","-1","4","100","4","1","0","0","0","0","0","0","0","0","0","0","0","0","0","0","0","0","0","0","0","0","0","0","0","0","0","0","0","0","0","1","assets/data/fx/squibs/pyro_impact_cannon_small_02.json","1","0","0","0","[0,0,0,0,0,0,0,0]","False","True","0","0","0","[0,0,0,0,0,0,0,0]","False","False","gun_84mm_donkey.json","BURST/AUTO","0","20","-1067659804","7985","17700","[185,15,33,108,152,166,44,251]","True","False","0","3","False","16","0","0","0","assets/ui/inventory/render/inv_gun_donkey.png","0","0","0","0","0","0","0","0","0","0","0","[0,0,0,0,0,0,0,0]","False","False","0","0","0","[0,0,0,0,0,0,0,0]","False","False",,"3","3","0","0","","-1","gun_84mm_donkey.name","False","999","0.900000","1","0.120000","1377918081","37263","18696","[158,218,66,68,206,176,115,164]","True","False","5","0","5","0","True","0","0","0","[0,0,0,0,0,0,0,0]","False","False","","0.100000","0.350000","0","0","0","[0,0,0,0,0,0,0,0]","False","False","1","MAGAZINE","0","0","0","[0,0,0,0,0,0,0,0]","False","False","0","0","0","[0,0,0,0,0,0,0,0]","False","False","2.400000","True","False","","1","50","0","0","0","0","0","0","[0,0,0,0,0,0,0,0]","False","False","0","0","0","[0,0,0,0,0,0,0,0]","False","False","assets/pickups/weapons/gun_blackhand.json","False","0","0","assets/ui/inventory/render/inv_gun_donkey.png","[""MULTIPLY"",""SCREEN""]","False","30","assets/data/fx/wfx_cannon_small_02.json"
"0.750000","0.500000","35","assets/data/pickups/ammo/pkp_ammo_8mm_wildcat.json","4","140","AMMOTYPE_BULLET","ARTILLERY_WEAPON","False",,,,,,,,,,,,,"8.000000","0.850000","0","0.160000","0","assets/data/pickups/weapons/bullets/b_8mm_wildcat.json","0.060000","5","7","WEAPON","139528494","12370","18568","[141,46,4,191,48,157,42,152]","True","False","1.100000","0","0.651000","0","0","0","[0,0,0,0,0,0,0,0]","False","False",,,,,,"1","gun_8mmw_hazer.description","1423095803","5973","16695","[135,213,49,223,248,185,213,25]","True","False","0.500000","-1656875244","62096","17218","[153,214,110,21,210,130,100,230]","True","False","16",,,,,,,,,,,,,,,,,,,,,,,,,,,,,,,,,,,,,,,,,,,,,,,,,,,,,,,,,,,,"-1656875244","62096","17218","[153,214,110,21,210,130,100,230]","True","False","gun_8mmw_hazer.json","SEMI-AUTO","0.020000","20","1047889855","53361","20263","[191,245,83,122,75,15,135,212]","True","False","0","3","True",,,,"1","assets/ui/hud/HUD_sml_mg_01.png",,,,,,,,,"0","0","0","[0,0,0,0,0,0,0,0]","False","False","0","0","0","[0,0,0,0,0,0,0,0]","False","False","True","45","0.400000","0","0","","160","gun_8mmw_hazer.name","False",,"0.550000","1","0.120000","1377918081","37263","18696","[158,218,66,68,206,176,115,164]","True","False",,"0","40","2","False","60116200","32446","20256","[144,122,216,71,105,168,139,54]","True","False","","0.250000","2.750000","1532201229","11715","16607","[153,104,235,18,241,224,240,115]","True","False","2","MAGAZINE","0","0","0","[0,0,0,0,0,0,0,0]","False","False","0","0","0","[0,0,0,0,0,0,0,0]","False","False","4.500000","True","False","","1","24","0","0","0","0","0","0","[0,0,0,0,0,0,0,0]","False","False","0","0","0","[0,0,0,0,0,0,0,0]","False","False","assets/pickups/weapons/gun_rasmus.json","False","0.660000","0","assets/ui/hud/HUD_sml_mg_01.png","[""MULTIPLY"",""SCREEN""]","False","0","assets/data/fx/wfx_762_aleph.json"
"3.500000","0","4","assets/data/pickups/ammo/pkp_ammo_8mm_wildcat.json","4","4","AMMOTYPE_BULLET","ARTILLERY_WEAPON","False",,,,,,,,,,,,,"8.000000","1.200000","0","1","0","assets/data/pickups/weapons/bullets/b_8mm_wildcat.json","0","1","0","WEAPON","1052014697","36301","17366","[140,176,76,221,31,87,54,79]","True","False","1","0.200000","0.651000","1052014697","36301","17366","[140,176,76,221,31,87,54,79]","True","False",,,,,,"1","gun_8mmw_obrez.description","1423095803","5973","16695","[135,213,49,223,248,185,213,25]","True","False","0.200000","-1656875244","62096","17218","[153,214,110,21,210,130,100,230]","True","False","8",,,,,,,,,,,,,,,,,,,,,,,,,,,,,,,,,,,,,,,,,,,,,,,,,,,,,,,,,,,,"-1656875244","62096","17218","[153,214,110,21,210,130,100,230]","True","False","gun_8mmw_obrez.json","SEMI-AUTO","1.250000","12","892592882","59789","19136","[176,201,117,158,52,84,250,48]","True","False","10","3","False",,,,"0","assets/ui/inventory/render/inv_gun_obrez.png",,,,,,,,,"0","0","0","[0,0,0,0,0,0,0,0]","False","False","0","0","0","[0,0,0,0,0,0,0,0]","False","False","True","45","3.500000","-49.999992","0","","-1","gun_8mmw_obrez.name","False",,"0.750000","1","0.120000","1377918081","37263","18696","[158,218,66,68,206,176,115,164]","True","False",,"0","40","2","True","-1320000840","45252","17546","[169,242,39,57,38,111,110,230]","True","False","","0.250000","0.800000","606135825","42618","18552","[148,218,105,37,194,250,222,190]","True","False","0.350000","SINGLE_ROUND","0","0","0","[0,0,0,0,0,0,0,0]","False","False","0","0","0","[0,0,0,0,0,0,0,0]","False","False","1.100000","True","False","","1","6","0","0","0","0","0","0","[0,0,0,0,0,0,0,0]","False","False","0","0","0","[0,0,0,0,0,0,0,0]","False","False","assets/pickups/weapons/gun_obrez.json","False","0.330000","0","assets/ui/inventory/render/inv_gun_obrez.png","[""MULTIPLY"",""SCREEN""]","False","0","assets/data/fx/wfx_8mm_obrez.json"
"0","1","6","assets/data/pickups/ammo/pkp_ammo_8mm_wildcat.json","4","12","AMMOTYPE_BULLET","ARTILLERY_WEAPON","False",,,,,,,,,,,,,"12","0.300000","0","0","0.700000","assets/data/pickups/weapons/bullets/b_8mm_wildcat.json","0","1","20","WEAPON","1052014697","36301","17366","[140,176,76,221,31,87,54,79]","True","False","2.200000","0","0.500000","0","0","0","[0,0,0,0,0,0,0,0]","False","False",,,,,,"1","gun_8mmw_vbr.description","1423095803","5973","16695","[135,213,49,223,248,185,213,25]","True","False","0.500000","-1656875244","62096","17218","[153,214,110,21,210,130,100,230]","True","False","50",,,,,,,,,,,,,,,,,,,,,,,,,,,,,,,,,,,,,,,,,,,,,,,,,,,,,,,,,,,,"-1656875244","62096","17218","[153,214,110,21,210,130,100,230]","True","False","gun_8mmw_vbr.json","SEMI-AUTO","0.300000","19","217647301","17990","20213","[155,70,136,10,226,225,1,113]","True","False","0","3","True",,,,"0","assets/ui/inventory/render/inv_gun_voltanbogrifle.png",,,,,,,,,"0","0","0","[0,0,0,0,0,0,0,0]","False","False","0","0","0","[0,0,0,0,0,0,0,0]","False","False","True","90","0.050000","-49.999958","0","","100","gun_8mmw_vbr.name","False",,"2.200000","1","0.120000","1377918081","37263","18696","[158,218,66,68,206,176,115,164]","True","False",,"0","60","2","False","-1057198600","18069","18198","[144,179,241,59,1,71,237,232]","True","False","","0.500000","1.500000","173657436","42737","18311","[173,125,203,83,211,158,126,116]","True","False","1","MAGAZINE","-955080987","242","17727","[165,117,131,79,103,53,17,241]","True","False","0","0","0","[0,0,0,0,0,0,0,0]","False","False","4.500000","True","False","","1","11","0","0","0.200000","-1192864441","343","17832","[156,255,174,84,234,10,248,33]","True","False","0","0","0","[0,0,0,0,0,0,0,0]","False","False","assets/pickups/weapons/gun_voltanbogrifle.json","False","0.330000","0","assets/ui/inventory/render/inv_gun_voltanbogrifle.png","[""MULTIPLY"",""SCREEN""]","False","0","assets/data/fx/wfx_8mm_vbr.json"
"1.750000","1","50","assets/data/pickups/ammo/pkp_ammo_8mm_fmj.json","4","50","AMMOTYPE_BULLET","ARTILLERY_WEAPON","False",,,,,,,,,,,,,"9","1","0","0.080000","0","assets/data/pickups/weapons/bullets/b_8mm_fmj.json","0.050000","1","4","WEAPON","1965412754","41357","18726","[135,227,114,207,36,182,19,174]","True","False","0","0","0.651000","0","0","0","[0,0,0,0,0,0,0,0]","False","False",,,,,,"1.250000","gun_8mm_bonesaw.description","1423095803","5973","16695","[135,213,49,223,248,185,213,25]","True","False","0.500000","-1656875244","62096","17218","[153,214,110,21,210,130,100,230]","True","False","16",,,,,,,,,,,,,,,,,,,,,,,,,,,,,,,,,,,,,,,,,,,,,,,,,,,,,,,,,,,,"-1656875244","62096","17218","[153,214,110,21,210,130,100,230]","True","False","gun_8mm_bonesaw.json","BURST/AUTO","0.020000","25","0","0","0","[0,0,0,0,0,0,0,0]","False","False","0","3","True",,,,"0.750000","assets/ui/inventory/render/inv_gun_bonesaw.png",,,,,,,,,"-509861591","30593","17863","[173,115,169,229,125,133,87,82]","True","False","0","0","0","[0,0,0,0,0,0,0,0]","False","False","True","60","0.200000","0","0","","120","gun_8mm_bonesaw.name","False",,"0.200000","1","0.120000","1377918081","37263","18696","[158,218,66,68,206,176,115,164]","True","False",,"0","40","2","False","-1476017363","24947","18520","[147,130,218,83,141,73,110,197]","True","False","","1","3.500000","-1057198600","18069","18198","[144,179,241,59,1,71,237,232]","True","False","3","MAGAZINE","1052014697","36301","17366","[140,176,76,221,31,87,54,79]","True","False","0","0","0","[0,0,0,0,0,0,0,0]","False","False","6","True","False","","1","15","0","0","0","0","0","0","[0,0,0,0,0,0,0,0]","False","False","0","0","0","[0,0,0,0,0,0,0,0]","False","False","assets/pickups/weapons/gun_bonesaw.json","False","1","0","assets/ui/inventory/render/inv_gun_bonesaw.png","[""MULTIPLY"",""SCREEN""]","True","0","assets/data/fx/wfx_8mm_bonesaw.json"
"3","0.400000","1","assets/data/pickups/ammo/pkp_ammo_8mm_fmj.json","4","1","AMMOTYPE_BULLET","ARTILLERY_WEAPON","False",,,,,,,,,,,,,"12","0.400000","0","0","1","assets/data/pickups/weapons/bullets/b_8mm_fmj.json","0","1","0","WEAPON","-955080987","242","17727","[165,117,131,79,103,53,17,241]","True","False","1","0","0.500000","0","0","0","[0,0,0,0,0,0,0,0]","False","False",,,,,,"1","gun_8mm_edvenice.description","1423095803","5973","16695","[135,213,49,223,248,185,213,25]","True","False","0.500000","-1656875244","62096","17218","[153,214,110,21,210,130,100,230]","True","False","4",,,,,,,,,,,,,,,,,,,,,,,,,,,,,,,,,,,,,,,,,,,,,,,,,,,,,,,,,,,,"0","0","0","[0,0,0,0,0,0,0,0]","False","False","gun_8mm_edvenice.json","SEMI-AUTO","0","14","1050133469","62275","17356","[166,215,96,200,248,94,175,190]","True","False","0","3","False",,,,"-0.250000","assets/ui/inventory/render/inv_gun_edvenice.png",,,,,,,,,"0","0","0","[0,0,0,0,0,0,0,0]","False","False","0","0","0","[0,0,0,0,0,0,0,0]","False","False","True","30","1.700000","-49.999992","0","","-1","gun_8mm_edvenice.name","False",,"1","1","0.120000","1377918081","37263","18696","[158,218,66,68,206,176,115,164]","True","False",,"1337","100","0","True","-545799497","64253","20024","[150,94,229,172,117,210,30,147]","True","False","","0.100000","3","173657436","42737","18311","[173,125,203,83,211,158,126,116]","True","False","1","MAGAZINE","0","0","0","[0,0,0,0,0,0,0,0]","False","False","0","0","0","[0,0,0,0,0,0,0,0]","False","False","5.250000","True","False","","1","3","0","0","0","0","0","0","[0,0,0,0,0,0,0,0]","False","False","0","0","0","[0,0,0,0,0,0,0,0]","False","False","assets/pickups/weapons/gun_edvenice.json","False","0.100000","0","assets/ui/inventory/render/inv_gun_edvenice.png","[""MULTIPLY"",""SCREEN""]","False","1","assets/data/fx/wfx_357mag_hilfmir.json"
"0.750000","0.750000","25","assets/data/pickups/ammo/pkp_ammo_8mm_fmj.json","4","75","AMMOTYPE_BULLET","ARTILLERY_WEAPON","False",,,,,,,,,,,,,"8.000000","0.850000","0","0.200000","0","assets/data/pickups/weapons/bullets/b_8mm_fmj.json","0","1","4","WEAPON","1052014697","36301","17366","[140,176,76,221,31,87,54,79]","True","False","0.150000","0","0.651000","0","0","0","[0,0,0,0,0,0,0,0]","False","False",,,,,,"1","gun_8mm_rasmus.description","1423095803","5973","16695","[135,213,49,223,248,185,213,25]","True","False","0.500000","-1656875244","62096","17218","[153,214,110,21,210,130,100,230]","True","False","-1",,,,,,,,,,,,,,,,,,,,,,,,,,,,,,,,,,,,,,,,,,,,,,,,,,,,,,,,,,,,"-1656875244","62096","17218","[153,214,110,21,210,130,100,230]","True","False","gun_8mm_rasmus.json","BURST/AUTO","0.020000","20","1050133469","62275","17356","[166,215,96,200,248,94,175,190]","True","False","0","3","True",,,,"0.500000","assets/ui/inventory/render/inv_gun_rasmus.png",,,,,,,,,"0","0","0","[0,0,0,0,0,0,0,0]","False","False","0","0","0","[0,0,0,0,0,0,0,0]","False","False","True","45","0.500000","0","0","","-1","gun_8mm_rasmus.name","False",,"0.200000","1","0.120000","1377918081","37263","18696","[158,218,66,68,206,176,115,164]","True","False",,"0","40","0","False","-1057198600","18069","18198","[144,179,241,59,1,71,237,232]","True","False","","1","3","173657436","42737","18311","[173,125,203,83,211,158,126,116]","True","False","2","MAGAZINE","-955080987","242","17727","[165,117,131,79,103,53,17,241]","True","False","0","0","0","[0,0,0,0,0,0,0,0]","False","False","4.500000","True","False","","1","14","0","0","0","0","0","0","[0,0,0,0,0,0,0,0]","False","False","0","0","0","[0,0,0,0,0,0,0,0]","False","False","assets/pickups/weapons/gun_rasmus.json","False","0.660000","0","assets/ui/inventory/render/inv_gun_rasmus.png","[""MULTIPLY"",""SCREEN""]","False","0","assets/data/fx/wfx_8mm_rasmus.json"
"0.500000","0.300000","10","assets/data/pickups/ammo/pkp_ammo_90mm_beehive.json","4","75","AMMOTYPE_BULLET","ARTILLERY_WEAPON","False",,,,,,,,,,,,,"12","0.400000","0","0","0.700000","assets/data/pickups/weapons/bullets/b_90mm_beehive.json","0","1","3","WEAPON","0","0","0","[0,0,0,0,0,0,0,0]","False","False","1.100000","0","0.500000","0","0","0","[0,0,0,0,0,0,0,0]","False","False",,,,,,"1","gun_90mm_kraken.description","1423095803","5973","16695","[135,213,49,223,248,185,213,25]","True","False","0.500000","-1656875244","62096","17218","[153,214,110,21,210,130,100,230]","True","False","12",,,,,,,,,,,,,,,,,,,,,,,,,,,,,,,,,,,,,,,,,,,,,,,,,,,,,,,,,,,,"-1656875244","62096","17218","[153,214,110,21,210,130,100,230]","True","False","gun_90mm_kraken.json","BURST/AUTO","0","0","1209639932","31837","18001","[186,144,20,18,115,124,251,57]","True","False","0","3","False",,,,"6","assets/ui/hud/HUD_hvy_mg_02.png",,,,,,,,,"0","0","0","[0,0,0,0,0,0,0,0]","False","False","0","0","0","[0,0,0,0,0,0,0,0]","False","False","True","60","0.200000","-45","0","","200","gun_90mm_kraken.name","False",,"0.500000","1","0.120000","1377918081","37263","18696","[158,218,66,68,206,176,115,164]","True","False",,"0","70","30","False","0","0","0","[0,0,0,0,0,0,0,0]","False","False","","0.100000","0.900000","0","0","0","[0,0,0,0,0,0,0,0]","False","False","1","MAGAZINE","0","0","0","[0,0,0,0,0,0,0,0]","False","False","0","0","0","[0,0,0,0,0,0,0,0]","False","False","4.400000","True","False","","1","439","0","0","0","0","0","0","[0,0,0,0,0,0,0,0]","False","False","0","0","0","[0,0,0,0,0,0,0,0]","False","False","assets/pickups/weapons/temp_main.json","False","0.500000","0","assets/ui/hud/HUD_hvy_mg_02.png","[""MULTIPLY"",""SCREEN""]","False","500","assets/data/fx/wfx_mg_heavy_02.json"
"0","0.600000","22","assets/data/pickups/ammo/pkp_ammo_9mm_fmj.json","4","25","AMMOTYPE_BULLET","ARTILLERY_WEAPON","False",,,,,,,,,,,,,"7.000000","2.500000","0","0.300000","0","assets/data/pickups/weapons/bullets/b_9mm_fmj.json","0","1","0","WEAPON","1052014697","36301","17366","[140,176,76,221,31,87,54,79]","True","False","0.095000","0","0.651000","0","0","0","[0,0,0,0,0,0,0,0]","False","False",,,,,,"1","gun_9mm_amiguito.description","1423095803","5973","16695","[135,213,49,223,248,185,213,25]","True","False","0.225000","-1656875244","62096","17218","[153,214,110,21,210,130,100,230]","True","False","7",,,,,,,,,,,,,,,,,,,,,,,,,,,,,,,,,,,,,,,,,,,,,,,,,,,,,,,,,,,,"-1656875244","62096","17218","[153,214,110,21,210,130,100,230]","True","False","gun_9mm_amiguito.json","BURST/AUTO","0.020000","8","0","0","0","[0,0,0,0,0,0,0,0]","False","False","0","3","False",,,,"-0.330000","assets/ui/inventory/render/inv_gun_amiguito.png",,,,,,,,,"-1540736385","35637","17658","[151,207,60,101,118,158,105,129]","True","False","0","0","0","[0,0,0,0,0,0,0,0]","False","False","True","45","0.850000","-49.999958","0","","90","gun_9mm_amiguito.name","False",,"0.100000","1","0.120000","1377918081","37263","18696","[158,218,66,68,206,176,115,164]","True","False",,"0","40","1","True","60116200","32446","20256","[144,122,216,71,105,168,139,54]","True","False","","0.275000","1.850000","173657436","42737","18311","[173,125,203,83,211,158,126,116]","True","False","1.500000","MAGAZINE","-955080987","242","17727","[165,117,131,79,103,53,17,241]","True","False","0","0","0","[0,0,0,0,0,0,0,0]","False","False","3.200000","True","False","","1","5","0","0","0","0","0","0","[0,0,0,0,0,0,0,0]","False","False","0","0","0","[0,0,0,0,0,0,0,0]","False","False","assets/pickups/weapons/gun_amiguito.json","False","0.330000","0","assets/ui/inventory/render/inv_gun_amiguito.png","[""MULTIPLY"",""SCREEN""]","True","0","assets/data/fx/wfx_9mm_heino9.json"
"1.100000","0","6","assets/data/pickups/ammo/pkp_ammo_9mm_fmj.json","4","6","AMMOTYPE_BULLET","ARTILLERY_WEAPON","False",,,,,,,,,,,,,"5.000000","1.250000","0","0.250000","0","assets/data/pickups/weapons/bullets/b_9mm_fmj.json","0","1","0","WEAPON","173657436","42737","18311","[173,125,203,83,211,158,126,116]","True","False","0.275000","0.100000","0.651000","0","0","0","[0,0,0,0,0,0,0,0]","False","False",,,,,,"1","gun_9mm_catfish.description","1423095803","5973","16695","[135,213,49,223,248,185,213,25]","True","False","0.225000","-1656875244","62096","17218","[153,214,110,21,210,130,100,230]","True","False","12",,,,,,,,,,,,,,,,,,,,,,,,,,,,,,,,,,,,,,,,,,,,,,,,,,,,,,,,,,,,"-1656875244","62096","17218","[153,214,110,21,210,130,100,230]","True","False","gun_9mm_catfish.json","SEMI-AUTO","0.020000","8","828780570","35362","18751","[160,218,172,108,242,24,251,222]","True","False","0","3","False",,,,"0","assets/ui/inventory/render/inv_gun_catfish.png",,,,,,,,,"0","0","0","[0,0,0,0,0,0,0,0]","False","False","0","0","0","[0,0,0,0,0,0,0,0]","False","False","True","45","1.100000","-49.999962","0","","-1","gun_9mm_catfish.name","False",,"0.150000","1","0.120000","1377918081","37263","18696","[158,218,66,68,206,176,115,164]","True","False",,"0","40","0.100000","True","-181921828","37716","17988","[136,209,219,9,89,251,171,109]","True","False","","0.150000","0.300000","606135825","42618","18552","[148,218,105,37,194,250,222,190]","True","False","0.500000","SINGLE_ROUND","0","0","0","[0,0,0,0,0,0,0,0]","False","False","0","0","0","[0,0,0,0,0,0,0,0]","False","False","0.600000","True","False","","1","4","0","0","0","0","0","0","[0,0,0,0,0,0,0,0]","False","False","0","0","0","[0,0,0,0,0,0,0,0]","False","False","assets/pickups/weapons/gun_catfish.json","False","0.330000","0","assets/ui/inventory/render/inv_gun_catfish.png","[""MULTIPLY"",""SCREEN""]","False","0","assets/data/fx/wfx_9mm_catfish.json"
"5.500000","0.750000","25","assets/data/pickups/ammo/pkp_ammo_9mm_fmj.json","4","25","AMMOTYPE_BULLET","ARTILLERY_WEAPON","False",,,,,,,,,,,,,"8.000000","2.500000","0","0.300000","0","assets/data/pickups/weapons/bullets/b_9mm_fmj.json","0","1","0","WEAPON","1052014697","36301","17366","[140,176,76,221,31,87,54,79]","True","False","0.090000","0","0.651000","0","0","0","[0,0,0,0,0,0,0,0]","False","False",,,,,,"1","gun_9mm_handlebar.description","1423095803","5973","16695","[135,213,49,223,248,185,213,25]","True","False","0.225000","-1656875244","62096","17218","[153,214,110,21,210,130,100,230]","True","False","8",,,,,,,,,,,,,,,,,,,,,,,,,,,,,,,,,,,,,,,,,,,,,,,,,,,,,,,,,,,,"-1656875244","62096","17218","[153,214,110,21,210,130,100,230]","True","False","gun_9mm_handlebar.json","BURST/AUTO","0.020000","8","0","0","0","[0,0,0,0,0,0,0,0]","False","False","0","3","True",,,,"0","assets/ui/inventory/render/inv_gun_handlebar.png",,,,,,,,,"-1540736385","35637","17658","[151,207,60,101,118,158,105,129]","True","False","0","0","0","[0,0,0,0,0,0,0,0]","False","False","True","45","5.500000","-49.999958","0","","-1","gun_9mm_handlebar.name","False",,"0.100000","1","0.120000","1377918081","37263","18696","[158,218,66,68,206,176,115,164]","True","False",,"0","40","0","True","60116200","32446","20256","[144,122,216,71,105,168,139,54]","True","False","","0.275000","1.850000","173657436","42737","18311","[173,125,203,83,211,158,126,116]","True","False","1.500000","MAGAZINE","-955080987","242","17727","[165,117,131,79,103,53,17,241]","True","False","0","0","0","[0,0,0,0,0,0,0,0]","False","False","3.200000","True","False","","1","7","0","0","0","0","0","0","[0,0,0,0,0,0,0,0]","False","False","0","0","0","[0,0,0,0,0,0,0,0]","False","False","assets/pickups/weapons/gun_handlebar.json","False","0.330000","0","assets/ui/inventory/render/inv_gun_handlebar.png","[""MULTIPLY"",""SCREEN""]","True","0","assets/data/fx/wfx_9mm_heino9.json"
"0","0.750000","34","assets/data/pickups/ammo/pkp_ammo_9mm_fmj.json","4","34","AMMOTYPE_BULLET","ARTILLERY_WEAPON","False",,,,,,,,,,,,,"8.000000","2.500000","0","0.300000","0","assets/data/pickups/weapons/bullets/b_9mm_fmj.json","0.045000","2","0","WEAPON","1052014697","36301","17366","[140,176,76,221,31,87,54,79]","True","False","0.045000","0","0.651000","0","0","0","[0,0,0,0,0,0,0,0]","False","False",,,,,,"0.800000","gun_9mm_heino9.description","1423095803","5973","16695","[135,213,49,223,248,185,213,25]","True","False","0.500000","-1656875244","62096","17218","[153,214,110,21,210,130,100,230]","True","False","8",,,,,,,,,,,,,,,,,,,,,,,,,,,,,,,,,,,,,,,,,,,,,,,,,,,,,,,,,,,,"-1656875244","62096","17218","[153,214,110,21,210,130,100,230]","True","False","gun_9mm_heino9.json","BURST/AUTO","0","14","0","0","0","[0,0,0,0,0,0,0,0]","False","False","0","3","False",,,,"0","assets/ui/inventory/render/inv_gun_heino9.png",,,,,,,,,"-2076408011","43760","18379","[191,143,20,181,108,16,172,163]","True","False","0","0","0","[0,0,0,0,0,0,0,0]","False","False","True","45","1.000000","-49.999992","0","","90","gun_9mm_heino9.name","False",,"0.200000","1","0.120000","1377918081","37263","18696","[158,218,66,68,206,176,115,164]","True","False",,"0","40","0","False","60116200","32446","20256","[144,122,216,71,105,168,139,54]","True","False","","0.500000","1.750000","173657436","42737","18311","[173,125,203,83,211,158,126,116]","True","False","1.250000","MAGAZINE","-955080987","242","17727","[165,117,131,79,103,53,17,241]","True","False","0","0","0","[0,0,0,0,0,0,0,0]","False","False","2.500000","True","False","","1","5","0","0","0","0","0","0","[0,0,0,0,0,0,0,0]","False","False","0","0","0","[0,0,0,0,0,0,0,0]","False","False","assets/pickups/weapons/gun_heino9.json","True","0.330000","0","assets/ui/inventory/render/inv_gun_heino9.png","[""MULTIPLY"",""SCREEN""]","True","0","assets/data/fx/wfx_9mm_heino9.json"
"1.000000","0.600000","21","assets/data/pickups/ammo/pkp_ammo_9mm_fmj.json","4","25","AMMOTYPE_BULLET","ARTILLERY_WEAPON","False",,,,,,,,,,,,,"8.000000","2","0","0.330000","0","assets/data/pickups/weapons/bullets/b_9mm_fmj.json","0.120000","3","1","WEAPON","1052014697","36301","17366","[140,176,76,221,31,87,54,79]","True","False","0.600000","0","0.651000","0","0","0","[0,0,0,0,0,0,0,0]","False","False",,,,,,"1","gun_9mm_oxhorni.description","1423095803","5973","16695","[135,213,49,223,248,185,213,25]","True","False","0.225000","-1656875244","62096","17218","[153,214,110,21,210,130,100,230]","True","False","11",,,,,,,,,,,,,,,,,,,,,,,,,,,,,,,,,,,,,,,,,,,,,,,,,,,,,,,,,,,,"-1656875244","62096","17218","[153,214,110,21,210,130,100,230]","True","False","gun_9mm_oxhorni.json","SEMI-AUTO","0.020000","10","828780570","35362","18751","[160,218,172,108,242,24,251,222]","True","False","0","3","True",,,,"-0.250000","assets/ui/inventory/render/inv_gun_oxhorni.png",,,,,,,,,"-1540736385","35637","17658","[151,207,60,101,118,158,105,129]","True","False","0","0","0","[0,0,0,0,0,0,0,0]","False","False","True","45","0.660000","-49.999958","0","","90","gun_9mm_oxhorni.name","False",,"0.500000","1","0.120000","1377918081","37263","18696","[158,218,66,68,206,176,115,164]","True","False",,"0","40","1","True","60116200","32446","20256","[144,122,216,71,105,168,139,54]","True","False","","0.275000","1.850000","173657436","42737","18311","[173,125,203,83,211,158,126,116]","True","False","1.500000","MAGAZINE","-955080987","242","17727","[165,117,131,79,103,53,17,241]","True","False","0","0","0","[0,0,0,0,0,0,0,0]","False","False","2.100000","True","False","","1","6","0","0","0","0","0","0","[0,0,0,0,0,0,0,0]","False","False","0","0","0","[0,0,0,0,0,0,0,0]","False","False","assets/pickups/weapons/gun_oxhorni.json","False","0.330000","0","assets/ui/inventory/render/inv_gun_oxhorni.png","[""MULTIPLY"",""SCREEN""]","False","0","assets/data/fx/wfx_9mm_heino9.json"
"1.000000","0.300000","11","assets/data/pickups/ammo/pkp_ammo_9mm_fmj.json","4","25","AMMOTYPE_BULLET","ARTILLERY_WEAPON","False",,,,,,,,,,,,,"6","1","0","0.400000","0","assets/data/pickups/weapons/bullets/b_9mm_fmj.json","0","1","3.500000","WEAPON","1052014697","36301","17366","[140,176,76,221,31,87,54,79]","True","False","0.440000","0","0.651000","0","0","0","[0,0,0,0,0,0,0,0]","False","False",,,,,,"1","gun_9mm_skotak.description","1423095803","5973","16695","[135,213,49,223,248,185,213,25]","True","False","0.225000","-1656875244","62096","17218","[153,214,110,21,210,130,100,230]","True","False","10",,,,,,,,,,,,,,,,,,,,,,,,,,,,,,,,,,,,,,,,,,,,,,,,,,,,,,,,,,,,"-1656875244","62096","17218","[153,214,110,21,210,130,100,230]","True","False","gun_9mm_skotak.json","SEMI-AUTO","0.020000","10","828780570","35362","18751","[160,218,172,108,242,24,251,222]","True","False","0","3","True",,,,"0","assets/ui/inventory/render/inv_gun_skotak.png",,,,,,,,,"0","0","0","[0,0,0,0,0,0,0,0]","False","False","0","0","0","[0,0,0,0,0,0,0,0]","False","False","True","45","0.100000","-49.999958","0","","80","gun_9mm_skotak.name","False",,"0.170000","1","0.120000","1377918081","37263","18696","[158,218,66,68,206,176,115,164]","True","False",,"0","40","1","True","60116200","32446","20256","[144,122,216,71,105,168,139,54]","True","False","","0.275000","1.850000","173657436","42737","18311","[173,125,203,83,211,158,126,116]","True","False","1.500000","MAGAZINE","-955080987","242","17727","[165,117,131,79,103,53,17,241]","True","False","0","0","0","[0,0,0,0,0,0,0,0]","False","False","2.100000","True","False","","1","7","0","0","0","0","0","0","[0,0,0,0,0,0,0,0]","False","False","0","0","0","[0,0,0,0,0,0,0,0]","False","False","assets/pickups/weapons/gun_skotak.json","False","0.330000","0","assets/ui/inventory/render/inv_gun_skotak.png","[""MULTIPLY"",""SCREEN""]","False","0","assets/data/fx/wfx_9mm_heino9.json"
"3","0.750000","25","assets/data/pickups/ammo/pkp_ammo_9mm_fmj.json","4","25","AMMOTYPE_BULLET","ARTILLERY_WEAPON","False",,,,,,,,,,,,,"8.000000","2.500000","0","0.300000","0","assets/data/pickups/weapons/bullets/b_9mm_fmj.json","0","1","0","WEAPON","1052014697","36301","17366","[140,176,76,221,31,87,54,79]","True","False","0.800000","0.300000","0.651000","1052014697","36301","17366","[140,176,76,221,31,87,54,79]","True","False",,,,,,"1","gun_9mm_stapler.description","1423095803","5973","16695","[135,213,49,223,248,185,213,25]","True","False","0.225000","-1656875244","62096","17218","[153,214,110,21,210,130,100,230]","True","False","4",,,,,,,,,,,,,,,,,,,,,,,,,,,,,,,,,,,,,,,,,,,,,,,,,,,,,,,,,,,,"-1656875244","62096","17218","[153,214,110,21,210,130,100,230]","True","False","gun_9mm_stapler.json","SEMI-AUTO","0.020000","8","1845323155","19389","20158","[149,14,185,182,94,146,184,96]","True","False","0","3","False",,,,"0","assets/ui/inventory/render/inv_gun_stapler.png",,,,,,,,,"0","0","0","[0,0,0,0,0,0,0,0]","False","False","0","0","0","[0,0,0,0,0,0,0,0]","False","False","True","45","3","-49.999958","0","","-1","gun_9mm_stapler.name","False",,"0.450000","1","0.120000","1377918081","37263","18696","[158,218,66,68,206,176,115,164]","True","False",,"0","40","0","True","-545799497","64253","20024","[150,94,229,172,117,210,30,147]","True","False","","0.150000","0.500000","0","0","0","[0,0,0,0,0,0,0,0]","False","False","0.500000","SINGLE_ROUND","0","0","0","[0,0,0,0,0,0,0,0]","False","False","0","0","0","[0,0,0,0,0,0,0,0]","False","False","0.800000","True","False","","1","5","0","0","0","0","0","0","[0,0,0,0,0,0,0,0]","False","False","0","0","0","[0,0,0,0,0,0,0,0]","False","False","assets/pickups/weapons/gun_stapler.json","False","0.330000","0","assets/ui/inventory/render/inv_gun_stapler.png","[""MULTIPLY"",""SCREEN""]","False","0","assets/data/fx/wfx_9mm_stapler.json"
"0.220000","0.660000","27","assets/data/pickups/ammo/pkp_ammo_9mm_fmj.json","4","27","AMMOTYPE_BULLET","ARTILLERY_WEAPON","False",,,,,,,,,,,,,"4.660000","1.800000","0","0.285000","0","assets/data/pickups/weapons/bullets/b_9mm_fmj.json","0.065000","3","1","WEAPON","1052014697","36301","17366","[140,176,76,221,31,87,54,79]","True","False","0.500000","0","0.651000","0","0","0","[0,0,0,0,0,0,0,0]","False","False",,,,,,"1.500000","gun_9mm_tilo.description","1423095803","5973","16695","[135,213,49,223,248,185,213,25]","True","False","0.500000","-1656875244","62096","17218","[153,214,110,21,210,130,100,230]","True","False","11",,,,,,,,,,,,,,,,,,,,,,,,,,,,,,,,,,,,,,,,,,,,,,,,,,,,,,,,,,,,"-1656875244","62096","17218","[153,214,110,21,210,130,100,230]","True","False","gun_9mm_tilo.json","SEMI-AUTO","0.010000","12","0","0","0","[0,0,0,0,0,0,0,0]","False","False","0","3","True",,,,"-1","assets/ui/inventory/render/inv_gun_tilo.png",,,,,,,,,"236808407","62153","17866","[133,199,34,180,55,174,118,64]","True","False","0","0","0","[0,0,0,0,0,0,0,0]","False","False","True","45","0.150000","-49.999958","0","","-1","gun_9mm_tilo.name","False",,"0.330000","1","0.120000","1377918081","37263","18696","[158,218,66,68,206,176,115,164]","True","False",,"0","40","0","False","60116200","32446","20256","[144,122,216,71,105,168,139,54]","True","False","","0.250000","1.750000","173657436","42737","18311","[173,125,203,83,211,158,126,116]","True","False","1.250000","MAGAZINE","-955080987","242","17727","[165,117,131,79,103,53,17,241]","True","False","0","0","0","[0,0,0,0,0,0,0,0]","False","False","3.330000","True","False","","1","7","0","0","0","0","0","0","[0,0,0,0,0,0,0,0]","False","False","0","0","0","[0,0,0,0,0,0,0,0]","False","False","assets/pickups/weapons/gun_tilo.json","True","0.330000","0","assets/ui/inventory/render/inv_gun_tilo.png","[""MULTIPLY"",""SCREEN""]","True","0","assets/data/fx/wfx_9mm_tilo.json"
"24.999996","0","500","","1","75","AMMOTYPE_LASER","LASER_WEAPON","False","2.500000","2.500000","0.500000","110.999977","0","1.500000","[""assets/fx/beams/laser_multiply.png"",""assets/fx/beams/laser_screen.png""]","15","0.403000","0.500000","0.727000","0.500000","24.999996","0","0","0","0",,"0","1","0","WEAPON","0","0","0","[0,0,0,0,0,0,0,0]","False","False","0.250000","0","0.800000","0","0","0","[0,0,0,0,0,0,0,0]","False","False","1","1","0","0","0",,"gun_akp.description","1423095803","5973","16695","[135,213,49,223,248,185,213,25]","True","False","0.500000","-1656875244","62096","17218","[153,214,110,21,210,130,100,230]","True","False","-1","True","0","0","[0,0,1,1,0]","0.100000","0","9","0","0","0","0","0","0","-1","1.500000","-1","-1","4","0","4","3","0","0","0","0","0","0","0","0","0","0","0","0","0","0","0","0","0","0","0","0","0","0","0","0","0","0","0","0","0","20","","2","0","0","0","[0,0,0,0,0,0,0,0]","False","True","0","0","0","[0,0,0,0,0,0,0,0]","False","False","gun_akp.json","BURST/AUTO","0","50","-1467257513","7903","17379","[183,88,97,189,230,198,134,207]","True","False","0","3","False","1","0","0","0","assets/ui/hud/HUD_defense_boom.png","30","1","1.500000","20","-0.200000","3","-0.200000","-0.200000","0","0","0","[0,0,0,0,0,0,0,0]","False","False","0","0","0","[0,0,0,0,0,0,0,0]","False","False",,"24.999996","24.999996","45","0","","-1","gun_akp.name","False","2000","0.900000","1","0.120000","1377918081","37263","18696","[158,218,66,68,206,176,115,164]","True","False","4","0","13","50","False","0","0","0","[0,0,0,0,0,0,0,0]","False","False","","0.100000","0.350000","0","0","0","[0,0,0,0,0,0,0,0]","False","False","1","MAGAZINE","0","0","0","[0,0,0,0,0,0,0,0]","False","False","0","0","0","[0,0,0,0,0,0,0,0]","False","False","8","False","False","","20","35","0","0","0","0","0","0","[0,0,0,0,0,0,0,0]","False","False","0","0","0","[0,0,0,0,0,0,0,0]","False","False","assets/pickups/weapons/gun_blackhand.json","False","0","0","assets/ui/hud/HUD_defense_boom.png","[""MULTIPLY"",""SCREEN""]","False","75","assets/data/fx/wfx_special_shockwave_01.json"
"0","0","500","assets/data/pickups/ammo/pkp_ammo_alloy_rod.json","1","75","AMMOTYPE_LASER","LASER_WEAPON","True","0.010000","0.030000","0.279000","340.578033","1","2.308000","[""assets/fx/beams/laser_multiply_02.png"",""assets/fx/beams/laser_screen_02.png""]","6.865000","0.403000","0.890000","0.443000","0","6","0","0","0","0",,"0","8","0","WEAPON","0","0","0","[0,0,0,0,0,0,0,0]","False","False","0.040000","0","0.800000","0","0","0","[0,0,0,0,0,0,0,0]","False","False","1","1","0","0","0",,"gun_alloy_frank.description","1423095803","5973","16695","[135,213,49,223,248,185,213,25]","True","False","0.500000","-1656875244","62096","17218","[153,214,110,21,210,130,100,230]","True","False","-1","True","0","0","[0,0,1,1,0]","0.100000","0","0.050000","0","0","0","0","0","0","0","0","0","0","2","0","0.200000","0.900000","0","0","0","0","0","0","0","0","0","0","0","0","0","0","0","0","0","0","0","0","0","0","0","0","0","0","0","0","0","0.660000","","1","0","0","0","[0,0,0,0,0,0,0,0]","False","True","0","0","0","[0,0,0,0,0,0,0,0]","False","False","gun_alloy_frank.json","BURST/AUTO","0","6","0","0","0","[0,0,0,0,0,0,0,0]","False","False","0","3","False","3","0","0","0","assets/ui/inventory/render/inv_gun_frank.png","0.175000","0.660000","1","2","-0.800000","0.500000","-0.500000","-0.250000","-1398486894","4661","16556","[133,98,96,82,251,9,210,146]","True","False","-1333030212","25920","19960","[165,192,232,250,142,56,246,147]","True","False",,"6","6","-49.999992","0","","-1","gun_alloy_frank.name","False","0","0.900000","1","0.120000","1377918081","37263","18696","[158,218,66,68,206,176,115,164]","True","False","4","0","1.200000","0","True","0","0","0","[0,0,0,0,0,0,0,0]","False","False","","0.100000","0.350000","0","0","0","[0,0,0,0,0,0,0,0]","False","False","1","MAGAZINE","0","0","0","[0,0,0,0,0,0,0,0]","False","False","0","0","0","[0,0,0,0,0,0,0,0]","False","False","7.500000","True","False","","8","13","0","0","0","0","0","0","[0,0,0,0,0,0,0,0]","False","False","0","0","0","[0,0,0,0,0,0,0,0]","False","False","assets/pickups/weapons/temp_aux.json","False","0","0","assets/ui/inventory/render/inv_gun_frank.png","[""MULTIPLY"",""SCREEN""]","True","75","assets/data/fx/wfx_alloy_frank.json"
"13.999998","1","12","","0","1","AMMOTYPE_BULLET","ARTILLERY_WEAPON","True",,,,,,,,,,,,,"0","5","0","0","1","assets/data/pickups/weapons/bullets/b_g_smoke.json","0","1","0","WEAPON","0","0","0","[0,0,0,0,0,0,0,0]","False","False","1","0","0.001000","0","0","0","[0,0,0,0,0,0,0,0]","False","False",,,,,,"0.200000","gun_bigsmoke.description","0","0","0","[0,0,0,0,0,0,0,0]","False","False","0.500000","0","0","0","[0,0,0,0,0,0,0,0]","False","False","-1",,,,,,,,,,,,,,,,,,,,,,,,,,,,,,,,,,,,,,,,,,,,,,,,,,,,,,,,,,,,"0","0","0","[0,0,0,0,0,0,0,0]","False","False","gun_bigsmoke.json","SEMI-AUTO","0","0","1424430113","38796","16449","[173,228,222,64,25,194,30,61]","True","False","0","4","False",,,,"0","assets/ui/inventory/render/inv_ammo_g_smoke.png",,,,,,,,,"0","0","0","[0,0,0,0,0,0,0,0]","False","False","0","0","0","[0,0,0,0,0,0,0,0]","False","False","True","360","13.999998","-49.999958","0","","-1","gun_bigsmoke.name","False",,"1","1","0.250000","0","0","0","[0,0,0,0,0,0,0,0]","False","False",,"0","20","0","True","0","0","0","[0,0,0,0,0,0,0,0]","False","False","","0.200000","0.900000","0","0","0","[0,0,0,0,0,0,0,0]","False","False","0","MAGAZINE","0","0","0","[0,0,0,0,0,0,0,0]","False","False","0","0","0","[0,0,0,0,0,0,0,0]","False","False","2","False","False","point","15","33","0","0","0","0","0","0","[0,0,0,0,0,0,0,0]","False","False","0","0","0","[0,0,0,0,0,0,0,0]","False","False","assets/pickups/weapons/gun_smoke.json","True","0.330000","0","assets/ui/inventory/render/inv_ammo_g_smoke.png","[""MULTIPLY"",""SCREEN""]","False","1","assets/data/fx/wfx_special_smoke_01.json"
"0","0","-1","","0","-1","AMMOTYPE_NONE","ARTILLERY_WEAPON","True",,,,,,,,,,,,,"0","1","0","0","0","assets/data/pickups/weapons/bullets/b_null.json","0","0","25","ITEM","0","0","0","[0,0,0,0,0,0,0,0]","False","False","0","0","0.001000","0","0","0","[0,0,0,0,0,0,0,0]","False","False",,,,,,"2","gun_binoculars.description","-1586474137","53870","17581","[177,40,239,238,176,128,92,212]","True","False","0.500000","0","0","0","[0,0,0,0,0,0,0,0]","False","False","-1",,,,,,,,,,,,,,,,,,,,,,,,,,,,,,,,,,,,,,,,,,,,,,,,,,,,,,,,,,,,"0","0","0","[0,0,0,0,0,0,0,0]","False","False","gun_binoculars.json","BURST/AUTO","0","0","606135825","42618","18552","[148,218,105,37,194,250,222,190]","True","False","0","128","False",,,,"0","assets/ui/inventory/render/inv_gun_binoculars.png",,,,,,,,,"0","0","0","[0,0,0,0,0,0,0,0]","False","False","0","0","0","[0,0,0,0,0,0,0,0]","False","False","True","0","0","-65","0","","-1","gun_binoculars.name","False",,"0.200000","1","0.250000","-913379365","1444","20330","[146,141,126,74,15,224,99,86]","True","False",,"0","20","0","True","0","0","0","[0,0,0,0,0,0,0,0]","False","False","","0.100000","0.100000","0","0","0","[0,0,0,0,0,0,0,0]","False","False","0","MAGAZINE","0","0","0","[0,0,0,0,0,0,0,0]","False","False","0","0","0","[0,0,0,0,0,0,0,0]","False","False","0.100000","True","False","","0","3","0","0","0","0","0","0","[0,0,0,0,0,0,0,0]","False","False","0","0","0","[0,0,0,0,0,0,0,0]","False","False","assets/pickups/weapons/gun_binocs.json","True","0","0","assets/ui/inventory/render/inv_gun_binoculars.png","[""MULTIPLY"",""SCREEN""]","False","-1","assets/data/fx/wfx_null.json"
"4.000000","0","20","assets/data/pickups/ammo/pkp_ammo_cell_extreme.json","1","20","AMMOTYPE_LASER","LASER_WEAPON","True","2","0","0.850000","314.999878","-1.100000","2.500000","[""assets/fx/beams/laser_multiply.png"",""assets/fx/beams/laser_screen.png""]","60","0.600000","0","0.600000","0","2.000000","1","0","0","0.200000",,"0","20","3","WEAPON","0","0","0","[0,0,0,0,0,0,0,0]","False","False","4","0","0.399000","0","0","0","[0,0,0,0,0,0,0,0]","False","False","0.350000","2","2.500000","8","10",,"gun_blackhand.description","1423095803","5973","16695","[135,213,49,223,248,185,213,25]","True","False","0.500000","-1656875244","62096","17218","[153,214,110,21,210,130,100,230]","True","False","-1","True","0","0","[0,0,0,0,0]","0","0","0","0","0.100000","1","0.250000","2","10","0","0","0","0","0","0","3","0","0","0","0","0","0","0","0","0","0","0","0","0","0","0","0","0","0","0","0","0","0","0","0","0","0","0","0","0","0","0","assets/data/fx/pyros/pyro_null.json","0","-538924030","57833","18363","[147,125,181,166,22,37,252,89]","True","True","0","0","0","[0,0,0,0,0,0,0,0]","False","False","gun_blackhand.json","SEMI-AUTO","0","0","564237983","39792","20395","[183,239,139,34,166,108,110,143]","True","False","5","3","False","1","0","0","0","assets/ui/inventory/render/inv_gun_blackhand.png","0","0","0","0","-0.050000","4","-0.025000","-0.050000","0","0","0","[0,0,0,0,0,0,0,0]","False","False","0","0","0","[0,0,0,0,0,0,0,0]","False","False",,"4.000000","4.000000","-49.999958","0","","-1","gun_blackhand.name","False","3000","2.750000","1","0.120000","1377918081","37263","18696","[158,218,66,68,206,176,115,164]","True","False","10","2000000","31","1","False","0","0","0","[0,0,0,0,0,0,0,0]","False","False","","0.100000","0.350000","0","0","0","[0,0,0,0,0,0,0,0]","False","False","1","MAGAZINE","0","0","0","[0,0,0,0,0,0,0,0]","False","False","0","0","0","[0,0,0,0,0,0,0,0]","False","False","4","True","False","","1","31","0","0","0","0","0","0","[0,0,0,0,0,0,0,0]","False","False","0","0","0","[0,0,0,0,0,0,0,0]","False","False","assets/pickups/weapons/gun_blackhand.json","True","0","0","assets/ui/inventory/render/inv_gun_blackhand.png","[""MULTIPLY"",""SCREEN""]","False","20","assets/data/fx/wfx_laser_small_02.json"
"2.500000","0","12","assets/data/pickups/ammo/pkp_ammo_cell_extreme.json","1","75","AMMOTYPE_LASER","LASER_WEAPON","True","0.400000","0.080000","1","81.999992","0.300000","1","[""assets/fx/beams/laser_multiply_05.png"",""assets/fx/beams/laser_screen_05.png""]","3","0.500000","0","0.980000","0","5.000000","0.185000","0","0","0.427000",,"0","1","0","WEAPON","0","0","0","[0,0,0,0,0,0,0,0]","False","False","1.500000","0.500000","0.299000","1965412754","41357","18726","[135,227,114,207,36,182,19,174]","True","False","1","1","3","2","5",,"gun_broiler.description","1423095803","5973","16695","[135,213,49,223,248,185,213,25]","True","False","0.500000","-1656875244","62096","17218","[153,214,110,21,210,130,100,230]","True","False","15","False","0","0","[0.600000,-0.280000,0.735000,0.045000,8]","0.100000","0","6","2","0","0","0","0","0","0","0","0","0","0","0","0.500000","1","0","0","0","0","0","0","0","0","0","0","0","0","0","0","0","0","0","0","0","0","0","0","0","0","0","0","0","0","0","1","","1","0","0","0","[0,0,0,0,0,0,0,0]","False","True","0","0","0","[0,0,0,0,0,0,0,0]","False","False","gun_broiler.json","SEMI-AUTO","0","8","-1782446905","50902","19515","[178,187,155,224,86,238,90,103]","True","False","0","3","False","6","0","0","5","assets/ui/hud/HUD_aux_laser_01.png","6","1.500000","1","0.800000","-0.025000","1","-0.025000","-0.025000","0","0","0","[0,0,0,0,0,0,0,0]","False","False","0","0","0","[0,0,0,0,0,0,0,0]","False","False",,"8.000000","2.000000","-49.999992","0","","-1","gun_broiler.name","False","15","0.900000","1","0.120000","1377918081","37263","18696","[158,218,66,68,206,176,115,164]","True","False","3","0","27","0","False","0","0","0","[0,0,0,0,0,0,0,0]","False","False","","0.100000","0.350000","0","0","0","[0,0,0,0,0,0,0,0]","False","False","1","MAGAZINE","0","0","0","[0,0,0,0,0,0,0,0]","False","False","0","0","0","[0,0,0,0,0,0,0,0]","False","False","3.300000","True","False","","20","202","0","0","0","0","0","0","[0,0,0,0,0,0,0,0]","False","False","0","0","0","[0,0,0,0,0,0,0,0]","False","False","assets/pickups/weapons/temp_aux.json","False","0","0","assets/ui/hud/HUD_aux_laser_01.png","[""MULTIPLY"",""SCREEN""]","False","75","assets/data/fx/wfx_laser_aux_01.json"
"2.000000","0","70","assets/data/pickups/ammo/pkp_ammo_cell_hi.json","1","70","AMMOTYPE_LASER","LASER_WEAPON","True","0.200000","0.075000","0.186000","175.000015","2","2.500000","[""assets/fx/beams/laser_multiply.png"",""assets/fx/beams/laser_screen.png""]","30","0.800000","0","0.950000","0","1.000000","1","0","0","0",,"0","1","3.500000","WEAPON","0","0","0","[0,0,0,0,0,0,0,0]","False","False","0.100000","0","0.399000","0","0","0","[0,0,0,0,0,0,0,0]","False","False","0","0","0","0","1",,"gun_bully.description","1423095803","5973","16695","[135,213,49,223,248,185,213,25]","True","False","0.500000","-1656875244","62096","17218","[153,214,110,21,210,130,100,230]","True","False","-1","False","0","0","[0,0,0,0,0]","0","0","0.500000","0","0","0","0","0","0","0","0","0","0","0","0","1.500000","0","0","0","0","0","0","0","0","0","0","0","0","0","0","0","0","0","0","0","0","0","0","0","0","0","0","0","0","0","0","1.350000","assets/data/fx/pyros/pyro_null.json","0","0","0","0","[0,0,0,0,0,0,0,0]","False","True","0","0","0","[0,0,0,0,0,0,0,0]","False","False","gun_bully.json","BURST/AUTO","0","0","2116235236","17628","19362","[157,177,84,180,22,166,83,159]","True","False","0","3","False","1","1200","1.350000","0","assets/ui/hud/HUD_tur_laser_02.png","0.100000","1.500000","1.500000","0.350000","-0.010000","0.650000","-0.010000","-0.050000","0","0","0","[0,0,0,0,0,0,0,0]","False","False","0","0","0","[0,0,0,0,0,0,0,0]","False","False",,"2.000000","2.000000","-49.999958","0","","-1","gun_bully.name","False","5","0.900000","1","0.120000","1377918081","37263","18696","[158,218,66,68,206,176,115,164]","True","False","2","2000000","30","0","False","0","0","0","[0,0,0,0,0,0,0,0]","False","False","","0.100000","0.350000","0","0","0","[0,0,0,0,0,0,0,0]","False","False","1","MAGAZINE","0","0","0","[0,0,0,0,0,0,0,0]","False","False","0","0","0","[0,0,0,0,0,0,0,0]","False","False","2","True","False","","6","62","0","0.100000","0","0","0","0","[0,0,0,0,0,0,0,0]","False","False","0","0","0","[0,0,0,0,0,0,0,0]","False","False","assets/pickups/weapons/laser_tur.json","False","0","0","assets/ui/hud/HUD_tur_laser_02.png","[""MULTIPLY"",""SCREEN""]","False","140","assets/data/fx/wfx_laser_tur_02.json"
"0.500000","0","11","assets/data/pickups/ammo/pkp_ammo_cell_lo.json","4","100","AMMOTYPE_BULLET","ARTILLERY_WEAPON","False",,,,,,,,,,,,,"0.500000","1","0","0","0","assets/data/pickups/weapons/bullets/b_cell_concussion.json","0","1","0","WEAPON","0","0","0","[0,0,0,0,0,0,0,0]","False","False","1.550000","0","1.100000","122696736","50309","18588","[138,38,145,168,46,242,73,48]","True","False",,,,,,"0.100000","gun_cell_concussion.description","1423095803","5973","16695","[135,213,49,223,248,185,213,25]","True","False","0.500000","-1656875244","62096","17218","[153,214,110,21,210,130,100,230]","True","False","-1",,,,,,,,,,,,,,,,,,,,,,,,,,,,,,,,,,,,,,,,,,,,,,,,,,,,,,,,,,,,"-1656875244","62096","17218","[153,214,110,21,210,130,100,230]","True","False","gun_cell_concussion.json","BURST/AUTO","0","10","369464747","31712","19049","[163,231,247,158,159,37,41,43]","True","False","0","0","False",,,,"0","",,,,,,,,,"0","0","0","[0,0,0,0,0,0,0,0]","False","False","0","0","0","[0,0,0,0,0,0,0,0]","False","False","True","45","0","-49.999992","0","","-1","gun_cell_concussion.name","False",,"0.200000","1","0.120000","1377918081","37263","18696","[158,218,66,68,206,176,115,164]","True","False",,"0","40","0","False","60116200","32446","20256","[144,122,216,71,105,168,139,54]","True","False","","0.200000","0.900000","-1656875244","62096","17218","[153,214,110,21,210,130,100,230]","True","False","0.225000","MAGAZINE","0","0","0","[0,0,0,0,0,0,0,0]","False","False","0","0","0","[0,0,0,0,0,0,0,0]","False","False","1.600000","True","False","","1","15","0","0","0","0","0","0","[0,0,0,0,0,0,0,0]","False","False","0","0","0","[0,0,0,0,0,0,0,0]","False","False","assets/pickups/weapons/gun_concrifle.json","True","0.330000","0","assets/ui/hud/HUD_sml_can_01.png","[""MULTIPLY"",""SCREEN""]","False","132","assets/data/fx/wfx_mg_small_01.json"
"0.500000","0","100","assets/data/pickups/ammo/pkp_ammo_cell_lo.json","4","100","AMMOTYPE_BULLET","ARTILLERY_WEAPON","True",,,,,,,,,,,,,"0.500000","1","0","0","0","assets/data/pickups/weapons/bullets/b_cell_glove.json","0","1","0","WEAPON","0","0","0","[0,0,0,0,0,0,0,0]","False","False","3","0","1.100000","122696736","50309","18588","[138,38,145,168,46,242,73,48]","True","False",,,,,,"0.100000","gun_cell_glove.description","1423095803","5973","16695","[135,213,49,223,248,185,213,25]","True","False","0.500000","-1656875244","62096","17218","[153,214,110,21,210,130,100,230]","True","False","-1",,,,,,,,,,,,,,,,,,,,,,,,,,,,,,,,,,,,,,,,,,,,,,,,,,,,,,,,,,,,"-1656875244","62096","17218","[153,214,110,21,210,130,100,230]","True","False","gun_cell_glove.json","BURST/AUTO","0","10","-81066467","49835","16559","[159,246,121,204,240,54,205,223]","True","False","0","0","False",,,,"0","",,,,,,,,,"0","0","0","[0,0,0,0,0,0,0,0]","False","False","0","0","0","[0,0,0,0,0,0,0,0]","False","False","True","45","0","-49.999992","0","","-1","gun_cell_glove.name","False",,"0.200000","1","0.120000","1377918081","37263","18696","[158,218,66,68,206,176,115,164]","True","False",,"0","40","0","False","60116200","32446","20256","[144,122,216,71,105,168,139,54]","True","False","","0.200000","0.900000","-1656875244","62096","17218","[153,214,110,21,210,130,100,230]","True","False","0.225000","MAGAZINE","0","0","0","[0,0,0,0,0,0,0,0]","False","False","0","0","0","[0,0,0,0,0,0,0,0]","False","False","1.600000","True","False","","1","15","0","0","0","0","0","0","[0,0,0,0,0,0,0,0]","False","False","0","0","0","[0,0,0,0,0,0,0,0]","False","False","assets/pickups/weapons/gun_authglove.json","True","0.330000","0","assets/ui/hud/HUD_sml_can_01.png","[""MULTIPLY"",""SCREEN""]","False","132","assets/data/fx/wfx_mg_small_01.json"
"0.100000","0","30","assets/data/pickups/ammo/pkp_ammo_cell_extreme.json","1","75","AMMOTYPE_LASER","LASER_WEAPON","True","0.070000","0.125000","1","0","-0.628000","3.340000","""assets/fx/beams/laser_screen_05.png""","24","0.150000","0","0.150000","1","4.000000","0.300000","0","0","0.080000",,"0","1","14","WEAPON","0","0","0","[0,0,0,0,0,0,0,0]","False","False","0.166000","0.500000","0.800000","0","0","0","[0,0,0,0,0,0,0,0]","False","False","1","1","0","0","0",,"gun_chieftain.description","1423095803","5973","16695","[135,213,49,223,248,185,213,25]","True","False","0.500000","-1656875244","62096","17218","[153,214,110,21,210,130,100,230]","True","False","28","False","0","0","[0.600000,0.040000,0.980000,0.335000,7]","0.100000","0.660000","28","8","0","0","0","0","0","0","0","0","0","3","300","2.750000","1","0","0","0","0","0","0","0","0","0","0","0","0","0","0","0","0","0","0","0","0","0","0","0","0","0","0","0","0","0","0.800000","assets/data/fx/squibs/pyro_radius_laser_heavy_02.json","1.660000","-362820199","36238","16807","[135,42,109,55,132,147,90,204]","True","False","0","0","0","[0,0,0,0,0,0,0,0]","False","False","gun_chieftain.json","BURST/AUTO","0","40","-1444357866","46526","20157","[174,114,139,226,184,40,39,66]","True","False","0","3","False","12","0","0","10","assets/ui/hud/HUD_hvy_laser_02.png","60","1.660000","1","1.100000","0","0","0","0","0","0","0","[0,0,0,0,0,0,0,0]","False","False","0","0","0","[0,0,0,0,0,0,0,0]","False","False",,"79.999969","0","-49.999992","0","","-1","gun_chieftain.name","False","30","0.900000","1","0.120000","1377918081","37263","18696","[158,218,66,68,206,176,115,164]","True","False","5","0","70","0","False","0","0","0","[0,0,0,0,0,0,0,0]","False","False","","0.100000","0.350000","0","0","0","[0,0,0,0,0,0,0,0]","False","False","1","MAGAZINE","0","0","0","[0,0,0,0,0,0,0,0]","False","False","0","0","0","[0,0,0,0,0,0,0,0]","False","False","4","True","False","","1","444","0","0","0","0","0","0","[0,0,0,0,0,0,0,0]","False","False","0","0","0","[0,0,0,0,0,0,0,0]","False","False","assets/pickups/weapons/temp_main.json","False","0","0","assets/ui/hud/HUD_hvy_laser_02.png","[""MULTIPLY"",""SCREEN""]","False","75","assets/data/fx/wfx_laser_heavy_02.json"
"1.000000","0","100","assets/data/pickups/ammo/pkp_ammo_cell_hi.json","1","100","AMMOTYPE_LASER","LASER_WEAPON","True","0.025000","0.025000","0.800000","199.999969","0.500000","1.500000","[""assets/fx/beams/laser_multiply.png"",""assets/fx/beams/laser_screen.png""]","7","0.100000","0","0.300000","0","0","1","0","0","0",,"0","1","6","WEAPON","0","0","0","[0,0,0,0,0,0,0,0]","False","False","0.075000","0","0.399000","0","0","0","[0,0,0,0,0,0,0,0]","False","False","0","0","0","0","1",,"gun_disco.description","1423095803","5973","16695","[135,213,49,223,248,185,213,25]","True","False","0.500000","-1656875244","62096","17218","[153,214,110,21,210,130,100,230]","True","False","-1","False","0","0","[0,0,0,0,0]","0","0","0","0","0","0","0","0","0","0","0","0","0","0","0","0","0","0","0","0","0","0","0","0","0","0","0","0","0","0","0","0","0","0","0","0","0","0","0","0","0","0","0","0","0","0","0","assets/data/fx/pyros/pyro_null.json","0","0","0","0","[0,0,0,0,0,0,0,0]","False","True","0","0","0","[0,0,0,0,0,0,0,0]","False","False","gun_disco.json","BURST/AUTO","0","0","-297919714","30710","19281","[161,203,98,23,113,218,181,191]","True","False","0","3","False","1","0","0","0","assets/ui/hud/HUD_tur_laser_01.png","4","1.650000","0.750000","0.350000","-0.050000","0.250000","-0.050000","-0.050000","0","0","0","[0,0,0,0,0,0,0,0]","False","False","0","0","0","[0,0,0,0,0,0,0,0]","False","False",,"1.000000","1.000000","-49.999958","0","","-1","gun_disco.name","False","20","0.900000","1","0.120000","1377918081","37263","18696","[158,218,66,68,206,176,115,164]","True","False","3","2000000","40","0","False","0","0","0","[0,0,0,0,0,0,0,0]","False","False","","0.100000","0.350000","0","0","0","[0,0,0,0,0,0,0,0]","False","False","1","MAGAZINE","0","0","0","[0,0,0,0,0,0,0,0]","False","False","0","0","0","[0,0,0,0,0,0,0,0]","False","False","2","True","False","","5","75","0","0","0","0","0","0","[0,0,0,0,0,0,0,0]","False","False","0","0","0","[0,0,0,0,0,0,0,0]","False","False","assets/pickups/weapons/laser_tur.json","False","0","0","assets/ui/hud/HUD_tur_laser_01.png","[""MULTIPLY"",""SCREEN""]","False","200","assets/data/fx/wfx_laser_tur_01.json"
"0","0","-1","","0","-1","AMMOTYPE_NONE","ARTILLERY_WEAPON","True",,,,,,,,,,,,,"0","1","0","0","0","assets/data/pickups/weapons/bullets/b_null.json","0","0","0","WEAPON","0","0","0","[0,0,0,0,0,0,0,0]","False","False","0","0","0.001000","0","0","0","[0,0,0,0,0,0,0,0]","False","False",,,,,,"2","gun_flashlight.description","-1586474137","53870","17581","[177,40,239,238,176,128,92,212]","True","False","0.500000","0","0","0","[0,0,0,0,0,0,0,0]","False","False","-1",,,,,,,,,,,,,,,,,,,,,,,,,,,,,,,,,,,,,,,,,,,,,,,,,,,,,,,,,,,,"0","0","0","[0,0,0,0,0,0,0,0]","False","False","gun_flashlight.json","BURST/AUTO","0","0","606135825","42618","18552","[148,218,105,37,194,250,222,190]","True","False","0","0","False",,,,"0","assets/ui/inventory/render/inv_gun_flashlight.png",,,,,,,,,"0","0","0","[0,0,0,0,0,0,0,0]","False","False","0","0","0","[0,0,0,0,0,0,0,0]","False","False","True","0","0","0","0","","-1","gun_flashlight.name","False",,"0.200000","1","0.250000","-913379365","1444","20330","[146,141,126,74,15,224,99,86]","True","False",,"0","20","0","True","0","0","0","[0,0,0,0,0,0,0,0]","False","False","","0.100000","0.100000","0","0","0","[0,0,0,0,0,0,0,0]","False","False","0","MAGAZINE","0","0","0","[0,0,0,0,0,0,0,0]","False","False","0","0","0","[0,0,0,0,0,0,0,0]","False","False","0.100000","True","False","","0","3","0","0","0","0","0","0","[0,0,0,0,0,0,0,0]","False","False","0","0","0","[0,0,0,0,0,0,0,0]","False","False","assets/pickups/weapons/gun_flashlight.json","True","0","0","assets/ui/inventory/render/inv_gun_flashlight.png","[""MULTIPLY"",""SCREEN""]","False","-1","assets/data/fx/wfx_flashlight.json"
"0","0","-1","assets/data/pickups/ammo/pkp_ammo_cell_hi.json","1","25","AMMOTYPE_LASER","LASER_WEAPON","True","0.050000","0","0.018000","1.000000","1","1","[""assets/fx/beams/laser_multiply_02.png"",""assets/fx/beams/laser_screen_02.png""]","0.100000","0.150000","0.010000","0.900000","0","5.000000","1","0.850000","0","1",,"0","1","0","WEAPON","0","0","0","[0,0,0,0,0,0,0,0]","False","False","1","0","0.800000","0","0","0","[0,0,0,0,0,0,0,0]","False","False","1","1","0","0","0",,"FOR RECREATIONAL PURPOSES ONLY","0","0","0","[0,0,0,0,0,0,0,0]","False","False","0.500000","0","0","0","[0,0,0,0,0,0,0,0]","False","False","-1","True","0","0","[0,0,0,0,0]","0","0","5","0","0","0","0","0","0","0","0","0","0","0","0","1","1","40","0","0","0","0","0","0","0","0","0","0","0","0","0","0","0","0","0","0","0","0","0","0","0","0","0","0","0","0","1","assets/data/fx/pyros/pyro_ground_duiker.json","1","-316966822","41819","17727","[163,24,45,145,187,217,61,128]","True","False","-1656875244","62096","17218","[153,214,110,21,210,130,100,230]","True","False","gun_kamikaze_seeker_01.json","BURST/AUTO","0","0","0","0","0","[0,0,0,0,0,0,0,0]","False","False","0","3","False","1","1","0","0","","1","1","1","1","-0.100000","0.100000","-0.100000","-0.100000","0","0","0","[0,0,0,0,0,0,0,0]","False","False","0","0","0","[0,0,0,0,0,0,0,0]","False","False",,"0","0","-49.999992","0","","-1","Zombie bomb vest","False","100","0.900000","1","0.120000","0","0","0","[0,0,0,0,0,0,0,0]","False","False","2","2000000","0.500000","0","False","945720742","60821","18391","[168,121,176,32,160,51,144,172]","True","False","","0.100000","0.350000","0","0","0","[0,0,0,0,0,0,0,0]","False","False","1","MAGAZINE","0","0","0","[0,0,0,0,0,0,0,0]","False","False","0","0","0","[0,0,0,0,0,0,0,0]","False","False","0.900000","False","False","","1","1","1","0.100000","1","0","0","0","[0,0,0,0,0,0,0,0]","False","False","0","0","0","[0,0,0,0,0,0,0,0]","False","False","assets/fx/null.json","False","0","0","assets/ui/hud/HUD_sml_laser_01.png","[""MULTIPLY"",""SCREEN""]","False","25","assets/data/fx/wfx_40mm_thumper.json"
"0","0","-1","assets/data/pickups/ammo/pkp_ammo_cell_hi.json","1","25","AMMOTYPE_LASER","LASER_WEAPON","True","0.050000","0","0.018000","1.000000","1","1","[""assets/fx/beams/laser_multiply_02.png"",""assets/fx/beams/laser_screen_02.png""]","0.100000","0.150000","0.010000","0.900000","0","5.000000","1","0.850000","0","1",,"0","1","0","WEAPON","0","0","0","[0,0,0,0,0,0,0,0]","False","False","1","0","0.800000","0","0","0","[0,0,0,0,0,0,0,0]","False","False","1","1","0","0","0",,"FOR RECREATIONAL PURPOSES ONLY","0","0","0","[0,0,0,0,0,0,0,0]","False","False","0.500000","0","0","0","[0,0,0,0,0,0,0,0]","False","False","-1","True","0","0","[0,0,0,0,0]","0","0","5","0","0","0","0","0","0","0","0","0","0","0","0","1","1","40","0","0","0","0","0","0","0","0","0","0","0","0","0","0","0","0","0","0","0","0","0","0","0","0","0","0","0","0","1","assets/data/fx/pyros/pyro_ground_duiker.json","1","-316966822","41819","17727","[163,24,45,145,187,217,61,128]","True","False","-1656875244","62096","17218","[153,214,110,21,210,130,100,230]","True","False","gun_kamikaze_vest_01.json","BURST/AUTO","0","0","0","0","0","[0,0,0,0,0,0,0,0]","False","False","0","3","False","1","1","0","0","","1","1","1","1","-0.100000","0.100000","-0.100000","-0.100000","0","0","0","[0,0,0,0,0,0,0,0]","False","False","0","0","0","[0,0,0,0,0,0,0,0]","False","False",,"0","0","-49.999992","0","","-1","Zombie bomb vest","False","100","0.900000","1","0.120000","0","0","0","[0,0,0,0,0,0,0,0]","False","False","2","2000000","0.500000","0","False","945720742","60821","18391","[168,121,176,32,160,51,144,172]","True","False","","0.100000","0.350000","0","0","0","[0,0,0,0,0,0,0,0]","False","False","1","MAGAZINE","0","0","0","[0,0,0,0,0,0,0,0]","False","False","0","0","0","[0,0,0,0,0,0,0,0]","False","False","0.900000","False","False","","1","1","1","0.100000","1","0","0","0","[0,0,0,0,0,0,0,0]","False","False","0","0","0","[0,0,0,0,0,0,0,0]","False","False","assets/fx/null.json","False","0","0","assets/ui/hud/HUD_sml_laser_01.png","[""MULTIPLY"",""SCREEN""]","False","25","assets/data/fx/wfx_40mm_thumper.json"
"1.000000","1","1","","4","1","AMMOTYPE_ARTILLERY","ARTILLERY_WEAPON","False",,,,,,,,,,,,,"39.999985","0.025000","0","0","0","assets/data/pickups/weapons/bullets/b_lyam.json","0","1","10","WEAPON","0","0","0","[0,0,0,0,0,0,0,0]","False","False","11","0","0.500000","0","0","0","[0,0,0,0,0,0,0,0]","False","False",,,,,,"1","gun_lyam.description","1423095803","5973","16695","[135,213,49,223,248,185,213,25]","True","False","0.500000","-1656875244","62096","17218","[153,214,110,21,210,130,100,230]","True","False","50",,,,,,,,,,,,,,,,,,,,,,,,,,,,,,,,,,,,,,,,,,,,,,,,,,,,,,,,,,,,"-1656875244","62096","17218","[153,214,110,21,210,130,100,230]","True","False","gun_lyam.json","SEMI-AUTO","0","0","-7653911","54247","18322","[174,20,67,100,47,65,233,28]","True","False","0","3","False",,,,"0","assets/ui/hud/HUD_sml_can_01.png",,,,,,,,,"0","0","0","[0,0,0,0,0,0,0,0]","False","False","0","0","0","[0,0,0,0,0,0,0,0]","False","False","False","39.999985","0","0","0","","0","gun_lyam.name","False",,"1","1","0.120000","1377918081","37263","18696","[158,218,66,68,206,176,115,164]","True","False",,"0","100","0","True","0","0","0","[0,0,0,0,0,0,0,0]","False","False","","0.100000","0.900000","0","0","0","[0,0,0,0,0,0,0,0]","False","False","1","SINGLE_ROUND","0","0","0","[0,0,0,0,0,0,0,0]","False","False","0","0","0","[0,0,0,0,0,0,0,0]","False","False","1","True","False","","1","30","0","0","11","920705152","9882","18610","[144,251,17,185,166,254,114,5]","True","False","-190456828","37681","18645","[177,37,116,155,238,215,162,90]","True","False","assets/pickups/weapons/gun_thumper.json","False","1","0","assets/ui/hud/HUD_sml_can_01.png","[""MULTIPLY"",""SCREEN""]","False","1","assets/data/fx/wfx_flame_small_01.json"
"0","1","3","","1","3","AMMOTYPE_LASER","LASER_WEAPON","True","0.200000","0.075000","0.186000","175.000015","2","2.500000","[""assets/fx/beams/laser_multiply.png"",""assets/fx/beams/laser_screen.png""]","30","0.800000","0","0.950000","0","0","0","0","0","0",,"0","1","0","WEAPON","0","0","0","[0,0,0,0,0,0,0,0]","False","False","0.400000","0","0.800000","0","0","0","[0,0,0,0,0,0,0,0]","False","False","1","1","0","0","0",,"gun_microkinetic_laser.description","1423095803","5973","16695","[135,213,49,223,248,185,213,25]","True","False","0.500000","-1656875244","62096","17218","[153,214,110,21,210,130,100,230]","True","False","-1","False","0","0","[0,0,1,1,0]","0.100000","0","0","0","0","0","0","0","0","0","0","0","0","0","0","0","1","0","0","0","0","0","0","0","0","0","0","0","0","0","0","0","0","0","0","0","0","0","0","0","0","0","0","0","0","0","1","","1","0","0","0","[0,0,0,0,0,0,0,0]","False","False","0","0","0","[0,0,0,0,0,0,0,0]","False","False","gun_microkinetic_laser.json","SEMI-AUTO","0","10","-31334617","41463","19581","[141,131,119,65,239,204,250,106]","True","False","0","3","False","3","800","0","0","assets/ui/inventory/render/inv_gun_microkinetic_laser.png","2.660000","0.750000","1","2","-0.660000","0.660000","-0.660000","-0.830000","0","0","0","[0,0,0,0,0,0,0,0]","False","False","0","0","0","[0,0,0,0,0,0,0,0]","False","False",,"6","6","-49.999992","0","","-1","gun_microkinetic_laser.name","False","5","0.100000","1","0.120000","1377918081","37263","18696","[158,218,66,68,206,176,115,164]","True","False","3","0","1.900000","600","True","0","0","0","[0,0,0,0,0,0,0,0]","False","False","","0.100000","0.350000","0","0","0","[0,0,0,0,0,0,0,0]","False","False","1","MAGAZINE","0","0","0","[0,0,0,0,0,0,0,0]","False","False","0","0","0","[0,0,0,0,0,0,0,0]","False","False","4","True","False","","20","4","0","0","0","0","0","0","[0,0,0,0,0,0,0,0]","False","False","0","0","0","[0,0,0,0,0,0,0,0]","False","False","assets/pickups/weapons/gun_microkinetic_laser.json","True","0","0","assets/ui/inventory/render/inv_gun_microkinetic_laser.png","[""MULTIPLY"",""SCREEN""]","False","3","assets/data/fx/wfx_microkinetic_laser.json"
"0","1","500","assets/data/pickups/ammo/pkp_ammo_cell_hi.json","1","500","AMMOTYPE_LASER","LASER_WEAPON","True","0.100000","0","0.200000","102.000008","2","1.491000","[""assets/fx/beams/laser_multiply_05.png"",""assets/fx/beams/laser_screen_05.png""]","35","0.200000","0","0.300000","0","13.999998","0.500000","5","0","0",,"0.035000","4","3","WEAPON","0","0","0","[0,0,0,0,0,0,0,0]","False","False","0","0","0","0","0","0","[0,0,0,0,0,0,0,0]","False","False","0","0","0","0","1",,"gun_otomo.description","1423095803","5973","16695","[135,213,49,223,248,185,213,25]","True","False","0.500000","-1656875244","62096","17218","[153,214,110,21,210,130,100,230]","True","False","-1","False","0","0","[0,0,0,0,0]","0","0","0","0","0","0","0","0","0","0","0","0","0","0","0","0","0","0","0","0","0","0","0","0","0","0","0","0","0","0","0","0","0","0","0","0","0","0","0","0","0","0","0","0","0","0","0","assets/data/fx/pyros/pyro_null.json","0","0","0","0","[0,0,0,0,0,0,0,0]","False","True","0","0","0","[0,0,0,0,0,0,0,0]","False","False","gun_otomo.json","BURST/AUTO","0","0","564237983","39792","20395","[183,239,139,34,166,108,110,143]","True","False","0","3","False","1","0","0","0","assets/ui/hud/HUD_hvy_laser_01.png","2","0.650000","1.500000","2","0","0","0","0","-1242095000","13887","20425","[146,237,63,221,15,61,138,155]","True","False","-1333030212","25920","19960","[165,192,232,250,142,56,246,147]","True","False",,"13.999998","0","-49.999958","0","","-1","gun_otomo.name","False","50","0.900000","1","0.120000","1377918081","37263","18696","[158,218,66,68,206,176,115,164]","True","False","6","2000000","31","0","False","0","0","0","[0,0,0,0,0,0,0,0]","False","False","","0.100000","0.350000","0","0","0","[0,0,0,0,0,0,0,0]","False","False","1","MAGAZINE","0","0","0","[0,0,0,0,0,0,0,0]","False","False","0","0","0","[0,0,0,0,0,0,0,0]","False","False","2","True","False","","6","1","0","0.100000","0","0","0","0","[0,0,0,0,0,0,0,0]","False","False","0","0","0","[0,0,0,0,0,0,0,0]","False","False","assets/pickups/weapons/temp_main.json","False","0","0","assets/ui/hud/HUD_hvy_laser_01.png","[""MULTIPLY"",""SCREEN""]","True","1000","assets/data/fx/wfx_laser_heavy_01.json"
"0","0.100000","-1","assets/data/pickups/ammo/pkp_ammo_cell_hi.json","1","-1","AMMOTYPE_LASER","LASER_WEAPON","True","0","0.035000","0.078000","0","0.346000","6.879000","[""assets/fx/beams/laser_galinha_multiply.png"",""assets/fx/beams/laser_galinha_screen.png""]","30","0.700000","0","0.700000","0","6","0.150000","15","0","0",,"0.035000","5","3","WEAPON","0","0","0","[0,0,0,0,0,0,0,0]","False","False","1.750000","0","0.800000","0","0","0","[0,0,0,0,0,0,0,0]","False","False","1","1","0","0","0",,"gun_pinball_accelerator.description","0","0","0","[0,0,0,0,0,0,0,0]","False","False","0.500000","-1656875244","62096","17218","[153,214,110,21,210,130,100,230]","True","False","-1","True","0","0","[0,0,1,1,0]","0.100000","0","1","0","0","0","0","0","0","0","0","0","0","0","0","0.100000","1","0","0","0","0","0","0","0","0","0","0","0","0","0","0","0","0","0","0","0","0","0","0","0","0","0","0","0","0","0","1","assets/data/fx/squibs/pyro_impact_pinball_accel_01.json","1","0","0","0","[0,0,0,0,0,0,0,0]","False","False","0","0","0","[0,0,0,0,0,0,0,0]","False","False","gun_pinball_accelerator.json","BURST/AUTO","0","0","-1444357866","46526","20157","[174,114,139,226,184,40,39,66]","True","False","0","0","False","0","0","0","0","assets/ui/inventory/render/inv_gun_gollop.png","200","1","1","4","0","0","0","0","0","0","0","[0,0,0,0,0,0,0,0]","False","False","0","0","0","[0,0,0,0,0,0,0,0]","False","False",,"19.999992","19.999992","0","0","","-1","gun_pinball_accelerator.name","False","10000","0.900000","1","0.120000","0","0","0","[0,0,0,0,0,0,0,0]","False","False","10","0","4","-500000","False","0","0","0","[0,0,0,0,0,0,0,0]","False","False","","0.100000","0.350000","0","0","0","[0,0,0,0,0,0,0,0]","False","False","1","MAGAZINE","0","0","0","[0,0,0,0,0,0,0,0]","False","False","0","0","0","[0,0,0,0,0,0,0,0]","False","False","0","True","False","","5","11","0.100000","0.035000","0","0","0","0","[0,0,0,0,0,0,0,0]","False","False","0","0","0","[0,0,0,0,0,0,0,0]","False","False","assets/fx/null.json","False","0","0","assets/ui/inventory/render/inv_gun_pinball_accelerator.png","[""MULTIPLY"",""SCREEN""]","False","-1","assets/data/fx/wfx_pinball_accel_01.json"
"0","0.100000","-1","","1","-1","AMMOTYPE_LASER","LASER_WEAPON","True","0","0","0","0","0","0","","0","0","0","0","0","6","0.150000","15","0","0",,"0.035000","2","3","WEAPON","0","0","0","[0,0,0,0,0,0,0,0]","False","False","0.300000","0","0.800000","0","0","0","[0,0,0,0,0,0,0,0]","False","False","1","1","0","0","0",,"gun_pinball_decelerator.description","0","0","0","[0,0,0,0,0,0,0,0]","False","False","0.500000","-1656875244","62096","17218","[153,214,110,21,210,130,100,230]","True","False","-1","False","0","0","[0,0,1,1,0]","0.100000","0","0","0","0","0","0","0","0","0","0","0","0","0","0","0","1","0","0","0","0","0","0","0","0","0","0","0","0","0","0","0","0","0","0","0","0","0","0","0","0","0","0","0","0","0","1","","1","0","0","0","[0,0,0,0,0,0,0,0]","False","False","0","0","0","[0,0,0,0,0,0,0,0]","False","False","gun_pinball_decelerator.json","BURST/AUTO","0","0","-1444357866","46526","20157","[174,114,139,226,184,40,39,66]","True","False","0","0","False","0","0","0","0","assets/ui/inventory/render/inv_gun_gollop.png","0","0","0","0","0","0","0","0","-1398486894","4661","16556","[133,98,96,82,251,9,210,146]","True","False","1969291916","13941","20274","[191,21,112,121,185,54,8,34]","True","False",,"0","0","0","0","","-1","gun_pinball_decelerator.name","False","1","0.900000","1","0.120000","0","0","0","[0,0,0,0,0,0,0,0]","False","False","0","0","4","-200000","False","0","0","0","[0,0,0,0,0,0,0,0]","False","False","","0.100000","0.350000","0","0","0","[0,0,0,0,0,0,0,0]","False","False","1","MAGAZINE","0","0","0","[0,0,0,0,0,0,0,0]","False","False","0","0","0","[0,0,0,0,0,0,0,0]","False","False","0","True","False","","1","11","0","0","0","0","0","0","[0,0,0,0,0,0,0,0]","False","False","0","0","0","[0,0,0,0,0,0,0,0]","False","False","assets/fx/null.json","False","0","0","assets/ui/inventory/render/inv_gun_pinball_decelerator.png","[""MULTIPLY"",""SCREEN""]","True","-1","assets/data/fx/wfx_laser_main_01.json"
"3","0","-1","","0","-1","AMMOTYPE_NONE","ARTILLERY_WEAPON","True",,,,,,,,,,,,,"13.999998","1","0","0","0","assets/data/pickups/weapons/bullets/b_punch.json","0","1","0","WEAPON","0","0","0","[0,0,0,0,0,0,0,0]","False","False","0.500000","0","0.001000","0","0","0","[0,0,0,0,0,0,0,0]","False","False",,,,,,"2","gun_punch.description","-1586474137","53870","17581","[177,40,239,238,176,128,92,212]","True","False","0.500000","0","0","0","[0,0,0,0,0,0,0,0]","False","False","1",,,,,,,,,,,,,,,,,,,,,,,,,,,,,,,,,,,,,,,,,,,,,,,,,,,,,,,,,,,,"0","0","0","[0,0,0,0,0,0,0,0]","False","False","gun_punch.json","BURST/AUTO","0","0","606135825","42618","18552","[148,218,105,37,194,250,222,190]","True","False","0","4","False",,,,"0","",,,,,,,,,"0","0","0","[0,0,0,0,0,0,0,0]","False","False","0","0","0","[0,0,0,0,0,0,0,0]","False","False","True","360","0","-65","0","","-1","gun_punch.name","False",,"0.200000","1","0.250000","-913379365","1444","20330","[146,141,126,74,15,224,99,86]","True","False",,"0","20","0","False","0","0","0","[0,0,0,0,0,0,0,0]","False","False","","0.100000","0.100000","0","0","0","[0,0,0,0,0,0,0,0]","False","False","0","MAGAZINE","0","0","0","[0,0,0,0,0,0,0,0]","False","False","0","0","0","[0,0,0,0,0,0,0,0]","False","False","0.400000","True","False","point","1","2","0","0","0","0","0","0","[0,0,0,0,0,0,0,0]","False","False","0","0","0","[0,0,0,0,0,0,0,0]","False","False","assets/pickups/weapons/throw_rock_01.json","True","0","0","assets/ui/hud/HUD_ammo_arty.png","[""MULTIPLY"",""SCREEN""]","False","-1","assets/data/fx/wfx_null.json"
"3","0","-1","","0","-1","AMMOTYPE_NONE","ARTILLERY_WEAPON","True",,,,,,,,,,,,,"13.999998","1","0","0","0","assets/data/pickups/weapons/bullets/b_punch_zombie.json","0","1","0","WEAPON","0","0","0","[0,0,0,0,0,0,0,0]","False","False","0.500000","0","0.001000","0","0","0","[0,0,0,0,0,0,0,0]","False","False",,,,,,"2","","-1586474137","53870","17581","[177,40,239,238,176,128,92,212]","True","False","0.500000","0","0","0","[0,0,0,0,0,0,0,0]","False","False","1.500000",,,,,,,,,,,,,,,,,,,,,,,,,,,,,,,,,,,,,,,,,,,,,,,,,,,,,,,,,,,,"0","0","0","[0,0,0,0,0,0,0,0]","False","False","gun_punch_zombie.json","BURST/AUTO","0","0","1273674971","59707","16975","[137,98,46,236,177,239,248,28]","True","False","0","4","False",,,,"0","",,,,,,,,,"0","0","0","[0,0,0,0,0,0,0,0]","False","False","0","0","0","[0,0,0,0,0,0,0,0]","False","False","True","360","0","-65","0","","-1","Punch","False",,"0.200000","1","0.250000","-913379365","1444","20330","[146,141,126,74,15,224,99,86]","True","False",,"0","1.500000","0","False","0","0","0","[0,0,0,0,0,0,0,0]","False","False","","0.100000","0.100000","0","0","0","[0,0,0,0,0,0,0,0]","False","False","0","MAGAZINE","0","0","0","[0,0,0,0,0,0,0,0]","False","False","0","0","0","[0,0,0,0,0,0,0,0]","False","False","0.400000","True","False","point","1","2","0","0","0","0","0","0","[0,0,0,0,0,0,0,0]","False","False","0","0","0","[0,0,0,0,0,0,0,0]","False","False","assets/pickups/weapons/throw_rock_01.json","True","0","0","assets/ui/hud/HUD_ammo_arty.png","[""MULTIPLY"",""SCREEN""]","False","-1","assets/data/fx/wfx_null.json"
"0.500000","1","1","assets/data/pickups/ammo/pkp_ammo_rpg-7_heat.json","4","19","AMMOTYPE_BULLET","ARTILLERY_WEAPON","False",,,,,,,,,,,,,"9.999996","0.175000","0","0","1","assets/data/pickups/weapons/bullets/b_rpg_heat.json","0","1","8","WEAPON","0","0","0","[0,0,0,0,0,0,0,0]","False","False","3","0","0.651000","0","0","0","[0,0,0,0,0,0,0,0]","False","False",,,,,,"0.400000","gun_rpg_rpg7.description","1423095803","5973","16695","[135,213,49,223,248,185,213,25]","True","False","0.500000","-1656875244","62096","17218","[153,214,110,21,210,130,100,230]","True","False","14",,,,,,,,,,,,,,,,,,,,,,,,,,,,,,,,,,,,,,,,,,,,,,,,,,,,,,,,,,,,"-1656875244","62096","17218","[153,214,110,21,210,130,100,230]","True","False","gun_rpg_rpg7.json","SEMI-AUTO","3","13","-1027789249","63163","20448","[153,147,238,170,206,116,104,66]","True","False","10","1","False",,,,"0","assets/ui/inventory/render/inv_gun_rpg-7.png",,,,,,,,,"0","0","0","[0,0,0,0,0,0,0,0]","False","False","0","0","0","[0,0,0,0,0,0,0,0]","False","False","True","360","0.100000","0","10","","-1","gun_rpg_rpg7.name","False",,"1","1","0.120000","1377918081","37263","18696","[158,218,66,68,206,176,115,164]","True","False",,"0","40","15","True","-287034846","45927","20427","[171,176,164,126,250,15,137,183]","True","False","","0.250000","2.500000","-545799497","64253","20024","[150,94,229,172,117,210,30,147]","True","False","0","MAGAZINE","-181921828","37716","17988","[136,209,219,9,89,251,171,109]","True","False","0","0","0","[0,0,0,0,0,0,0,0]","False","False","6","True","False","","1","14","0","0","0","0","0","0","[0,0,0,0,0,0,0,0]","False","False","0","0","0","[0,0,0,0,0,0,0,0]","False","False","assets/pickups/weapons/gun_rpg.json","False","0.330000","0","assets/ui/inventory/render/inv_gun_rpg-7.png","[""MULTIPLY"",""SCREEN""]","False","30","assets/data/fx/wfx_rpg_rpg7_01.json"
"3","0","1","","0","1","AMMOTYPE_NONE","ARTILLERY_WEAPON","True",,,,,,,,,,,,,"13.999998","1","0","0","0","assets/data/pickups/weapons/bullets/b_rock.json","0","1","0","WEAPON","0","0","0","[0,0,0,0,0,0,0,0]","False","False","0.750000","0","0.001000","0","0","0","[0,0,0,0,0,0,0,0]","False","False",,,,,,"0.200000","gun_s-u_bottle.description","-1586474137","53870","17581","[177,40,239,238,176,128,92,212]","True","False","0.500000","0","0","0","[0,0,0,0,0,0,0,0]","False","False","-1",,,,,,,,,,,,,,,,,,,,,,,,,,,,,,,,,,,,,,,,,,,,,,,,,,,,,,,,,,,,"0","0","0","[0,0,0,0,0,0,0,0]","False","False","gun_s-u_bottle.json","BURST/AUTO","0","0","606135825","42618","18552","[148,218,105,37,194,250,222,190]","True","False","0","4","False",,,,"0","",,,,,,,,,"0","0","0","[0,0,0,0,0,0,0,0]","False","False","0","0","0","[0,0,0,0,0,0,0,0]","False","False","True","360","0","-65","0","","-1","gun_s-u_bottle.name","False",,"0.200000","1","0.250000","-913379365","1444","20330","[146,141,126,74,15,224,99,86]","True","False",,"0","20","0","True","0","0","0","[0,0,0,0,0,0,0,0]","False","False","","0.200000","0.900000","0","0","0","[0,0,0,0,0,0,0,0]","False","False","0","MAGAZINE","0","0","0","[0,0,0,0,0,0,0,0]","False","False","0","0","0","[0,0,0,0,0,0,0,0]","False","False","2","True","False","point","1","4","0","0","0","0","0","0","[0,0,0,0,0,0,0,0]","False","False","0","0","0","[0,0,0,0,0,0,0,0]","False","False","assets/pickups/weapons/throw_rock_01.json","True","0","0","assets/ui/hud/HUD_ammo_arty.png","[""MULTIPLY"",""SCREEN""]","False","1","assets/data/fx/wfx_throw_rock.json"
"0.850000","0.700000","1","","0","1","AMMOTYPE_NONE","ARTILLERY_WEAPON","True",,,,,,,,,,,,,"7.000000","1.100000","0","0","0","assets/data/pickups/weapons/bullets/b_cinderblock.json","0","1","0","WEAPON","0","0","0","[0,0,0,0,0,0,0,0]","False","False","0.750000","0","0.001000","0","0","0","[0,0,0,0,0,0,0,0]","False","False",,,,,,"0.200000","gun_s-u_cinderblock.description","-1586474137","53870","17581","[177,40,239,238,176,128,92,212]","True","False","0.500000","0","0","0","[0,0,0,0,0,0,0,0]","False","False","7",,,,,,,,,,,,,,,,,,,,,,,,,,,,,,,,,,,,,,,,,,,,,,,,,,,,,,,,,,,,"0","0","0","[0,0,0,0,0,0,0,0]","False","False","gun_s-u_cinderblock.json","BURST/AUTO","0","0","606135825","42618","18552","[148,218,105,37,194,250,222,190]","True","False","0","4","False",,,,"0","assets/ui/inventory/render/inv_gun_cinderblock.png",,,,,,,,,"0","0","0","[0,0,0,0,0,0,0,0]","False","False","0","0","0","[0,0,0,0,0,0,0,0]","False","False","True","360","0.200000","-65","0","","-1","gun_s-u_cinderblock.name","False",,"0.200000","1","0.250000","-913379365","1444","20330","[146,141,126,74,15,224,99,86]","True","False",,"0","20","0","True","0","0","0","[0,0,0,0,0,0,0,0]","False","False","","0.200000","0.900000","0","0","0","[0,0,0,0,0,0,0,0]","False","False","0","MAGAZINE","0","0","0","[0,0,0,0,0,0,0,0]","False","False","0","0","0","[0,0,0,0,0,0,0,0]","False","False","1.500000","True","False","point","1","8","0","0","0","0","0","0","[0,0,0,0,0,0,0,0]","False","False","0","0","0","[0,0,0,0,0,0,0,0]","False","False","assets/pickups/weapons/gun_cinderblock.json","True","0","0","assets/ui/inventory/render/inv_gun_cinderblock.png","[""MULTIPLY"",""SCREEN""]","False","1","assets/data/fx/wfx_throw_cinderblock.json"
"3","0","5","","0","1","AMMOTYPE_BULLET","ARTILLERY_WEAPON","True",,,,,,,,,,,,,"13.999998","1","0","0","0","assets/data/pickups/weapons/bullets/b_g_flash.json","0","1","0","WEAPON","0","0","0","[0,0,0,0,0,0,0,0]","False","False","1","0","0.001000","0","0","0","[0,0,0,0,0,0,0,0]","False","False",,,,,,"0.200000","gun_s-u_flash.description","0","0","0","[0,0,0,0,0,0,0,0]","False","False","0.500000","0","0","0","[0,0,0,0,0,0,0,0]","False","False","-1",,,,,,,,,,,,,,,,,,,,,,,,,,,,,,,,,,,,,,,,,,,,,,,,,,,,,,,,,,,,"0","0","0","[0,0,0,0,0,0,0,0]","False","False","gun_s-u_flash.json","SEMI-AUTO","20","0","-181921828","37716","17988","[136,209,219,9,89,251,171,109]","True","False","10","4","False",,,,"0","assets/ui/inventory/render/inv_ammo_g_flash.png",,,,,,,,,"0","0","0","[0,0,0,0,0,0,0,0]","False","False","0","0","0","[0,0,0,0,0,0,0,0]","False","False","True","360","0","-49.999958","0","","-1","gun_s-u_flash.name","False",,"0.650000","1","0.250000","0","0","0","[0,0,0,0,0,0,0,0]","False","False",,"0","20","0","True","0","0","0","[0,0,0,0,0,0,0,0]","False","False","","0.200000","0.900000","0","0","0","[0,0,0,0,0,0,0,0]","False","False","0","MAGAZINE","0","0","0","[0,0,0,0,0,0,0,0]","False","False","0","0","0","[0,0,0,0,0,0,0,0]","False","False","2","True","False","point","1","1","0","0","0","0","0","0","[0,0,0,0,0,0,0,0]","False","False","0","0","0","[0,0,0,0,0,0,0,0]","False","False","assets/pickups/weapons/gun_flash.json","True","0.330000","0","assets/ui/inventory/render/inv_ammo_g_flash.png","[""MULTIPLY"",""SCREEN""]","False","1","assets/data/fx/wfx_throw_grenade.json"
"3","0","5","","0","1","AMMOTYPE_BULLET","ARTILLERY_WEAPON","True",,,,,,,,,,,,,"13.999998","1","0","0","0","assets/data/pickups/weapons/bullets/b_g_frag.json","0","1","0","WEAPON","0","0","0","[0,0,0,0,0,0,0,0]","False","False","1","0","0.001000","0","0","0","[0,0,0,0,0,0,0,0]","False","False",,,,,,"0.200000","gun_s-u_frag.description","0","0","0","[0,0,0,0,0,0,0,0]","False","False","0.500000","0","0","0","[0,0,0,0,0,0,0,0]","False","False","-1",,,,,,,,,,,,,,,,,,,,,,,,,,,,,,,,,,,,,,,,,,,,,,,,,,,,,,,,,,,,"0","0","0","[0,0,0,0,0,0,0,0]","False","False","gun_s-u_frag.json","SEMI-AUTO","0","0","-181921828","37716","17988","[136,209,219,9,89,251,171,109]","True","False","10","4","False",,,,"0","assets/ui/inventory/render/inv_ammo_g_frag.png",,,,,,,,,"0","0","0","[0,0,0,0,0,0,0,0]","False","False","0","0","0","[0,0,0,0,0,0,0,0]","False","False","True","360","0","-49.999958","0","","-1","gun_s-u_frag.name","False",,"0.550000","1","0.250000","0","0","0","[0,0,0,0,0,0,0,0]","False","False",,"0","20","0","True","0","0","0","[0,0,0,0,0,0,0,0]","False","False","","0.200000","0.900000","0","0","0","[0,0,0,0,0,0,0,0]","False","False","0","MAGAZINE","0","0","0","[0,0,0,0,0,0,0,0]","False","False","0","0","0","[0,0,0,0,0,0,0,0]","False","False","2","True","False","point","1","1","0","0","0","0","0","0","[0,0,0,0,0,0,0,0]","False","False","0","0","0","[0,0,0,0,0,0,0,0]","False","False","assets/pickups/weapons/gun_frag.json","True","0.330000","0","assets/ui/inventory/render/inv_ammo_g_frag.png","[""MULTIPLY"",""SCREEN""]","False","1","assets/data/fx/wfx_throw_grenade.json"
"0.500000","1","1","","4","1","AMMOTYPE_BULLET","ARTILLERY_WEAPON","True",,,,,,,,,,,,,"9.999996","0.250000","0","0","1","assets/data/pickups/weapons/bullets/b_law.json","0","1","8","WEAPON","0","0","0","[0,0,0,0,0,0,0,0]","False","False","5","0","0.651000","0","0","0","[0,0,0,0,0,0,0,0]","False","False",,,,,,"0.400000","gun_s-u_law.description","1423095803","5973","16695","[135,213,49,223,248,185,213,25]","True","False","0.500000","-1656875244","62096","17218","[153,214,110,21,210,130,100,230]","True","False","-1",,,,,,,,,,,,,,,,,,,,,,,,,,,,,,,,,,,,,,,,,,,,,,,,,,,,,,,,,,,,"0","0","0","[0,0,0,0,0,0,0,0]","False","False","gun_s-u_law.json","SEMI-AUTO","1","0","-780427079","2093","16501","[146,65,136,148,114,49,0,4]","True","False","0","3","False",,,,"0","assets/ui/inventory/render/inv_gun_law.png",,,,,,,,,"0","0","0","[0,0,0,0,0,0,0,0]","False","False","0","0","0","[0,0,0,0,0,0,0,0]","False","False","True","360","0","0","0","","-1","gun_s-u_law.name","False",,"5","1","0.120000","1377918081","37263","18696","[158,218,66,68,206,176,115,164]","True","False",,"0","40","0","True","0","0","0","[0,0,0,0,0,0,0,0]","False","False","","0.200000","0.900000","0","0","0","[0,0,0,0,0,0,0,0]","False","False","0","MAGAZINE","0","0","0","[0,0,0,0,0,0,0,0]","False","False","0","0","0","[0,0,0,0,0,0,0,0]","False","False","2","True","False","","1","5","0","0","0","0","0","0","[0,0,0,0,0,0,0,0]","False","False","0","0","0","[0,0,0,0,0,0,0,0]","False","False","assets/pickups/weapons/gun_law.json","False","0.330000","0","assets/ui/inventory/render/inv_gun_law.png","[""MULTIPLY"",""SCREEN""]","False","1","assets/data/fx/wfx_s-u_law.json"
"0.600000","0.700000","6","","0","1","AMMOTYPE_NONE","ARTILLERY_WEAPON","True",,,,,,,,,,,,,"13.999998","0.900000","0","0","0","assets/data/pickups/weapons/bullets/b_rock.json","0","1","0","WEAPON","0","0","0","[0,0,0,0,0,0,0,0]","False","False","1.400000","0","0.001000","0","0","0","[0,0,0,0,0,0,0,0]","False","False",,,,,,"0.200000","gun_s-u_rock.description","-1586474137","53870","17581","[177,40,239,238,176,128,92,212]","True","False","0.500000","0","0","0","[0,0,0,0,0,0,0,0]","False","False","9",,,,,,,,,,,,,,,,,,,,,,,,,,,,,,,,,,,,,,,,,,,,,,,,,,,,,,,,,,,,"0","0","0","[0,0,0,0,0,0,0,0]","False","False","gun_s-u_rock.json","BURST/AUTO","0","0","606135825","42618","18552","[148,218,105,37,194,250,222,190]","True","False","0","4","False",,,,"0","assets/ui/inventory/render/inv_gun_rock.png",,,,,,,,,"0","0","0","[0,0,0,0,0,0,0,0]","False","False","0","0","0","[0,0,0,0,0,0,0,0]","False","False","True","360","0.200000","-65","0","","-1","gun_s-u_rock.name","False",,"0.200000","1","0.250000","-913379365","1444","20330","[146,141,126,74,15,224,99,86]","True","False",,"0","20","0","True","0","0","0","[0,0,0,0,0,0,0,0]","False","False","","0.200000","0.900000","0","0","0","[0,0,0,0,0,0,0,0]","False","False","0","MAGAZINE","0","0","0","[0,0,0,0,0,0,0,0]","False","False","0","0","0","[0,0,0,0,0,0,0,0]","False","False","1.500000","True","False","point","1","4","0","0","0","0","0","0","[0,0,0,0,0,0,0,0]","False","False","0","0","0","[0,0,0,0,0,0,0,0]","False","False","assets/pickups/weapons/gun_rock.json","True","0","0","assets/ui/inventory/render/inv_gun_rock.png","[""MULTIPLY"",""SCREEN""]","False","1","assets/data/fx/wfx_throw_rock.json"
"0","0","5","","0","1","AMMOTYPE_BULLET","ARTILLERY_WEAPON","True",,,,,,,,,,,,,"0","1","0","0","0","assets/data/pickups/weapons/bullets/b_g_smoke.json","0","1","0","WEAPON","0","0","0","[0,0,0,0,0,0,0,0]","False","False","1","0","0.001000","0","0","0","[0,0,0,0,0,0,0,0]","False","False",,,,,,"0.200000","gun_s-u_smoke.description","0","0","0","[0,0,0,0,0,0,0,0]","False","False","0.500000","0","0","0","[0,0,0,0,0,0,0,0]","False","False","-1",,,,,,,,,,,,,,,,,,,,,,,,,,,,,,,,,,,,,,,,,,,,,,,,,,,,,,,,,,,,"0","0","0","[0,0,0,0,0,0,0,0]","False","False","gun_s-u_smoke.json","SEMI-AUTO","0","0","-181921828","37716","17988","[136,209,219,9,89,251,171,109]","True","False","0","4","False",,,,"0","assets/ui/inventory/render/inv_ammo_g_smoke.png",,,,,,,,,"0","0","0","[0,0,0,0,0,0,0,0]","False","False","0","0","0","[0,0,0,0,0,0,0,0]","False","False","True","360","0","-49.999958","0","","-1","gun_s-u_smoke.name","False",,"0.750000","1","0.250000","0","0","0","[0,0,0,0,0,0,0,0]","False","False",,"0","20","0","True","0","0","0","[0,0,0,0,0,0,0,0]","False","False","","0.200000","0.900000","0","0","0","[0,0,0,0,0,0,0,0]","False","False","0","MAGAZINE","0","0","0","[0,0,0,0,0,0,0,0]","False","False","0","0","0","[0,0,0,0,0,0,0,0]","False","False","2","True","False","point","3","1","0","0","0","0","0","0","[0,0,0,0,0,0,0,0]","False","False","0","0","0","[0,0,0,0,0,0,0,0]","False","False","assets/pickups/weapons/gun_smoke.json","True","0.330000","0","assets/ui/inventory/render/inv_ammo_g_smoke.png","[""MULTIPLY"",""SCREEN""]","False","1","assets/data/fx/wfx_special_smoke_01.json"
"3","0.150000","4","","0","1","AMMOTYPE_BULLET","ARTILLERY_WEAPON","True",,,,,,,,,,,,,"13.999998","1","0","0","0","assets/data/pickups/weapons/bullets/b_g_thermobaric.json","0","1","0","WEAPON","0","0","0","[0,0,0,0,0,0,0,0]","False","False","1.800000","0","0.001000","0","0","0","[0,0,0,0,0,0,0,0]","False","False",,,,,,"0.200000","gun_s-u_thermobaric.description","0","0","0","[0,0,0,0,0,0,0,0]","False","False","0.500000","0","0","0","[0,0,0,0,0,0,0,0]","False","False","-1",,,,,,,,,,,,,,,,,,,,,,,,,,,,,,,,,,,,,,,,,,,,,,,,,,,,,,,,,,,,"0","0","0","[0,0,0,0,0,0,0,0]","False","False","gun_s-u_thermobaric.json","SEMI-AUTO","0","0","-181921828","37716","17988","[136,209,219,9,89,251,171,109]","True","False","10","4","False",,,,"0.250000","assets/ui/inventory/render/inv_gun_s-u_thermobaric.png",,,,,,,,,"0","0","0","[0,0,0,0,0,0,0,0]","False","False","0","0","0","[0,0,0,0,0,0,0,0]","False","False","True","360","0","-49.999958","0","","-1","gun_s-u_thermobaric.name","False",,"1.450000","1","0.250000","0","0","0","[0,0,0,0,0,0,0,0]","False","False",,"0","20","0","True","0","0","0","[0,0,0,0,0,0,0,0]","False","False","","0.200000","0.900000","0","0","0","[0,0,0,0,0,0,0,0]","False","False","0","MAGAZINE","0","0","0","[0,0,0,0,0,0,0,0]","False","False","0","0","0","[0,0,0,0,0,0,0,0]","False","False","2","True","False","point","1","2","0","0","0","0","0","0","[0,0,0,0,0,0,0,0]","False","False","0","0","0","[0,0,0,0,0,0,0,0]","False","False","assets/pickups/weapons/gun_smoke.json","True","0.330000","0","assets/ui/inventory/render/inv_gun_s-u_thermobaric.png","[""MULTIPLY"",""SCREEN""]","False","1","assets/data/fx/wfx_throw_thermobaric.json"
"0","0","-1","assets/data/pickups/ammo/pkp_ammo_cell_hi.json","1","25","AMMOTYPE_LASER","LASER_WEAPON","True","0.050000","0","0.018000","1.000000","1","1","[""assets/fx/beams/laser_multiply_02.png"",""assets/fx/beams/laser_screen_02.png""]","0.100000","0.150000","0.010000","0.900000","0","5.000000","1","0.850000","0","1",,"0","1","0","WEAPON","0","0","0","[0,0,0,0,0,0,0,0]","False","False","1","0","0.800000","0","0","0","[0,0,0,0,0,0,0,0]","False","False","1","1","0","0","0",,"FOR RECREATIONAL PURPOSES ONLY","0","0","0","[0,0,0,0,0,0,0,0]","False","False","0.500000","0","0","0","[0,0,0,0,0,0,0,0]","False","False","-1","True","0","0","[0,0,0,0,0]","0","0","5","0","0","0","0","0","0","0","0","0","0","0","0","1","1","40","0","0","0","0","0","0","0","0","0","0","0","0","0","0","0","0","0","0","0","0","0","0","0","0","0","0","0","0","1","assets/data/fx/pyros/pyro_ground_duiker.json","1","-316966822","41819","17727","[163,24,45,145,187,217,61,128]","True","False","-1656875244","62096","17218","[153,214,110,21,210,130,100,230]","True","False","gun_seeker_dive.json","BURST/AUTO","0","0","0","0","0","[0,0,0,0,0,0,0,0]","False","False","0","3","False","1","1","0","0","","1","1","1","1","-0.100000","0.100000","-0.100000","-0.100000","0","0","0","[0,0,0,0,0,0,0,0]","False","False","0","0","0","[0,0,0,0,0,0,0,0]","False","False",,"0","0","-49.999992","0","","-1","Zombie bomb vest","False","100","0.900000","1","0.120000","0","0","0","[0,0,0,0,0,0,0,0]","False","False","2","2000000","0.500000","0","False","945720742","60821","18391","[168,121,176,32,160,51,144,172]","True","False","","0.100000","0.350000","0","0","0","[0,0,0,0,0,0,0,0]","False","False","1","MAGAZINE","0","0","0","[0,0,0,0,0,0,0,0]","False","False","0","0","0","[0,0,0,0,0,0,0,0]","False","False","0.900000","False","False","","1","1","1","0.100000","1","0","0","0","[0,0,0,0,0,0,0,0]","False","False","0","0","0","[0,0,0,0,0,0,0,0]","False","False","assets/fx/null.json","False","0","0","assets/ui/hud/HUD_sml_laser_01.png","[""MULTIPLY"",""SCREEN""]","False","25","assets/data/fx/wfx_40mm_thumper.json"
"1.500000","0","50","assets/data/pickups/ammo/pkp_ammo_cell_hi.json","1","50","AMMOTYPE_LASER","LASER_WEAPON","True","0.250000","0.200000","0.038000","342.999908","-2","10","[""assets/fx/beams/laser_multiply.png"",""assets/fx/beams/laser_screen.png""]","16","0.858000","0","0.984000","0.452000","1.500000","1","0","0","0",,"0.100000","2","4","WEAPON","0","0","0","[0,0,0,0,0,0,0,0]","False","False","0","0","0.400000","0","0","0","[0,0,0,0,0,0,0,0]","False","False","0","0","0","0","1",,"gun_temblor.description","1423095803","5973","16695","[135,213,49,223,248,185,213,25]","True","False","0.500000","-1656875244","62096","17218","[153,214,110,21,210,130,100,230]","True","False","-1","True","0","0","[0,0,0,0,0]","0","0","0","0","0","0","0","0","0","0","0","0","0","0","0","0","0","0","0","0","0","0","0","0","0","0","0","0","0","0","0","0","0","0","0","0","0","0","0","0","0","0","0","0","0","0","0","assets/data/fx/pyros/pyro_null.json","0","-538924030","57833","18363","[147,125,181,166,22,37,252,89]","True","True","0","0","0","[0,0,0,0,0,0,0,0]","False","False","gun_temblor.json","BURST/AUTO","0","0","-1801066480","11825","17648","[179,100,161,216,181,0,41,154]","True","False","0","3","False","10","5","0","0","assets/ui/hud/HUD_sml_laser_01.png","3","0.350000","0.350000","8","-0.200000","1","-0.200000","-0.200000","0","0","0","[0,0,0,0,0,0,0,0]","False","False","0","0","0","[0,0,0,0,0,0,0,0]","False","False",,"1.500000","1.500000","-49.999958","0","","-1","gun_temblor.name","False","5","0.900000","1","0.120000","1377918081","37263","18696","[158,218,66,68,206,176,115,164]","True","False","4","2000000","38","0","False","0","0","0","[0,0,0,0,0,0,0,0]","False","False","","0.100000","0.350000","0","0","0","[0,0,0,0,0,0,0,0]","False","False","1","MAGAZINE","0","0","0","[0,0,0,0,0,0,0,0]","False","False","0","0","0","[0,0,0,0,0,0,0,0]","False","False","2","True","False","","4","28","0","0","0","0","0","0","[0,0,0,0,0,0,0,0]","False","False","0","0","0","[0,0,0,0,0,0,0,0]","False","False","assets/pickups/weapons/gun_blackhand.json","False","0","0","assets/ui/hud/HUD_sml_laser_01.png","[""MULTIPLY"",""SCREEN""]","False","100","assets/data/fx/wfx_laser_small_01.json"
"0","0","500","assets/data/pickups/ammo/pkp_ammo_template_ballistic.json","4","75","AMMOTYPE_BULLET","ARTILLERY_WEAPON","False",,,,,,,,,,,,,"0","0","0","0","0","assets/data/pickups/weapons/bullets/b_template_ballistic.json","0","1","50","WEAPON","0","0","0","[0,0,0,0,0,0,0,0]","False","False","2.500000","0","0.500000","0","0","0","[0,0,0,0,0,0,0,0]","False","False",,,,,,"1","[   DESCRIPTION INTENTIONALLY LEFT BLANK   ]","1423095803","5973","16695","[135,213,49,223,248,185,213,25]","True","False","0.500000","-1656875244","62096","17218","[153,214,110,21,210,130,100,230]","True","False","50",,,,,,,,,,,,,,,,,,,,,,,,,,,,,,,,,,,,,,,,,,,,,,,,,,,,,,,,,,,,"-1656875244","62096","17218","[153,214,110,21,210,130,100,230]","True","False","gun_template_ballistic.json","SEMI-AUTO","0.300000","0","0","0","0","[0,0,0,0,0,0,0,0]","False","False","0","3","False",,,,"0","assets/ui/hud/HUD_sml_can_01.png",,,,,,,,,"0","0","0","[0,0,0,0,0,0,0,0]","False","False","0","0","0","[0,0,0,0,0,0,0,0]","False","False","True","0","0","-45","0","","100","BALLISTIC WEAPON TEMPLATE","False",,"1","1","0.120000","1377918081","37263","18696","[158,218,66,68,206,176,115,164]","True","False",,"0","100","4","False","0","0","0","[0,0,0,0,0,0,0,0]","False","False","","0.100000","0.900000","0","0","0","[0,0,0,0,0,0,0,0]","False","False","1","MAGAZINE","0","0","0","[0,0,0,0,0,0,0,0]","False","False","0","0","0","[0,0,0,0,0,0,0,0]","False","False","1","True","False","","1","0","0","0","0","0","0","0","[0,0,0,0,0,0,0,0]","False","False","0","0","0","[0,0,0,0,0,0,0,0]","False","False","assets/pickups/weapons/gun_thumper.json","False","2.500000","0","assets/ui/hud/HUD_sml_can_01.png","[""MULTIPLY"",""SCREEN""]","False","500","assets/data/fx/wfx_flame_small_01.json"
"0","0","500","assets/data/pickups/ammo/pkp_ammo_cell_lo.json","1","75","AMMOTYPE_LASER","LASER_WEAPON","True","2.500000","2.500000","0.500000","180","0","5","[""assets/fx/beams/laser_multiply.png"",""assets/fx/beams/laser_screen.png""]","15","0.403000","0.500000","0.727000","0.500000","0","0","0","0","0",,"0","1","0","WEAPON","0","0","0","[0,0,0,0,0,0,0,0]","False","False","2.500000","0","0.800000","-776838919","37914","17725","[131,174,226,196,52,162,61,61]","True","False","1","1","0","0","0",,"","1423095803","5973","16695","[135,213,49,223,248,185,213,25]","True","False","0.500000","-1656875244","62096","17218","[153,214,110,21,210,130,100,230]","True","False","-1","False","0","0","[0,0,1,1,0]","0.100000","0","0","0","0","0","0","0","0","0","0","0","0","0","0","0","1","0","0","0","0","0","0","0","0","0","0","0","0","0","0","0","0","0","0","0","0","0","0","0","0","0","0","0","0","0","1","","1","0","0","0","[0,0,0,0,0,0,0,0]","False","False","0","0","0","[0,0,0,0,0,0,0,0]","False","False","gun_template_laser.json","BURST/AUTO","0","0","-31334617","41463","19581","[141,131,119,65,239,204,250,106]","True","False","0","3","False","1","0","0","0","assets/ui/hud/HUD_sml_laser_01.png","250","1","1","1","0","0","0","0","0","0","0","[0,0,0,0,0,0,0,0]","False","False","0","0","0","[0,0,0,0,0,0,0,0]","False","False",,"0","0","-49.999992","0","","-1","Laser Template","False","0","0.900000","1","0.120000","1377918081","37263","18696","[158,218,66,68,206,176,115,164]","True","False","5","0","100","0","False","0","0","0","[0,0,0,0,0,0,0,0]","False","False","","0.100000","0.350000","0","0","0","[0,0,0,0,0,0,0,0]","False","False","1","MAGAZINE","0","0","0","[0,0,0,0,0,0,0,0]","False","False","0","0","0","[0,0,0,0,0,0,0,0]","False","False","4","True","False","","1","1","0","0","0","0","0","0","[0,0,0,0,0,0,0,0]","False","False","0","0","0","[0,0,0,0,0,0,0,0]","False","False","assets/pickups/weapons/gun_blackhand.json","False","0","0","assets/ui/hud/HUD_sml_laser_01.png","[""MULTIPLY"",""SCREEN""]","False","75","assets/data/fx/wfx_12ga_tet.json"
"0.660000","0","100","assets/data/pickups/ammo/pkp_ammo_cell_extreme.json","1","10","AMMOTYPE_LASER","LASER_WEAPON","True","0.035000","0.035000","0.500000","149.999954","-0.300000","4","[""assets/fx/beams/laser_multiply_05.png"",""assets/fx/beams/laser_screen_05.png""]","20","0.100000","0","0.700000","1","0.660000","1","0","0","0",,"0","1","12","WEAPON","0","0","0","[0,0,0,0,0,0,0,0]","False","False","0.325000","0","0.399000","0","0","0","[0,0,0,0,0,0,0,0]","False","False","0","0","0","0","0",,"gun_thunderclap.description","1423095803","5973","16695","[135,213,49,223,248,185,213,25]","True","False","0.500000","-1656875244","62096","17218","[153,214,110,21,210,130,100,230]","True","False","-1","True","0","0","[0,0,0,0,0]","0","0","6","0","0","0","0","0","0","0","0","0","0","4","0","1.500000","1.350000","0","0","0","0","0","0","0","0","0","0","0","0","0","0","0","0","0","0","0","0","0","0","0","0","0","0","0","0","0","0.350000","assets/data/fx/squibs/pyro_radius_laser_main_01.json","1.350000","0","0","0","[0,0,0,0,0,0,0,0]","False","True","0","0","0","[0,0,0,0,0,0,0,0]","False","False","gun_thunderclap.json","SEMI-AUTO","0","0","-624616644","32326","16665","[135,229,90,137,238,59,27,18]","True","False","10","3","False","12","0.500000","20","0","assets/ui/hud/HUD_main_laser_01.png","10","1.350000","1.350000","0.350000","0","0","0","0","0","0","0","[0,0,0,0,0,0,0,0]","False","False","0","0","0","[0,0,0,0,0,0,0,0]","False","False",,"0.660000","0.660000","-49.999958","0","","-1","gun_thunderclap.name","False","20","0.300000","1","0.120000","1377918081","37263","18696","[158,218,66,68,206,176,115,164]","True","False","4","2000000","35","0","False","0","0","0","[0,0,0,0,0,0,0,0]","False","False","","0.100000","0.350000","0","0","0","[0,0,0,0,0,0,0,0]","False","False","1","MAGAZINE","0","0","0","[0,0,0,0,0,0,0,0]","False","False","0","0","0","[0,0,0,0,0,0,0,0]","False","False","2","True","False","","3","380","0","0.100000","0","0","0","0","[0,0,0,0,0,0,0,0]","False","False","0","0","0","[0,0,0,0,0,0,0,0]","False","False","assets/pickups/weapons/temp_main.json","False","0","0","assets/ui/hud/HUD_main_laser_01.png","[""MULTIPLY"",""SCREEN""]","False","100","assets/data/fx/wfx_laser_main_01.json"
"0","0.100000","25","assets/data/pickups/ammo/pkp_ammo_cell_lo.json","1","50","AMMOTYPE_LASER","LASER_WEAPON","True","0.030000","0.060000","0.503000","187.630005","0.780000","2.322000","[""assets/fx/beams/laser_multiply_05.png"",""assets/fx/beams/laser_screen_05.png""]","9.046000","0.102000","0","0.462000","0.015000","5.000000","0.150000","8","0","0",,"0","1","0","WEAPON","0","0","0","[0,0,0,0,0,0,0,0]","False","False","0.120000","0","0.800000","0","0","0","[0,0,0,0,0,0,0,0]","False","False","1","1","0","0","0",,"gun_wip_cello.description","1423095803","5973","16695","[135,213,49,223,248,185,213,25]","True","False","0.500000","-1656875244","62096","17218","[153,214,110,21,210,130,100,230]","True","False","-1","False","0","0","[0,0,1,1,0]","0.100000","0","0","0","0","0","0","0","0","0","0","0","0","0","0","0","1","0","0","0","0","0","0","0","0","0","0","0","0","0","0","0","0","0","0","0","0","0","0","0","0","0","0","0","0","0","1","","1","0","0","0","[0,0,0,0,0,0,0,0]","False","False","0","0","0","[0,0,0,0,0,0,0,0]","False","False","gun_wip_cello.json","BURST/AUTO","0","5","-1782446905","50902","19515","[178,187,155,224,86,238,90,103]","True","False","0","3","False","3","0","0","-2","assets/ui/inventory/render/inv_gun_cello.png","5.500000","1","1","0.150000","0","0","0","0","0","0","0","[0,0,0,0,0,0,0,0]","False","False","0","0","0","[0,0,0,0,0,0,0,0]","False","False",,"90","0.200000","-49.999992","0","","-1","gun_wip_cello.name","False","5","0.900000","1","0.120000","1377918081","37263","18696","[158,218,66,68,206,176,115,164]","True","False","1","0","20","0","False","504380819","46064","16437","[183,171,52,139,82,124,153,143]","True","False","","0.100000","0.350000","173657436","42737","18311","[173,125,203,83,211,158,126,116]","True","False","1","MAGAZINE","-754697557","54215","19615","[183,216,131,50,40,153,127,120]","True","False","0","0","0","[0,0,0,0,0,0,0,0]","False","False","2.500000","True","False","","1","5","0","0","0","0","0","0","[0,0,0,0,0,0,0,0]","False","False","0","0","0","[0,0,0,0,0,0,0,0]","False","False","assets/pickups/weapons/gun_concrifle.json","False","0","0","assets/ui/inventory/render/inv_gun_cello.png","[""MULTIPLY"",""SCREEN""]","False","100","assets/data/fx/wfx_laser_tur_02.json"
"0.100000","0","9","assets/data/pickups/ammo/pkp_ammo_cell_hi.json","1","75","AMMOTYPE_LASER","LASER_WEAPON","True","0.100000","0.080000","0.012000","123.321999","0.273000","0.339000","[""assets/fx/beams/laser_multiply_03.png"",""assets/fx/beams/laser_screen_04.png""]","17.802999","0.306000","0.192000","0.856000","0.026000","4.400000","0.600000","0","1","0",,"0.020000","1","2","WEAPON","0","0","0","[0,0,0,0,0,0,0,0]","False","False","1.600000","0","0.800000","0","0","0","[0,0,0,0,0,0,0,0]","False","False","1","1","0","0","0",,"gun_wip_cendrillon.description","1423095803","5973","16695","[135,213,49,223,248,185,213,25]","True","False","0.500000","-1656875244","62096","17218","[153,214,110,21,210,130,100,230]","True","False","17","False","0","0","[0,0,1,1,0]","0.100000","0","8","2","1","0.400000","5.330000","6","4","-0.060000","6","-0.133000","-0.150000","1","0","1.600000","1","0","0","0","0","0","0","0","0","0","0","0","0","0","0","0","0","0","0","0","0","0","0","0","0","0","0","0","0","0","0.220000","","0.440000","0","0","0","[0,0,0,0,0,0,0,0]","False","True","0","0","0","[0,0,0,0,0,0,0,0]","False","False","gun_wip_cendrillon.json","SEMI-AUTO","0","16","513290202","65379","17925","[187,97,143,232,241,248,112,66]","True","False","0","3","False","9","0","0","3","assets/ui/hud/HUD_sml_laser_01.png","2","1","0.800000","0.220000","-0.660000","1.100000","-0.330000","-0.800000","0","0","0","[0,0,0,0,0,0,0,0]","False","False","0","0","0","[0,0,0,0,0,0,0,0]","False","False",,"60","0.050000","-49.999992","0","","170","gun_wip_cendrillon.name","False","5","1.200000","1","0.120000","1377918081","37263","18696","[158,218,66,68,206,176,115,164]","True","False","1","0","26","0","False","0","0","0","[0,0,0,0,0,0,0,0]","False","False","","0.100000","0.350000","0","0","0","[0,0,0,0,0,0,0,0]","False","False","1","MAGAZINE","0","0","0","[0,0,0,0,0,0,0,0]","False","False","0","0","0","[0,0,0,0,0,0,0,0]","False","False","3","True","False","","6","40","0","0","0","0","0","0","[0,0,0,0,0,0,0,0]","False","False","0","0","0","[0,0,0,0,0,0,0,0]","False","False","assets/pickups/weapons/gun_blackhand.json","False","0","0","assets/ui/hud/HUD_sml_laser_01.png","[""MULTIPLY"",""SCREEN""]","False","75","assets/data/fx/wfx_laser_small_02.json"
"0.500000","0.100000","20","assets/data/pickups/ammo/pkp_ammo_cell_lo.json","1","40","AMMOTYPE_LASER","LASER_WEAPON","True","0.020000","0.080000","0.231000","175.490997","0.958000","7.331000","[""assets/fx/beams/laser_multiply.png"",""assets/fx/beams/laser_screen.png""]","7","0.165000","0.055000","0.852000","0.028000","3","0.150000","15","0","0",,"0","1","1","WEAPON","0","0","0","[0,0,0,0,0,0,0,0]","False","False","0.400000","0","0.800000","0","0","0","[0,0,0,0,0,0,0,0]","False","False","1","1","0","0","0",,"gun_wip_costigan.description","1423095803","5973","16695","[135,213,49,223,248,185,213,25]","True","False","0.500000","-1656875244","62096","17218","[153,214,110,21,210,130,100,230]","True","False","-1","False","0","0","[0,0,1,1,0]","0.100000","0","0","0","0","0","0","0","0","0","0","0","0","0","0","0","1","0","0","0","0","0","0","0","0","0","0","0","0","0","0","0","0","0","0","0","0","0","0","0","0","0","0","0","0","0","1","","1","0","0","0","[0,0,0,0,0,0,0,0]","False","False","0","0","0","[0,0,0,0,0,0,0,0]","False","False","gun_wip_costigan.json","SEMI-AUTO","0","5","-297919714","30710","19281","[161,203,98,23,113,218,181,191]","True","False","0","3","False","3","0","0","-4","assets/ui/inventory/render/inv_gun_costigan.png","7","1.500000","1","0.150000","0","0","0","0","0","0","0","[0,0,0,0,0,0,0,0]","False","False","0","0","0","[0,0,0,0,0,0,0,0]","False","False",,"90","0.050000","-49.999992","0","","-1","gun_wip_costigan.name","False","5","0.220000","1","0.120000","1377918081","37263","18696","[158,218,66,68,206,176,115,164]","True","False","1","0","26","0","False","0","0","0","[0,0,0,0,0,0,0,0]","False","False","","0.100000","0.350000","0","0","0","[0,0,0,0,0,0,0,0]","False","False","1","MAGAZINE","0","0","0","[0,0,0,0,0,0,0,0]","False","False","0","0","0","[0,0,0,0,0,0,0,0]","False","False","1.250000","True","False","","1","5","0","0","0","0","0","0","[0,0,0,0,0,0,0,0]","False","False","0","0","0","[0,0,0,0,0,0,0,0]","False","False","assets/pickups/weapons/laser_small.json","False","0","0","assets/ui/inventory/render/inv_gun_costigan.png","[""MULTIPLY"",""SCREEN""]","False","80","assets/data/fx/wfx_laser_tur_02.json"
"0.500000","0.450000","12","assets/data/pickups/ammo/pkp_ammo_wip_geist.json","4","36","AMMOTYPE_BULLET","ARTILLERY_WEAPON","False",,,,,,,,,,,,,"12.999995","1.100000","0","0","1","assets/data/pickups/weapons/bullets/b_wip_geist.json","0","1","3","WEAPON","0","0","0","[0,0,0,0,0,0,0,0]","False","False","0.750000","0","0.300000","780966319","57636","16495","[142,172,178,163,60,140,46,189]","True","False",,,,,,"1","gun_wip_geist.description","1423095803","5973","16695","[135,213,49,223,248,185,213,25]","True","False","0.500000","-1656875244","62096","17218","[153,214,110,21,210,130,100,230]","True","False","50",,,,,,,,,,,,,,,,,,,,,,,,,,,,,,,,,,,,,,,,,,,,,,,,,,,,,,,,,,,,"-1656875244","62096","17218","[153,214,110,21,210,130,100,230]","True","False","gun_wip_geist.json","SEMI-AUTO","0","18","-1679055602","303","20058","[188,194,194,150,245,123,139,55]","True","False","0","3","False",,,,"2","assets/ui/inventory/render/inv_gun_spiw.png",,,,,,,,,"0","0","0","[0,0,0,0,0,0,0,0]","False","False","0","0","0","[0,0,0,0,0,0,0,0]","False","False","True","99.999916","0.500000","-45","0","","100","gun_wip_geist.name","False",,"0.660000","1","0.120000","1377918081","37263","18696","[158,218,66,68,206,176,115,164]","True","False",,"0","100","30","False","-1057198600","18069","18198","[144,179,241,59,1,71,237,232]","True","False","","1","4","60116200","32446","20256","[144,122,216,71,105,168,139,54]","True","False","1","MAGAZINE","1965412754","41357","18726","[135,227,114,207,36,182,19,174]","True","False","173657436","42737","18311","[173,125,203,83,211,158,126,116]","True","False","5","True","False","","1","30","0","0","0","0","0","0","[0,0,0,0,0,0,0,0]","False","False","0","0","0","[0,0,0,0,0,0,0,0]","False","False","assets/pickups/weapons/gun_geist.json","False","1","0","assets/ui/inventory/render/inv_gun_spiw.png","[""MULTIPLY"",""SCREEN""]","False","120","assets/data/fx/wfx_geist_geist.json"
"0.500000","0.100000","25","assets/data/pickups/ammo/pkp_ammo_cell_med.json","1","50","AMMOTYPE_LASER","LASER_WEAPON","True","0.010000","0.030000","0.536000","299.306946","0.934000","3.112000","[""assets/fx/beams/laser_multiply.png"",""assets/fx/beams/laser_screen.png""]","7.659000","0.217000","0.028000","0.710000","0.033000","6","0.150000","15","0","0",,"0","1","3","WEAPON","0","0","0","[0,0,0,0,0,0,0,0]","False","False","0.280000","0","0.800000","0","0","0","[0,0,0,0,0,0,0,0]","False","False","1","1","0","0","0",,"gun_wip_gollop.description","1423095803","5973","16695","[135,213,49,223,248,185,213,25]","True","False","0.500000","-1656875244","62096","17218","[153,214,110,21,210,130,100,230]","True","False","-1","False","0","0","[0,0,1,1,0]","0.100000","0","0","0","0","0","0","0","0","0","0","0","0","0","0","0","1","0","0","0","0","0","0","0","0","0","0","0","0","0","0","0","0","0","0","0","0","0","0","0","0","0","0","0","0","0","1","","1","0","0","0","[0,0,0,0,0,0,0,0]","False","False","0","0","0","[0,0,0,0,0,0,0,0]","False","False","gun_wip_gollop.json","BURST/AUTO","0","9","-1444357866","46526","20157","[174,114,139,226,184,40,39,66]","True","False","0","3","False","3","0","0","0","assets/ui/inventory/render/inv_gun_gollop.png","9","1","1","0.250000","0","0","0","0","0","0","0","[0,0,0,0,0,0,0,0]","False","False","0","0","0","[0,0,0,0,0,0,0,0]","False","False",,"90","0","-49.999992","0","","-1","gun_wip_gollop.name","False","15","0.900000","1","0.120000","1377918081","37263","18696","[158,218,66,68,206,176,115,164]","True","False","2","0","25","0","False","0","0","0","[0,0,0,0,0,0,0,0]","False","False","","0.100000","0.350000","0","0","0","[0,0,0,0,0,0,0,0]","False","False","1","MAGAZINE","0","0","0","[0,0,0,0,0,0,0,0]","False","False","0","0","0","[0,0,0,0,0,0,0,0]","False","False","4","True","False","","1","11","0","0","0","0","0","0","[0,0,0,0,0,0,0,0]","False","False","0","0","0","[0,0,0,0,0,0,0,0]","False","False","assets/pickups/weapons/gun_blackhand.json","False","0","0","assets/ui/inventory/render/inv_gun_gollop.png","[""MULTIPLY"",""SCREEN""]","False","100","assets/data/fx/wfx_laser_main_01.json"
"1.000000","0.250000","50","assets/data/pickups/ammo/pkp_ammo_cell_lo.json","1","100","AMMOTYPE_LASER","LASER_WEAPON","True","0.050000","0.020000","0.615000","220.577927","1","0.116000","[""assets/fx/beams/laser_multiply.png"",""assets/fx/beams/laser_screen.png""]","6.879000","0.144000","0.881000","0.837000","0.222000","8.000000","0.116000","3.863000","0","0",,"0","1","0","WEAPON","0","0","0","[0,0,0,0,0,0,0,0]","False","False","0.123000","0","0.800000","0","0","0","[0,0,0,0,0,0,0,0]","False","False","1","1","0","0","0",,"gun_wip_kalastaja.description","1423095803","5973","16695","[135,213,49,223,248,185,213,25]","True","False","0.500000","-1656875244","62096","17218","[153,214,110,21,210,130,100,230]","True","False","-1","False","0","0","[0,0,1,1,0]","0.100000","0","0","0","0","0","0","0","0","0","0","0","0","0","0","0","1","0","0","0","0","0","0","0","0","0","0","0","0","0","0","0","0","0","0","0","0","0","0","0","0","0","0","0","0","0","1","","1","0","0","0","[0,0,0,0,0,0,0,0]","False","False","0","0","0","[0,0,0,0,0,0,0,0]","False","False","gun_wip_kalastaja.json","BURST/AUTO","0","9","-1836684485","26216","19307","[146,187,132,156,80,98,109,138]","True","False","0","3","False","3","0","0","0","assets/ui/inventory/render/inv_gun_kalastaja.png","9","1","1","0.150000","0","0","0","0","0","0","0","[0,0,0,0,0,0,0,0]","False","False","0","0","0","[0,0,0,0,0,0,0,0]","False","False",,"8.000000","0.400000","-49.999992","0","","-1","gun_wip_kalastaja.name","False","5","0.900000","1","0.120000","1377918081","37263","18696","[158,218,66,68,206,176,115,164]","True","False","2","0","100","0","False","0","0","0","[0,0,0,0,0,0,0,0]","False","False","","0.100000","0.350000","0","0","0","[0,0,0,0,0,0,0,0]","False","False","1","MAGAZINE","0","0","0","[0,0,0,0,0,0,0,0]","False","False","0","0","0","[0,0,0,0,0,0,0,0]","False","False","4","True","False","","2","15","0","0","0","0","0","0","[0,0,0,0,0,0,0,0]","False","False","0","0","0","[0,0,0,0,0,0,0,0]","False","False","assets/pickups/weapons/gun_blackhand.json","False","0","0","assets/ui/inventory/render/inv_gun_kalastaja.png","[""MULTIPLY"",""SCREEN""]","False","200","assets/data/fx/wfx_laser_tur_02.json"
"6","0","250","assets/data/pickups/ammo/pkp_ammo_cell_med.json","1","500","AMMOTYPE_LASER","LASER_WEAPON","True","0.010000","0.050000","0.347000","96.068993","1","1.985000","[""assets/fx/beams/laser_multiply.png"",""assets/fx/beams/laser_screen.png""]","9","0.403000","0.500000","0.727000","0.500000","0","0.278000","5","0","0",,"0","1","2","WEAPON","0","0","0","[0,0,0,0,0,0,0,0]","False","False","0.040000","0","0.800000","0","0","0","[0,0,0,0,0,0,0,0]","False","False","1","1","0","0","0",,"gun_wip_kentaro.description","1423095803","5973","16695","[135,213,49,223,248,185,213,25]","True","False","0.500000","-1656875244","62096","17218","[153,214,110,21,210,130,100,230]","True","False","-1","False","0","0","[0,0,1,1,0]","0.100000","0","0","0","0","0","0","0","0","0","0","0","0","0","0","0","1","0","0","0","0","0","0","0","0","0","0","0","0","0","0","0","0","0","0","0","0","0","0","0","0","0","0","0","0","0","1","","1","0","0","0","[0,0,0,0,0,0,0,0]","False","False","0","0","0","[0,0,0,0,0,0,0,0]","False","False","gun_wip_kentaro.json","BURST/AUTO","0","9","-1444357866","46526","20157","[174,114,139,226,184,40,39,66]","True","False","0","3","False","3","0","0","0","assets/ui/inventory/render/inv_gun_kentaro.png","5.250000","1","1","0.150000","0","0","0","0","-978994476","40449","18130","[161,213,201,228,140,198,221,15]","True","False","-1333030212","25920","19960","[165,192,232,250,142,56,246,147]","True","False",,"90","1.000000","-49.999992","0","","-1","gun_wip_kentaro.name","False","5","0.900000","1","0.120000","1377918081","37263","18696","[158,218,66,68,206,176,115,164]","True","False","3","0","100","0","False","0","0","0","[0,0,0,0,0,0,0,0]","False","False","","0.100000","0.350000","0","0","0","[0,0,0,0,0,0,0,0]","False","False","1","MAGAZINE","0","0","0","[0,0,0,0,0,0,0,0]","False","False","0","0","0","[0,0,0,0,0,0,0,0]","False","False","6","True","False","","2","59","0","0","0","0","0","0","[0,0,0,0,0,0,0,0]","False","False","0","0","0","[0,0,0,0,0,0,0,0]","False","False","assets/pickups/weapons/gun_blackhand.json","False","0","0","assets/ui/inventory/render/inv_gun_kentaro.png","[""MULTIPLY"",""SCREEN""]","True","1000","assets/data/fx/wfx_laser_aux_01.json"
"1.500000","0","36","assets/data/pickups/ammo/pkp_ammo_cell_med.json","1","54","AMMOTYPE_LASER","LASER_WEAPON","True","0.080000","0.020000","0.650000","353.360870","0.520000","0.327000","[""assets/fx/beams/laser_multiply_05.png"",""assets/fx/beams/laser_screen_05.png""]","16","0.150000","0","0.900000","0","6","0.090000","0","0","0.050000",,"0.017000","3","0","WEAPON","0","0","0","[0,0,0,0,0,0,0,0]","False","False","0.120000","0","0.800000","0","0","0","[0,0,0,0,0,0,0,0]","False","False","1","1","0","0","0",,"gun_wip_laser_shotgun.description","1423095803","5973","16695","[135,213,49,223,248,185,213,25]","True","False","0.500000","-1656875244","62096","17218","[153,214,110,21,210,130,100,230]","True","False","-1","False","0","0","[0,0,0,0,0]","0","0","0","0","0","0","0","0","0","0","0","0","0","0","0","0","0","0","0","0","0","0","0","0","0","0","0","0","0","0","0","0","0","0","0","0","0","0","0","0","0","0","0","0","0","0","0","assets/data/fx/pyros/pyro_ground_duiker.json","0","-316966822","41819","17727","[163,24,45,145,187,217,61,128]","True","False","-1656875244","62096","17218","[153,214,110,21,210,130,100,230]","True","False","gun_wip_laser_shotgun.json","SEMI-AUTO","0","8","-1782446905","50902","19515","[178,187,155,224,86,238,90,103]","True","False","0","3","False","3","0","0","-1","assets/ui/hud/HUD_sml_laser_01.png","0.450000","1","1","0.150000","-0.100000","2","-0.100000","-0.100000","0","0","0","[0,0,0,0,0,0,0,0]","False","False","0","0","0","[0,0,0,0,0,0,0,0]","False","False",,"90","1.500000","-49.999992","0","","-1","gun_wip_laser_shotgun.name","False","5","0.500000","1","0.120000","1377918081","37263","18696","[158,218,66,68,206,176,115,164]","True","False","1","2000000","12","0","False","945720742","60821","18391","[168,121,176,32,160,51,144,172]","True","False","","0.100000","0.350000","0","0","0","[0,0,0,0,0,0,0,0]","False","False","1","MAGAZINE","0","0","0","[0,0,0,0,0,0,0,0]","False","False","0","0","0","[0,0,0,0,0,0,0,0]","False","False","2.200000","False","False","","14","8","0","0","0","0","0","0","[0,0,0,0,0,0,0,0]","False","False","0","0","0","[0,0,0,0,0,0,0,0]","False","False","assets/pickups/weapons/gun_mercy.json","False","0","0","assets/ui/hud/HUD_sml_laser_01.png","[""MULTIPLY"",""SCREEN""]","False","108","assets/data/fx/wfx_laser_small_01.json"
"0","0","500","assets/data/pickups/ammo/pkp_ammo_cell_hi.json","1","75","AMMOTYPE_LASER","LASER_WEAPON","True","2.500000","2.500000","0.500000","180","0","5","[""assets/fx/beams/laser_multiply.png"",""assets/fx/beams/laser_screen.png""]","15","0.403000","0.500000","0.727000","0.500000","0","0","0","0","0",,"0","1","0","WEAPON","0","0","0","[0,0,0,0,0,0,0,0]","False","False","2.500000","0","0.800000","-776838919","37914","17725","[131,174,226,196,52,162,61,61]","True","False","1","1","0","0","0",,"gun_wip_lukija.description","1423095803","5973","16695","[135,213,49,223,248,185,213,25]","True","False","0.500000","-1656875244","62096","17218","[153,214,110,21,210,130,100,230]","True","False","-1","False","0","0","[0,0,1,1,0]","0.100000","0","0","0","0","0","0","0","0","0","0","0","0","0","0","0","1","0","0","0","0","0","0","0","0","0","0","0","0","0","0","0","0","0","0","0","0","0","0","0","0","0","0","0","0","0","1","","1","0","0","0","[0,0,0,0,0,0,0,0]","False","False","0","0","0","[0,0,0,0,0,0,0,0]","False","False","gun_wip_lukija.json","BURST/AUTO","0","8","-31334617","41463","19581","[141,131,119,65,239,204,250,106]","True","False","0","3","False","3","0","0","0","assets/ui/inventory/render/inv_gun_lukija.png","250","1","1","1","0","0","0","0","0","0","0","[0,0,0,0,0,0,0,0]","False","False","0","0","0","[0,0,0,0,0,0,0,0]","False","False",,"0","0","-49.999992","0","","-1","gun_wip_lukija.name","False","0","0.900000","1","0.120000","1377918081","37263","18696","[158,218,66,68,206,176,115,164]","True","False","5","0","100","0","False","0","0","0","[0,0,0,0,0,0,0,0]","False","False","","0.100000","0.350000","0","0","0","[0,0,0,0,0,0,0,0]","False","False","1","MAGAZINE","0","0","0","[0,0,0,0,0,0,0,0]","False","False","0","0","0","[0,0,0,0,0,0,0,0]","False","False","4","True","False","","1","16","0","0","0","0","0","0","[0,0,0,0,0,0,0,0]","False","False","0","0","0","[0,0,0,0,0,0,0,0]","False","False","assets/pickups/weapons/gun_blackhand.json","False","0","0","assets/ui/inventory/render/inv_gun_lukija.png","[""MULTIPLY"",""SCREEN""]","False","75","assets/data/fx/wfx_12ga_tet.json"
"1.000000","0","4","assets/data/pickups/ammo/pkp_ammo_cell_hi.json","1","12","AMMOTYPE_LASER","LASER_WEAPON","True","0.100000","0.050000","0.219000","148.016998","3","0.558000","[""assets/fx/beams/laser_multiply_02.png"",""assets/fx/beams/laser_screen_02.png""]","45","0.403000","0.031000","0.467000","0.347000","15","0.360000","0","0","0.666000",,"0","1","3","WEAPON","0","0","0","[0,0,0,0,0,0,0,0]","False","False","1.600000","0","0.800000","-776838919","37914","17725","[131,174,226,196,52,162,61,61]","True","False","1","1","0","0","0",,"gun_wip_plasmacannon.description","1423095803","5973","16695","[135,213,49,223,248,185,213,25]","True","False","0.500000","-1656875244","62096","17218","[153,214,110,21,210,130,100,230]","True","False","16","True","0","0","[0.600000,0.040000,0.980000,0.335000,7]","0.300000","0","130","10","0","0","0","0","0","0","0","0","0","4","0","2.100000","0.500000","0","0","0","0","0","0","0","0","0","0","0","0","0","0","0","0","0","0","0","0","0","0","0","0","0","0","0","0","0","3","","1.500000","0","0","0","[0,0,0,0,0,0,0,0]","False","False","0","0","0","[0,0,0,0,0,0,0,0]","False","False","gun_wip_plasmacannon.json","SEMI-AUTO","0","30","-1444357866","46526","20157","[174,114,139,226,184,40,39,66]","True","False","0","3","False","1","0","0","5","assets/ui/hud/HUD_sml_laser_01.png","15","0.750000","1","0.400000","0","0","0","0","0","0","0","[0,0,0,0,0,0,0,0]","False","False","0","0","0","[0,0,0,0,0,0,0,0]","False","False",,"90","0.500000","-49.999992","0","","-1","gun_wip_plasmacannon.name","False","20","1.200000","1","0.120000","1377918081","37263","18696","[158,218,66,68,206,176,115,164]","True","False","4","0","60","25","False","0","0","0","[0,0,0,0,0,0,0,0]","False","False","","0.100000","0.350000","0","0","0","[0,0,0,0,0,0,0,0]","False","False","1","MAGAZINE","0","0","0","[0,0,0,0,0,0,0,0]","False","False","0","0","0","[0,0,0,0,0,0,0,0]","False","False","3.800000","True","False","","3","65","0","0","0","0","0","0","[0,0,0,0,0,0,0,0]","False","False","0","0","0","[0,0,0,0,0,0,0,0]","False","False","assets/pickups/weapons/gun_blackhand.json","False","0","0","assets/ui/hud/HUD_sml_laser_01.png","[""MULTIPLY"",""SCREEN""]","False","24","assets/data/fx/wfx_cannon_main_01.json"
"0","1","3","assets/data/pickups/ammo/pkp_ammo_cell_hi.json","1","10","AMMOTYPE_LASER","LASER_WEAPON","True","0.050000","0","0.650000","14.566997","1","1.500000","[""assets/fx/beams/laser_multiply.png"",""assets/fx/beams/laser_screen.png""]","5.500000","0.150000","0","0.900000","0","5.000000","0.900000","0.850000","0","1",,"0","1","9","WEAPON","0","0","0","[0,0,0,0,0,0,0,0]","False","False","1","0","0.800000","0","0","0","[0,0,0,0,0,0,0,0]","False","False","1","1","0","0","0",,"gun_wip_talkback.description","1423095803","5973","16695","[135,213,49,223,248,185,213,25]","True","False","0.500000","-1656875244","62096","17218","[153,214,110,21,210,130,100,230]","True","False","-1","False","0","0","[0,0,0,0,0]","0","0","0","0","0","0","0","0","0","0","0","0","0","0","0","0","0","0","0","0","0","0","0","0","0","0","0","0","0","0","0","0","0","0","0","0","0","0","0","0","0","0","0","0","0","0","0","assets/data/fx/pyros/pyro_ground_duiker.json","0","-316966822","41819","17727","[163,24,45,145,187,217,61,128]","True","False","-1656875244","62096","17218","[153,214,110,21,210,130,100,230]","True","False","gun_wip_talkback.json","BURST/AUTO","0","14","-31334617","41463","19581","[141,131,119,65,239,204,250,106]","True","False","5","3","False","6","1","0","2.500000","assets/ui/inventory/render/inv_gun_talkback.png","60","1.500000","1","0.150000","-0.100000","0.100000","-0.100000","-0.100000","0","0","0","[0,0,0,0,0,0,0,0]","False","False","0","0","0","[0,0,0,0,0,0,0,0]","False","False",,"5.000000","0","-49.999992","0","","-1","gun_wip_talkback.name","False","100","0.900000","1","0.120000","1377918081","37263","18696","[158,218,66,68,206,176,115,164]","True","False","2","2000000","35","0.500000","False","945720742","60821","18391","[168,121,176,32,160,51,144,172]","True","False","","0.100000","0.350000","0","0","0","[0,0,0,0,0,0,0,0]","False","False","1","MAGAZINE","0","0","0","[0,0,0,0,0,0,0,0]","False","False","0","0","0","[0,0,0,0,0,0,0,0]","False","False","5","True","False","","1","15","1","0.100000","1","0","0","0","[0,0,0,0,0,0,0,0]","False","False","0","0","0","[0,0,0,0,0,0,0,0]","False","False","assets/pickups/weapons/gun_rasmus.json","False","0","0","assets/ui/inventory/render/inv_gun_talkback.png","[""MULTIPLY"",""SCREEN""]","False","20","assets/data/fx/wfx_alloy_frank.json"
"0.500000","0","10","assets/data/pickups/ammo/pkp_ammo_cell_hi.json","1","500","AMMOTYPE_LASER","LASER_WEAPON","True","0.070000","0.030000","0.950000","344.385864","0.073000","1.500000","[""assets/fx/beams/laser_multiply_04.png"",""assets/fx/beams/laser_screen_04.png""]","13.590000","0.150000","0","0.850000","0","0.500000","0","0","0","0",,"0","1","3","WEAPON","0","0","0","[0,0,0,0,0,0,0,0]","False","False","0.050000","0","0.800000","0","0","0","[0,0,0,0,0,0,0,0]","False","False","1","1","0","0","0",,"gun_wip_xochi.description","1423095803","5973","16695","[135,213,49,223,248,185,213,25]","True","False","0.500000","-1656875244","62096","17218","[153,214,110,21,210,130,100,230]","True","False","-1","True","0","0","[0,0,1,1,0]","0.100000","0","0.650000","0.750000","0","0","0","0","0","-0.200000","0.150000","-0.200000","-0.200000","1","0","0.800000","1","0","0","0","0","0","0","0","0","0","0","0","0","0","0","0","0","0","0","0","0","0","0","0","0","0","0","0","0","0","1","","1","0","0","0","[0,0,0,0,0,0,0,0]","False","True","0","0","0","[0,0,0,0,0,0,0,0]","False","False","gun_wip_xochi.json","BURST/AUTO","0","20","-81066467","49835","16559","[159,246,121,204,240,54,205,223]","True","False","0","3","False","4","0","0","0","assets/ui/inventory/render/inv_gun_xochi.png","3.666000","1","1","0.400000","0","0","0","0","0","0","0","[0,0,0,0,0,0,0,0]","False","False","0","0","0","[0,0,0,0,0,0,0,0]","False","False",,"0.500000","0.500000","0","0","","-1","gun_wip_xochi.name","False","0","0.900000","1","0.120000","1377918081","37263","18696","[158,218,66,68,206,176,115,164]","True","False","3","0","12","0","False","0","0","0","[0,0,0,0,0,0,0,0]","False","False","","0.100000","0.350000","0","0","0","[0,0,0,0,0,0,0,0]","False","False","1","MAGAZINE","0","0","0","[0,0,0,0,0,0,0,0]","False","False","0","0","0","[0,0,0,0,0,0,0,0]","False","False","1.500000","True","False","","6","45","0","0","0","0","0","0","[0,0,0,0,0,0,0,0]","False","False","0","0","0","[0,0,0,0,0,0,0,0]","False","False","assets/pickups/weapons/gun_blackhand.json","False","0","0","assets/ui/inventory/render/inv_gun_xochi.png","[""MULTIPLY"",""SCREEN""]","False","1000","assets/data/fx/wfx_12ga_tet.json"
"0.900000","0","7","assets/data/pickups/ammo/pkp_ammo_cell_med.json","1","35","AMMOTYPE_LASER","LASER_WEAPON","True","0.125000","0.055000","1","0","0","1.500000","[""assets/fx/beams/laser_multiply_02.png"",""assets/fx/beams/laser_screen_02.png""]","6","0.500000","0","0.950000","0","3","1","0","0","0.200000",,"0","1","4","WEAPON","0","0","0","[0,0,0,0,0,0,0,0]","False","False","1.100000","0.150000","0.800000","0","0","0","[0,0,0,0,0,0,0,0]","False","False","1","1","0","0","0",,"gun_wip_zweenie.description","1423095803","5973","16695","[135,213,49,223,248,185,213,25]","True","False","0.500000","-1656875244","62096","17218","[153,214,110,21,210,130,100,230]","True","False","-1","False","0","0","[0,0,0,0,0]","0","0","0","0","0","0","0","0","0","0","0","0","0","0","0","0","0","0","0","0","0","0","0","0","0","0","0","0","0","0","0","0","0","0","0","0","0","0","0","0","0","0","0","0","0","0","0","assets/data/fx/pyros/pyro_ground_duiker.json","0","-316966822","41819","17727","[163,24,45,145,187,217,61,128]","True","False","-1656875244","62096","17218","[153,214,110,21,210,130,100,230]","True","False","gun_wip_zweenie.json","SEMI-AUTO","0","15","-297919714","30710","19281","[161,203,98,23,113,218,181,191]","True","False","0","3","False","3","0","0","0","assets/ui/inventory/render/inv_gun_zweenie.png","15","1","0.660000","0.150000","0","0","0","0","0","0","0","[0,0,0,0,0,0,0,0]","False","False","0","0","0","[0,0,0,0,0,0,0,0]","False","False",,"5.000000","0.900000","-49.999992","0","","-1","gun_wip_zweenie.name","False","10","0.750000","1","0.120000","1377918081","37263","18696","[158,218,66,68,206,176,115,164]","True","False","2","2000000","35","0","False","945720742","60821","18391","[168,121,176,32,160,51,144,172]","True","False","","0.100000","0.350000","0","0","0","[0,0,0,0,0,0,0,0]","False","False","1","MAGAZINE","0","0","0","[0,0,0,0,0,0,0,0]","False","False","0","0","0","[0,0,0,0,0,0,0,0]","False","False","4","True","False","","1","15","0","0.100000","0","0","0","0","[0,0,0,0,0,0,0,0]","False","False","0","0","0","[0,0,0,0,0,0,0,0]","False","False","assets/fx/gibs/casings/gibs_magazine_rasmus.json","False","0","0","assets/ui/inventory/render/inv_gun_zweenie.png","[""MULTIPLY"",""SCREEN""]","False","70","assets/data/fx/wfx_alloy_frank.json"
"0.200000","0","20","assets/data/pickups/ammo/pkp_ammo_cell_med.json","1","40","AMMOTYPE_LASER","LASER_WEAPON","True","0.125000","0.055000","1","0","0","1.500000","[""assets/fx/beams/laser_multiply_02.png"",""assets/fx/beams/laser_screen_02.png""]","11","0.500000","0","0.950000","0","2.000000","0","0","0","0",,"0","1","4","WEAPON","0","0","0","[0,0,0,0,0,0,0,0]","False","False","0.600000","0","0.800000","0","0","0","[0,0,0,0,0,0,0,0]","False","False","1","1","0","0","0",,"gun_wip_zweihander.description","1423095803","5973","16695","[135,213,49,223,248,185,213,25]","True","False","0.500000","-1656875244","62096","17218","[153,214,110,21,210,130,100,230]","True","False","-1","False","0","0","[0,0,1,1,0]","0.100000","0","0","0","0","0","0","0","0","0","0","0","0","0","0","0","1","0","0","0","0","0","0","0","0","0","0","0","0","0","0","0","0","0","0","0","0","0","0","0","0","0","0","0","0","0","1","","1","0","0","0","[0,0,0,0,0,0,0,0]","False","False","0","0","0","[0,0,0,0,0,0,0,0]","False","False","gun_wip_zweihander.json","SEMI-AUTO","0","12","-297919714","30710","19281","[161,203,98,23,113,218,181,191]","True","False","0","3","False","3","0","0","0","assets/ui/inventory/render/inv_gun_zweihander.png","40","1","0.660000","0.150000","0","0","0","0","0","0","0","[0,0,0,0,0,0,0,0]","False","False","0","0","0","[0,0,0,0,0,0,0,0]","False","False",,"0.500000","0.200000","-49.999992","0","","-1","gun_wip_zweihander.name","False","25","0.600000","1","0.120000","1377918081","37263","18696","[158,218,66,68,206,176,115,164]","True","False","3","0","100","0","False","0","0","0","[0,0,0,0,0,0,0,0]","False","False","","0.100000","0.350000","0","0","0","[0,0,0,0,0,0,0,0]","False","False","1","MAGAZINE","0","0","0","[0,0,0,0,0,0,0,0]","False","False","0","0","0","[0,0,0,0,0,0,0,0]","False","False","4","True","False","","1","25","0","0","0","0","0","0","[0,0,0,0,0,0,0,0]","False","False","0","0","0","[0,0,0,0,0,0,0,0]","False","False","assets/pickups/weapons/gun_rasmus.json","False","0","0","assets/ui/inventory/render/inv_gun_zweihander.png","[""MULTIPLY"",""SCREEN""]","False","80","assets/data/fx/wfx_laser_heavy_02.json"
