"name","filename","description","archetype","ammo_type","bullet_filename","bullet_archetype","bullet_size","bullet_speed","bullet_damage","bullet_damage_deviation","bullet_damage_health_multiplier","bullet_damage_armor_multiplier","bullet_damage_prop_multiplier","bullet_impact_aggro_radius","bullet_impact_impulse","bullet_penetration","bullet_pierce","bullet_ignores_shields","bullet_impact_morale_damage","bullet_flight_suppression","bullet_impact_suppression","bullet_impact_push","bullet_explosion_pyro","bullet_explosion_delay","range","cooldown","ammo_capacity","burst_count","burst_cooldown","accuracy_cone_width","ammo_item","ammo_per_depot_replenish","ammo_pool","auto_reload","bloom_per_burst","bullet","cold_reload_finished_sound_guid_Data1","cold_reload_finished_sound_guid_Data2","cold_reload_finished_sound_guid_Data3","cold_reload_finished_sound_guid_Data4","cooldown_deviation_max","damage_over_time_damage_armor_multiplier","damage_over_time_damage_health_multiplier","damage_over_time_damage_per_second","damage_over_time_duration","damage_over_time_pierce","explosion_far_ring_damage","explosion_far_ring_damage_deviation","explosion_far_ring_damage_over_time_damage_armor_multiplier","explosion_far_ring_damage_over_time_damage_health_multiplier","explosion_far_ring_damage_over_time_damage_per_second","explosion_far_ring_damage_over_time_duration","explosion_far_ring_damage_over_time_pierce","explosion_hull_damage_multiplier","explosion_mid_ring_damage","explosion_mid_ring_damage_deviation","explosion_mid_ring_damage_over_time_damage_armor_multiplier","explosion_mid_ring_damage_over_time_damage_health_multiplier","explosion_mid_ring_damage_over_time_damage_per_second","explosion_mid_ring_damage_over_time_duration","explosion_mid_ring_damage_over_time_pierce","explosion_near_ring_damage","explosion_near_ring_damage_deviation","explosion_near_ring_damage_over_time_damage_armor_multiplier","explosion_near_ring_damage_over_time_damage_health_multiplier","explosion_near_ring_damage_over_time_damage_per_second","explosion_near_ring_damage_over_time_duration","explosion_near_ring_damage_over_time_pierce","explosion_prop_damage_multiplier","explosion_shield_damage_multiplier","failed_reload_sound_guid_Data1","failed_reload_sound_guid_Data2","failed_reload_sound_guid_Data3","failed_reload_sound_guid_Data4","fire_mode","fire_suppression","firing_morale_damage","impact_morale_damage","laser_damage","laser_damage_armor_multiplier","laser_damage_health_multiplier","laser_damage_prop_multiplier","max_accuracy_cone_width","min_accuracy_cone_width","morale_damage","per_click_cooldown","pickup_reload_percentage","recoil_impulse","reload_ammo_in_sound_guid_Data1","reload_ammo_in_sound_guid_Data2","reload_ammo_in_sound_guid_Data3","reload_ammo_in_sound_guid_Data4","reload_animation","reload_arm_in_time","reload_arm_out_time","reload_begin_sound_guid_Data1","reload_begin_sound_guid_Data2","reload_begin_sound_guid_Data3","reload_begin_sound_guid_Data4","reload_cancel_ready_delay","reload_class","reload_finished_sound_guid_Data1","reload_finished_sound_guid_Data2","reload_finished_sound_guid_Data3","reload_finished_sound_guid_Data4","reload_mid_sound_guid_Data1","reload_mid_sound_guid_Data2","reload_mid_sound_guid_Data3","reload_mid_sound_guid_Data4","reload_time","reloadable_on_foot","terror_damage","vehicle_ammo_pool","aim_bloom_penalty","beam_params_fade_time","beam_params_flash_time","beam_params_opacity","beam_params_properties_hue","beam_params_properties_lightness","beam_params_properties_saturation","beam_params_properties_textures","beam_params_properties_thickness","beam_params_source_end","beam_params_source_opacity","beam_params_target_begin","beam_params_target_opacity","bloom_cone_width","bloom_decay_rate","bloom_growth_rate","bloom_per_firing","camera_offset_bonus","category","cycling_sound_duration","cycling_sound_guid_Data1","cycling_sound_guid_Data2","cycling_sound_guid_Data3","cycling_sound_guid_Data4","delay_distance","drop_sound_guid_Data1","drop_sound_guid_Data2","drop_sound_guid_Data3","drop_sound_guid_Data4","empty_sound_duration","empty_sound_guid_Data1","empty_sound_guid_Data2","empty_sound_guid_Data3","empty_sound_guid_Data4","engagement_distance","explodes_at_end","explosion_delay","explosion_deviation","explosion_falloff","explosion_falloff_begin_distance","explosion_falloff_clamp","explosion_far_ring_daze_acceleration_modifier","explosion_far_ring_daze_duration","explosion_far_ring_daze_speed_modifier","explosion_far_ring_daze_turning_modifier","explosion_far_ring_pierce","explosion_far_ring_push","explosion_far_ring_radius","explosion_impulse","explosion_mid_ring_daze_acceleration_modifier","explosion_mid_ring_daze_duration","explosion_mid_ring_daze_speed_modifier","explosion_mid_ring_daze_turning_modifier","explosion_mid_ring_pierce","explosion_mid_ring_push","explosion_mid_ring_radius","explosion_near_ring_daze_acceleration_modifier","explosion_near_ring_daze_duration","explosion_near_ring_daze_speed_modifier","explosion_near_ring_daze_turning_modifier","explosion_near_ring_pierce","explosion_near_ring_push","explosion_near_ring_radius","explosion_pyro","explosion_sound_guid_Data1","explosion_sound_guid_Data2","explosion_sound_guid_Data3","explosion_sound_guid_Data4","firing_aggro_radius","firing_event_guid_Data1","firing_event_guid_Data2","firing_event_guid_Data3","firing_event_guid_Data4","flags","hot_loads","impact_aggro_radius","impact_impulse","instability","inventory_texture","laser_daze_acceleration_modifier","laser_daze_duration","laser_daze_speed_modifier","laser_daze_turning_modifier","looping_firing_sound_guid_Data1","looping_firing_sound_guid_Data2","looping_firing_sound_guid_Data3","looping_firing_sound_guid_Data4","looping_firing_stop_sound_guid_Data1","looping_firing_stop_sound_guid_Data2","looping_firing_stop_sound_guid_Data3","looping_firing_stop_sound_guid_Data4","low_arc","min_elevation","mounts","muzzle_velocity","no_soft_aimlock","penetration","pickup_radius","pickup_sound_guid_Data1","pickup_sound_guid_Data2","pickup_sound_guid_Data3","pickup_sound_guid_Data4","pierce","price","refuse_mag_multiply","secret","shoot_animation","shot_count","size","spool_decay","spool_decay_delay","spool_time","spooling_event_guid_Data1","spooling_event_guid_Data2","spooling_event_guid_Data3","spooling_event_guid_Data4","spooling_event_stop_guid_Data1","spooling_event_stop_guid_Data2","spooling_event_stop_guid_Data3","spooling_event_stop_guid_Data4","sprite","suppressed","swap_time","ui_texture","ui_texture_blends","use_looping_sound","weapon_effects","cold_reload_finished_sound_is_set","cold_reload_finished_sound_override","cycling_sound_is_set","cycling_sound_override","drop_sound_is_set","drop_sound_override","empty_sound_is_set","empty_sound_override","explosion_sound_is_set","explosion_sound_override","failed_reload_sound_is_set","failed_reload_sound_override","firing_event_is_set","firing_event_override","looping_firing_sound_is_set","looping_firing_sound_override","looping_firing_stop_sound_is_set","looping_firing_stop_sound_override","pickup_sound_is_set","pickup_sound_override","reload_ammo_in_sound_is_set","reload_ammo_in_sound_override","reload_begin_sound_is_set","reload_begin_sound_override","reload_finished_sound_is_set","reload_finished_sound_override","reload_mid_sound_is_set","reload_mid_sound_override","spooling_event_is_set","spooling_event_override","spooling_event_stop_is_set","spooling_event_stop_override"
"gun_100mm_pinch.name","gun_100mm_pinch.json","gun_100mm_pinch.description","ARTILLERY_WEAPON","AMMOTYPE_ARTILLERY","","","","","","","","","","","","","","","","","","","","","50","0.500000","1","1","0","1.000000","assets/data/pickups/ammo/pkp_ammo_100mm_chaff.json","4","5","False","0","assets/data/pickups/weapons/bullets/b_100mm_chaff.json","0","0","0","[0,0,0,0,0,0,0,0]","0.500000","","","","","","","","","","","","","","","","","","","","","","","","","","","","","","-1656875244","62096","17218","[153,214,110,21,210,130,100,230]","SEMI-AUTO","0.300000","0","","","","","","90","0.500000","0","0.200000","0.120000","50","0","0","0","[0,0,0,0,0,0,0,0]","","0.100000","0.900000","0","0","0","[0,0,0,0,0,0,0,0]","1","MAGAZINE","0","0","0","[0,0,0,0,0,0,0,0]","0","0","0","[0,0,0,0,0,0,0,0]","4.500000","True","0","30","1","","","","","","","","","","","","","12","0.350000","0","1","10","WEAPON","0.500000","0","0","0","[0,0,0,0,0,0,0,0]","1","1423095803","5973","16695","[135,213,49,223,248,185,213,25]","0.500000","-1656875244","62096","17218","[153,214,110,21,210,130,100,230]","14","","","","","","","","","","","","","","","","","","","","","","","","","","","","","","","","","","0","-1067659804","7985","17700","[185,15,33,108,152,166,44,251]","3","False","","","0.500000","assets/ui/inventory/render/inv_gun_pinch.png","","","","","0","0","0","[0,0,0,0,0,0,0,0]","0","0","0","[0,0,0,0,0,0,0,0]","True","-49.999992","","-1","False","","1","1377918081","37263","18696","[158,218,66,68,206,176,115,164]","","0","False","False","","1","27","0","0","0","0","0","0","[0,0,0,0,0,0,0,0]","0","0","0","[0,0,0,0,0,0,0,0]","assets/pickups/weapons/gun_pinch.json","False","0.800000","assets/ui/inventory/render/inv_gun_pinch.png","[""MULTIPLY"",""SCREEN""]","False","assets/data/fx/wfx_100mm_chaff_pinch.json","False","False","False","False","True","False","True","False","","","True","False","True","False","False","False","False","False","True","False","False","False","False","False","False","False","False","False","False","False","False","False"
"gun_105mm_abbot.name","gun_105mm_abbot.json","gun_105mm_abbot.description","ARTILLERY_WEAPON","AMMOTYPE_BULLET","","","","","","","","","","","","","","","","","","","","","100","0.250000","1","1","0","0.500000","assets/data/pickups/ammo/pkp_ammo_105mm_heat.json","4","250","True","0","assets/data/pickups/weapons/bullets/b_105mm_heat.json","0","0","0","[0,0,0,0,0,0,0,0]","0","","","","","","","","","","","","","","","","","","","","","","","","","","","","","","-1656875244","62096","17218","[153,214,110,21,210,130,100,230]","BURST/AUTO","0.350000","0","","","","","","60","0.500000","0","1","0.120000","100000","0","0","0","[0,0,0,0,0,0,0,0]","","0.100000","0.900000","0","0","0","[0,0,0,0,0,0,0,0]","1","MAGAZINE","0","0","0","[0,0,0,0,0,0,0,0]","0","0","0","[0,0,0,0,0,0,0,0]","3.250000","True","0","500","0","","","","","","","","","","","","","0","0","0","0","6","WEAPON","0.500000","-173013543","7983","19091","[144,221,14,139,174,210,252,126]","1","1423095803","5973","16695","[135,213,49,223,248,185,213,25]","0.500000","-1656875244","62096","17218","[153,214,110,21,210,130,100,230]","50","","","","","","","","","","","","","","","","","","","","","","","","","","","","","","","","","","0","-7653911","54247","18322","[174,20,67,100,47,65,233,28]","3","False","","","0","assets/ui/hud/HUD_main_can_01.png","","","","","0","0","0","[0,0,0,0,0,0,0,0]","0","0","0","[0,0,0,0,0,0,0,0]","True","-45","","100","False","","1","1377918081","37263","18696","[158,218,66,68,206,176,115,164]","","0","False","False","","1","255","0","0","0","0","0","0","[0,0,0,0,0,0,0,0]","0","0","0","[0,0,0,0,0,0,0,0]","assets/pickups/weapons/temp_main.json","False","1","assets/ui/hud/HUD_main_can_01.png","[""MULTIPLY"",""SCREEN""]","False","assets/data/fx/wfx_main_cannon_abbot_01.json","False","False","True","False","True","False","True","False","","","True","False","True","False","False","False","False","False","True","False","False","False","False","False","False","False","False","False","False","False","False","False"
"gun_120mm_metronome.name","gun_120mm_metronome.json","gun_120mm_metronome.description","ARTILLERY_WEAPON","AMMOTYPE_BULLET","","","","","","","","","","","","","","","","","","","","","100","1","1","1","0","1.200000","assets/data/pickups/ammo/pkp_ammo_120mm_he.json","4","75","False","0","assets/data/pickups/weapons/bullets/b_120mm_he.json","0","0","0","[0,0,0,0,0,0,0,0]","0","","","","","","","","","","","","","","","","","","","","","","","","","","","","","","-1656875244","62096","17218","[153,214,110,21,210,130,100,230]","BURST/AUTO","0","0","","","","","","45","0.600000","0","1","0.120000","60","0","0","0","[0,0,0,0,0,0,0,0]","","0.100000","0.900000","0","0","0","[0,0,0,0,0,0,0,0]","1","MAGAZINE","0","0","0","[0,0,0,0,0,0,0,0]","0","0","0","[0,0,0,0,0,0,0,0]","6","True","0","500","1","","","","","","","","","","","","","24.999996","0.700000","0","1","14","WEAPON","0.500000","60116200","32446","20256","[144,122,216,71,105,168,139,54]","1","1423095803","5973","16695","[135,213,49,223,248,185,213,25]","0.500000","-1656875244","62096","17218","[153,214,110,21,210,130,100,230]","25","","","","","","","","","","","","","","","","","","","","","","","","","","","","","","","","","","16","-362820199","36238","16807","[135,42,109,55,132,147,90,204]","3","False","","","8","assets/ui/hud/HUD_aux_arty_01.png","","","","","0","0","0","[0,0,0,0,0,0,0,0]","0","0","0","[0,0,0,0,0,0,0,0]","False","-45","","-1","False","","1","1377918081","37263","18696","[158,218,66,68,206,176,115,164]","","0","False","False","","1","90","0","0","0","0","0","0","[0,0,0,0,0,0,0,0]","0","0","0","[0,0,0,0,0,0,0,0]","assets/pickups/weapons/temp_aux.json","False","0.500000","assets/ui/hud/HUD_aux_arty_01.png","[""MULTIPLY"",""SCREEN""]","False","assets/data/fx/wfx_arty_aux_01.json","False","False","True","False","True","False","True","False","","","True","False","True","False","False","False","False","False","True","False","False","False","False","False","False","False","False","False","False","False","False","False"
"gun_12ga_buttonhole.name","gun_12ga_buttonhole.json","gun_12ga_buttonhole.description","ARTILLERY_WEAPON","AMMOTYPE_BULLET","","","","","","","","","","","","","","","","","","","","","40","0.450000","1","1","0","1.500000","","4","1","True","1","assets/data/pickups/weapons/bullets/b_12ga_pellet.json","0","0","0","[0,0,0,0,0,0,0,0]","0","","","","","","","","","","","","","","","","","","","","","","","","","","","","","","-1656875244","62096","17218","[153,214,110,21,210,130,100,230]","SEMI-AUTO","0.250000","0","","","","","","45","1.500000","0","0.150000","0.120000","0","122696736","50309","18588","[138,38,145,168,46,242,73,48]","","0.250000","0.350000","0","0","0","[0,0,0,0,0,0,0,0]","1","MAGAZINE","0","0","0","[0,0,0,0,0,0,0,0]","0","0","0","[0,0,0,0,0,0,0,0]","0.650000","True","0","1","1","","","","","","","","","","","","","8.000000","0.850000","0","0","0","WEAPON","0.320000","0","0","0","[0,0,0,0,0,0,0,0]","1","1423095803","5973","16695","[135,213,49,223,248,185,213,25]","0.500000","-1656875244","62096","17218","[153,214,110,21,210,130,100,230]","-1","","","","","","","","","","","","","","","","","","","","","","","","","","","","","","","","","","2","920916177","24398","18718","[184,31,221,203,209,248,145,141]","3","False","","","0","assets/ui/inventory/render/inv_gun_buttonhole.png","","","","","0","0","0","[0,0,0,0,0,0,0,0]","0","0","0","[0,0,0,0,0,0,0,0]","True","-49.999962","","-1","False","","1","1377918081","37263","18696","[158,218,66,68,206,176,115,164]","","0","True","False","idle","1","3","0","0","0","0","0","0","[0,0,0,0,0,0,0,0]","0","0","0","[0,0,0,0,0,0,0,0]","assets/pickups/weapons/gun_buttonhole.json","False","0.330000","assets/ui/inventory/render/inv_gun_buttonhole.png","[""MULTIPLY"",""SCREEN""]","False","assets/data/fx/wfx_12ga_buttonhole.json","False","False","False","False","True","False","True","False","","","True","False","True","False","False","False","False","False","True","False","True","False","False","False","False","False","False","False","False","False","False","False"
"gun_12ga_drummer.name","gun_12ga_drummer.json","gun_12ga_drummer.description","ARTILLERY_WEAPON","AMMOTYPE_BULLET","","","","","","","","","","","","","","","","","","","","","40","0.200000","20","1","0","0.850000","assets/data/pickups/ammo/pkp_ammo_12ga_pellet.json","4","40","False","0","assets/data/pickups/weapons/bullets/b_12ga_pellet.json","0","0","0","[0,0,0,0,0,0,0,0]","0.025000","","","","","","","","","","","","","","","","","","","","","","","","","","","","","","-1656875244","62096","17218","[153,214,110,21,210,130,100,230]","BURST/AUTO","0.500000","0","","","","","","45","0.850000","0","1","0.120000","0","-1476017363","24947","18520","[147,130,218,83,141,73,110,197]","","0.100000","0.900000","-1476017363","24947","18520","[147,130,218,83,141,73,110,197]","1","MAGAZINE","-181921828","37716","17988","[136,209,219,9,89,251,171,109]","173657436","42737","18311","[173,125,203,83,211,158,126,116]","4.500000","True","0","0","0.200000","","","","","","","","","","","","","13.999998","1.800000","0","0.400000","0","WEAPON","0.500000","0","0","0","[0,0,0,0,0,0,0,0]","1","1423095803","5973","16695","[135,213,49,223,248,185,213,25]","0.500000","-1656875244","62096","17218","[153,214,110,21,210,130,100,230]","8","","","","","","","","","","","","","","","","","","","","","","","","","","","","","","","","","","17","-33658841","45101","16673","[161,28,140,132,191,216,73,239]","3","False","","","1","assets/ui/inventory/render/inv_gun_drummer.png","","","","","0","0","0","[0,0,0,0,0,0,0,0]","0","0","0","[0,0,0,0,0,0,0,0]","True","-49.999958","","-1","False","","1","1377918081","37263","18696","[158,218,66,68,206,176,115,164]","","0","False","False","","1","17","0","0","0","0","0","0","[0,0,0,0,0,0,0,0]","0","0","0","[0,0,0,0,0,0,0,0]","assets/pickups/weapons/gun_drummer.json","False","0.660000","assets/ui/inventory/render/inv_gun_drummer.png","[""MULTIPLY"",""SCREEN""]","False","assets/data/fx/wfx_12ga_tet.json","False","False","False","False","True","False","True","False","","","True","False","True","False","False","False","False","False","True","False","True","False","True","False","True","False","True","False","False","False","False","False"
"gun_12ga_oremor.name","gun_12ga_oremor.json","gun_12ga_oremor.description","ARTILLERY_WEAPON","AMMOTYPE_BULLET","","","","","","","","","","","","","","","","","","","","","40","0.300000","2","1","0","0.900000","assets/data/pickups/ammo/pkp_ammo_12ga_pellet.json","4","2","False","0.550000","assets/data/pickups/weapons/bullets/b_12ga_pellet_short.json","0","0","0","[0,0,0,0,0,0,0,0]","0","","","","","","","","","","","","","","","","","","","","","","","","","","","","","","-1656875244","62096","17218","[153,214,110,21,210,130,100,230]","SEMI-AUTO","0.300000","0","","","","","","45","0.900000","0","0.050000","0.120000","7","473155621","28116","19643","[171,169,8,117,4,101,25,116]","","0.150000","0.900000","0","0","0","[0,0,0,0,0,0,0,0]","0.650000","SINGLE_ROUND","0","0","0","[0,0,0,0,0,0,0,0]","1532201229","11715","16607","[153,104,235,18,241,224,240,115]","1.150000","True","0","0","0.200000","","","","","","","","","","","","","6.999999","1","0","0","0","WEAPON","0.320000","0","0","0","[0,0,0,0,0,0,0,0]","1","1423095803","5973","16695","[135,213,49,223,248,185,213,25]","0.500000","-1656875244","62096","17218","[153,214,110,21,210,130,100,230]","3","","","","","","","","","","","","","","","","","","","","","","","","","","","","","","","","","","10","1018364199","63103","17903","[172,117,70,235,172,184,16,239]","1","False","","","0","assets/ui/inventory/render/inv_gun_oremor.png","","","","","0","0","0","[0,0,0,0,0,0,0,0]","0","0","0","[0,0,0,0,0,0,0,0]","True","0","","-1","False","","1","1377918081","37263","18696","[158,218,66,68,206,176,115,164]","","0","True","False","","1","5","0","0","0","0","0","0","[0,0,0,0,0,0,0,0]","0","0","0","[0,0,0,0,0,0,0,0]","assets/pickups/weapons/gun_oremor.json","False","0.150000","assets/ui/inventory/render/inv_gun_oremor.png","[""MULTIPLY"",""SCREEN""]","False","assets/data/fx/wfx_12ga_oremor.json","False","False","False","False","True","False","True","False","","","True","False","True","False","False","False","False","False","True","False","True","False","False","False","False","False","True","False","False","False","False","False"
"gun_12ga_southy.name","gun_12ga_southy.json","gun_12ga_southy.description","ARTILLERY_WEAPON","AMMOTYPE_BULLET","","","","","","","","","","","","","","","","","","","","","40","0.250000","2","1","0","0.900000","assets/data/pickups/ammo/pkp_ammo_12ga_pellet.json","4","2","False","0.750000","assets/data/pickups/weapons/bullets/b_12ga_pellet_narrow.json","-955080987","242","17727","[165,117,131,79,103,53,17,241]","0","","","","","","","","","","","","","","","","","","","","","","","","","","","","","","-1656875244","62096","17218","[153,214,110,21,210,130,100,230]","SEMI-AUTO","0.300000","0","","","","","","45","0.200000","0","0.020000","0.120000","11","473155621","28116","19643","[171,169,8,117,4,101,25,116]","","0.150000","0.900000","0","0","0","[0,0,0,0,0,0,0,0]","0.650000","SINGLE_ROUND","0","0","0","[0,0,0,0,0,0,0,0]","1532201229","11715","16607","[153,104,235,18,241,224,240,115]","1.350000","True","0","0","0.200000","","","","","","","","","","","","","6.999999","1.800000","0","0","0","WEAPON","0.320000","0","0","0","[0,0,0,0,0,0,0,0]","1","1423095803","5973","16695","[135,213,49,223,248,185,213,25]","0.500000","-1656875244","62096","17218","[153,214,110,21,210,130,100,230]","8","","","","","","","","","","","","","","","","","","","","","","","","","","","","","","","","","","10","-1788379085","10775","18652","[175,65,69,151,239,222,67,197]","1","False","","","0","assets/ui/inventory/render/inv_gun_southy.png","","","","","0","0","0","[0,0,0,0,0,0,0,0]","0","0","0","[0,0,0,0,0,0,0,0]","True","0","","60","False","","1","1377918081","37263","18696","[158,218,66,68,206,176,115,164]","","0","True","False","","1","11","0","0","0","0","0","0","[0,0,0,0,0,0,0,0]","0","0","0","[0,0,0,0,0,0,0,0]","assets/pickups/weapons/gun_southy.json","False","0.150000","assets/ui/inventory/render/inv_gun_southy.png","[""MULTIPLY"",""SCREEN""]","False","assets/data/fx/wfx_12ga_southy.json","True","False","False","False","True","False","True","False","","","True","False","True","False","False","False","False","False","True","False","True","False","False","False","False","False","True","False","False","False","False","False"
"gun_12ga_stretch.name","gun_12ga_stretch.json","gun_12ga_stretch.description","ARTILLERY_WEAPON","AMMOTYPE_BULLET","","","","","","","","","","","","","","","","","","","","","40","1.800000","3","1","0","0.800000","assets/data/pickups/ammo/pkp_ammo_12ga_pellet.json","4","15","False","0","assets/data/pickups/weapons/bullets/b_12ga_slug.json","-955080987","242","17727","[165,117,131,79,103,53,17,241]","0.600000","","","","","","","","","","","","","","","","","","","","","","","","","","","","","","-1656875244","62096","17218","[153,214,110,21,210,130,100,230]","SEMI-AUTO","0.400000","0","","","","","","45","0.800000","0","1.400000","0.120000","0","473155621","28116","19643","[171,169,8,117,4,101,25,116]","","0.150000","0.550000","0","0","0","[0,0,0,0,0,0,0,0]","0.250000","MAGAZINE","0","0","0","[0,0,0,0,0,0,0,0]","0","0","0","[0,0,0,0,0,0,0,0]","4","True","0","0","0.500000","","","","","","","","","","","","","10.999999","0.600000","0","0.650000","0","WEAPON","0.320000","1052014697","36301","17366","[140,176,76,221,31,87,54,79]","1","1423095803","5973","16695","[135,213,49,223,248,185,213,25]","0.500000","-1656875244","62096","17218","[153,214,110,21,210,130,100,230]","12","","","","","","","","","","","","","","","","","","","","","","","","","","","","","","","","","","14","-1788379085","10775","18652","[175,65,69,151,239,222,67,197]","3","True","","","0.500000","assets/ui/inventory/render/inv_gun_stretch.png","","","","","0","0","0","[0,0,0,0,0,0,0,0]","0","0","0","[0,0,0,0,0,0,0,0]","True","-49.999992","","80","False","","1","1377918081","37263","18696","[158,218,66,68,206,176,115,164]","","0","True","False","","1","10","0","0","0","0","0","0","[0,0,0,0,0,0,0,0]","0","0","0","[0,0,0,0,0,0,0,0]","assets/pickups/weapons/gun_stretch.json","False","0.330000","assets/ui/inventory/render/inv_gun_stretch.png","[""MULTIPLY"",""SCREEN""]","False","assets/data/fx/wfx_12ga_tet.json","True","False","True","False","True","False","True","False","","","True","False","True","False","False","False","False","False","True","False","True","False","False","False","False","False","False","False","False","False","False","False"
"gun_12ga_tet.name","gun_12ga_tet.json","gun_12ga_tet.description","ARTILLERY_WEAPON","AMMOTYPE_BULLET","","","","","","","","","","","","","","","","","","","","","40","0.600000","6","1","0","0.850000","assets/data/pickups/ammo/pkp_ammo_12ga_pellet.json","4","15","False","0","assets/data/pickups/weapons/bullets/b_12ga_pellet.json","-955080987","242","17727","[165,117,131,79,103,53,17,241]","0.600000","","","","","","","","","","","","","","","","","","","","","","","","","","","","","","-1656875244","62096","17218","[153,214,110,21,210,130,100,230]","SEMI-AUTO","0.600000","0","","","","","","45","0.850000","0","0.400000","0.120000","0","473155621","28116","19643","[171,169,8,117,4,101,25,116]","","0.150000","0.550000","0","0","0","[0,0,0,0,0,0,0,0]","0.250000","SINGLE_ROUND","0","0","0","[0,0,0,0,0,0,0,0]","0","0","0","[0,0,0,0,0,0,0,0]","0.800000","True","0","0","0","","","","","","","","","","","","","4.239998","0.825000","0","0.650000","0","WEAPON","0.320000","-955080987","242","17727","[165,117,131,79,103,53,17,241]","1","1423095803","5973","16695","[135,213,49,223,248,185,213,25]","0.500000","-1656875244","62096","17218","[153,214,110,21,210,130,100,230]","9.500000","","","","","","","","","","","","","","","","","","","","","","","","","","","","","","","","","","11","-1788379085","10775","18652","[175,65,69,151,239,222,67,197]","3","False","","","-1","assets/ui/inventory/render/inv_gun_tet.png","","","","","0","0","0","[0,0,0,0,0,0,0,0]","0","0","0","[0,0,0,0,0,0,0,0]","True","-49.999992","","60","False","","1","1377918081","37263","18696","[158,218,66,68,206,176,115,164]","","0","True","False","","1","11","0","0","0","0","0","0","[0,0,0,0,0,0,0,0]","0","0","0","[0,0,0,0,0,0,0,0]","assets/pickups/weapons/gun_tet.json","False","0.330000","assets/ui/inventory/render/inv_gun_tet.png","[""MULTIPLY"",""SCREEN""]","False","assets/data/fx/wfx_12ga_tet.json","True","False","True","False","True","False","True","False","","","True","False","True","False","False","False","False","False","True","False","True","False","False","False","False","False","False","False","False","False","False","False"
"gun_12mm_galinha.name","gun_12mm_galinha.json","gun_12mm_galinha.description","LASER_WEAPON","AMMOTYPE_LASER","","","","","","","","","","","","","","","","","","","","","60","0.340000","8","1","0","0","assets/data/pickups/ammo/pkp_ammo_12mm_rail.json","1","20","True","0","","0","0","0","[0,0,0,0,0,0,0,0]","0","0","0","0","0","1","8","0","0","0","0","0","0","0.650000","0","0","0","0","0","0","0","0","0","0","0","0","0","0","0.650000","1.350000","0","0","0","[0,0,0,0,0,0,0,0]","SEMI-AUTO","0","0","0","38","1","1.350000","0.450000","2.000000","0","0","0.300000","0.120000","1","0","0","0","[0,0,0,0,0,0,0,0]","","0.100000","0.350000","0","0","0","[0,0,0,0,0,0,0,0]","1","MAGAZINE","0","0","0","[0,0,0,0,0,0,0,0]","0","0","0","[0,0,0,0,0,0,0,0]","2","True","0","20","0.500000","0.200000","0.050000","0.300000","324.999847","4","4","[""assets/fx/beams/laser_galinha_multiply.png"",""assets/fx/beams/laser_galinha_screen.png""]","10","0.150000","0","0.900000","0","3","2","0","0.800000","12","WEAPON","0.399000","0","0","0","[0,0,0,0,0,0,0,0]","","1423095803","5973","16695","[135,213,49,223,248,185,213,25]","0.500000","-1656875244","62096","17218","[153,214,110,21,210,130,100,230]","-1","True","0","0","[0,0,0,0,0]","0","0","0","0","0","0","3","0","1.500000","0","0","0","0","0","0","0","0","0","0","0","0","0","0","0","assets/data/fx/pyros/pyro_null.json","619321280","34246","18130","[153,187,177,210,231,58,62,122]","0","711796301","39592","18966","[129,12,161,210,26,148,184,235]","3","False","1","20","0","assets/ui/hud/HUD_aux_laser_02.png","-0.050000","0.500000","-0.050000","-0.050000","0","0","0","[0,0,0,0,0,0,0,0]","0","0","0","[0,0,0,0,0,0,0,0]","","-49.999958","","-1","False","300","1","1377918081","37263","18696","[158,218,66,68,206,176,115,164]","4","2000000","False","False","","1","125","0","0","0","0","0","0","[0,0,0,0,0,0,0,0]","0","0","0","[0,0,0,0,0,0,0,0]","assets/pickups/weapons/temp_aux.json","False","0","assets/ui/hud/HUD_aux_laser_02.png","[""MULTIPLY"",""SCREEN""]","False","assets/data/fx/wfx_laser_aux_02.json","False","False","False","False","True","False","True","False","True","True","False","False","True","False","False","False","False","False","True","False","False","False","False","False","False","False","False","False","False","False","False","False"
"gun_12mm_strigidae.name","gun_12mm_strigidae.json","gun_12mm_strigidae.description","LASER_WEAPON","AMMOTYPE_LASER","","","","","","","","","","","","","","","","","","","","","40","4.400000","3","1","0","0.400000","assets/data/pickups/ammo/pkp_ammo_12mm_rail.json","1","6","True","1","","0","0","0","[0,0,0,0,0,0,0,0]","0","1","1","0","0","0","20","0","0","0","0","0","0","1","0","0","0","0","0","0","0","0","0","0","0","0","0","0","1","1","0","0","0","[0,0,0,0,0,0,0,0]","SEMI-AUTO","0","0","0","90","0.750000","1","0.150000","90","0","0","4.400000","0.120000","0","0","0","0","[0,0,0,0,0,0,0,0]","","0.100000","0.350000","0","0","0","[0,0,0,0,0,0,0,0]","1","MAGAZINE","0","0","0","[0,0,0,0,0,0,0,0]","0","0","0","[0,0,0,0,0,0,0,0]","6.660000","True","0","12","1","0.125000","0.050000","0.300000","324.999878","5.500000","4","[""assets/fx/beams/laser_galinha_multiply.png"",""assets/fx/beams/laser_galinha_screen.png""]","6","0.120000","0","0.900000","0","12","0.150000","0","1","15","WEAPON","0.800000","1965412754","41357","18726","[135,227,114,207,36,182,19,174]","","1423095803","5973","16695","[135,213,49,223,248,185,213,25]","0.500000","-1656875244","62096","17218","[153,214,110,21,210,130,100,230]","-1","False","0","0","[0,0,1,1,0]","0.100000","0","0","0","0","0","1","0","0.500000","0","0","0","0","0","0","0","0","0","0","0","0","0","0","0","","0","0","0","[0,0,0,0,0,0,0,0]","3","2023720271","6104","18664","[186,187,20,212,159,145,94,107]","3","False","4","160","6","assets/ui/hud/HUD_sml_laser_01.png","0","0","0","0","0","0","0","[0,0,0,0,0,0,0,0]","0","0","0","[0,0,0,0,0,0,0,0]","","-49.999992","","120","False","900","1","1377918081","37263","18696","[158,218,66,68,206,176,115,164]","4","0","False","False","","1","42","0","0","0","0","0","0","[0,0,0,0,0,0,0,0]","0","0","0","[0,0,0,0,0,0,0,0]","assets/pickups/weapons/gun_blackhand.json","True","0.500000","assets/ui/hud/HUD_sml_laser_01.png","[""MULTIPLY"",""SCREEN""]","False","assets/data/fx/wfx_12ga_tet.json","False","False","True","False","True","False","True","False","False","False","False","False","True","False","False","False","False","False","True","False","False","False","False","False","False","False","False","False","False","False","False","False"
"gun_132mm_chuffer.name","gun_132mm_chuffer.json","gun_132mm_chuffer.description","ARTILLERY_WEAPON","AMMOTYPE_BULLET","","","","","","","","","","","","","","","","","","","","","100","3.300000","20","2","0.150000","5.000000","assets/data/pickups/ammo/pkp_ammo_132mm_he.json","4","60","False","0.800000","assets/data/pickups/weapons/bullets/b_132mm_he.json","0","0","0","[0,0,0,0,0,0,0,0]","0","","","","","","","","","","","","","","","","","","","","","","","","","","","","","","-1656875244","62096","17218","[153,214,110,21,210,130,100,230]","SEMI-AUTO","0","0","","","","","","45","1.000000","0","2.500000","0.120000","10","0","0","0","[0,0,0,0,0,0,0,0]","","0.100000","0.900000","0","0","0","[0,0,0,0,0,0,0,0]","1","SINGLE_ROUND","0","0","0","[0,0,0,0,0,0,0,0]","0","0","0","[0,0,0,0,0,0,0,0]","0.400000","True","0","120","0","","","","","","","","","","","","","15.999994","0.400000","0","0","7","WEAPON","0.381000","60116200","32446","20256","[144,122,216,71,105,168,139,54]","1","1423095803","5973","16695","[135,213,49,223,248,185,213,25]","0.500000","-1656875244","62096","17218","[153,214,110,21,210,130,100,230]","20","","","","","","","","","","","","","","","","","","","","","","","","","","","","","","","","","","26","1207598323","59073","17808","[154,21,206,26,37,75,148,252]","3","False","","","6","assets/ui/inventory/render/inv_gun_chuffer.png","","","","","0","0","0","[0,0,0,0,0,0,0,0]","0","0","0","[0,0,0,0,0,0,0,0]","True","-45","","100","False","","1","1377918081","37263","18696","[158,218,66,68,206,176,115,164]","","0","False","False","","1","63","0","0","0","0","0","0","[0,0,0,0,0,0,0,0]","0","0","0","[0,0,0,0,0,0,0,0]","assets/pickups/weapons/temp_aux.json","False","1","assets/ui/inventory/render/inv_gun_chuffer.png","[""MULTIPLY"",""SCREEN""]","False","assets/data/fx/wfx_40mm_thumper.json","False","False","True","False","True","False","True","False","","","True","False","True","False","False","False","False","False","True","False","False","False","False","False","False","False","False","False","False","False","False","False"
"gun_132mm_ploughman.name","gun_132mm_ploughman.json","gun_132mm_ploughman.description","ARTILLERY_WEAPON","AMMOTYPE_BULLET","","","","","","","","","","","","","","","","","","","","","30","2.900000","8","8","0.050000","3","assets/data/pickups/ammo/pkp_ammo_132mm_he.json","4","75","False","0.100000","assets/data/pickups/weapons/bullets/b_132mm_he.json","0","0","0","[0,0,0,0,0,0,0,0]","0","","","","","","","","","","","","","","","","","","","","","","","","","","","","","","-1656875244","62096","17218","[153,214,110,21,210,130,100,230]","SEMI-AUTO","0","0","","","","","","90","2.000000","0","2.250000","0.120000","40","0","0","0","[0,0,0,0,0,0,0,0]","","0.100000","0.900000","0","0","0","[0,0,0,0,0,0,0,0]","1","MAGAZINE","0","0","0","[0,0,0,0,0,0,0,0]","0","0","0","[0,0,0,0,0,0,0,0]","4.440000","True","0","500","0","","","","","","","","","","","","","7.000000","0.350000","0","0","4","WEAPON","0.500000","-1505342492","12200","19717","[157,243,74,202,81,182,227,203]","1","1423095803","5973","16695","[135,213,49,223,248,185,213,25]","0.500000","-1656875244","62096","17218","[153,214,110,21,210,130,100,230]","18","","","","","","","","","","","","","","","","","","","","","","","","","","","","","","","","","","33","-1067659804","7985","17700","[185,15,33,108,152,166,44,251]","3","False","","","8","assets/ui/hud/HUD_hvy_arty_02.png","","","","","0","0","0","[0,0,0,0,0,0,0,0]","0","0","0","[0,0,0,0,0,0,0,0]","True","-45","","100","False","","1","1377918081","37263","18696","[158,218,66,68,206,176,115,164]","","0","False","False","","1","292","0","0","0","0","0","0","[0,0,0,0,0,0,0,0]","0","0","0","[0,0,0,0,0,0,0,0]","assets/pickups/weapons/temp_main.json","False","1","assets/ui/hud/HUD_hvy_arty_02.png","[""MULTIPLY"",""SCREEN""]","False","assets/data/fx/wfx_40mm_thumper.json","False","False","True","False","True","False","True","False","","","True","False","True","False","False","False","False","False","True","False","False","False","False","False","False","False","False","False","False","False","False","False"
"gun_14mm_banshee.name","gun_14mm_banshee.json","gun_14mm_banshee.description","LASER_WEAPON","AMMOTYPE_LASER","","","","","","","","","","","","","","","","","","","","","100","0","500","3","0.040000","0.200000","assets/data/pickups/ammo/pkp_ammo_14mm_he.json","1","500","True","0.055000","","0","0","0","[0,0,0,0,0,0,0,0]","0","1","1","0","0","0","18","0","0","0","0","0","0","1","0","0","0","0","0","0","0","0","0","0","0","0","0","0","1","1","0","0","0","[0,0,0,0,0,0,0,0]","BURST/AUTO","0","0","0","12","1","1","0.600000","2.000000","0.200000","0","0.900000","0.120000","0","0","0","0","[0,0,0,0,0,0,0,0]","","0.100000","0.350000","0","0","0","[0,0,0,0,0,0,0,0]","1","MAGAZINE","0","0","0","[0,0,0,0,0,0,0,0]","0","0","0","[0,0,0,0,0,0,0,0]","3.330000","True","0","1000","0","0.014000","0.010000","0.010000","329.999847","3","2.385000","[""assets/fx/beams/laser_multiply_05.png"",""assets/fx/beams/laser_screen_05.png""]","7","0.250000","0","0.500000","0.275000","2.000000","1","0","0","11","WEAPON","0.800000","0","0","0","[0,0,0,0,0,0,0,0]","","1423095803","5973","16695","[135,213,49,223,248,185,213,25]","0.050000","-1656875244","62096","17218","[153,214,110,21,210,130,100,230]","-1","True","0","0","[0,0,1,1,0]","0.100000","0","0","0","0","0","2","0","0.500000","0","0","0","0","0","0","0","0","0","0","0","0","0","0","0","","0","0","0","[0,0,0,0,0,0,0,0]","0","-31334617","41463","19581","[141,131,119,65,239,204,250,106]","3","False","1","0.500000","0","assets/ui/hud/HUD_main_mg_02.png","0","0","0","0","-1769236817","43640","16662","[139,2,199,124,15,102,122,54]","1712860969","25037","16528","[185,137,231,178,62,55,178,70]","","-49.999992","","-1","False","20","1","1377918081","37263","18696","[158,218,66,68,206,176,115,164]","4","0","False","False","","1","240","0","0","0","0","0","0","[0,0,0,0,0,0,0,0]","0","0","0","[0,0,0,0,0,0,0,0]","assets/pickups/weapons/temp_main.json","False","0","assets/ui/hud/HUD_main_mg_02.png","[""MULTIPLY"",""SCREEN""]","True","assets/data/fx/wfx_mg_main_02.json","False","False","False","False","True","False","True","False","False","True","False","False","True","False","True","False","True","False","True","False","False","False","False","False","False","False","False","False","False","False","False","False"
"gun_14mm_barker.name","gun_14mm_barker.json","gun_14mm_barker.description","LASER_WEAPON","AMMOTYPE_LASER","","","","","","","","","","","","","","","","","","","","","100","0.080000","18","1","0","0.200000","assets/data/pickups/ammo/pkp_ammo_14mm_he.json","1","75","True","0","","0","0","0","[0,0,0,0,0,0,0,0]","0","1","1","0","0","0","18","0","0","0","0","0","0","1","0","0","0","0","0","0","0","0","0","0","0","0","0","0","1","1","0","0","0","[0,0,0,0,0,0,0,0]","BURST/AUTO","0","0","0","12","1","1","0.400000","6","0.200000","0","0.900000","0.120000","0","0","0","0","[0,0,0,0,0,0,0,0]","","0.100000","0.350000","0","0","0","[0,0,0,0,0,0,0,0]","1","MAGAZINE","0","0","0","[0,0,0,0,0,0,0,0]","0","0","0","[0,0,0,0,0,0,0,0]","2.800000","True","0","75","0.700000","0.014000","0.010000","0.010000","329.999847","3","2.385000","[""assets/fx/beams/laser_multiply_05.png"",""assets/fx/beams/laser_screen_05.png""]","7","0.250000","0","0.500000","0.275000","6","0.800000","0","0.250000","5","WEAPON","0.800000","0","0","0","[0,0,0,0,0,0,0,0]","","1423095803","5973","16695","[135,213,49,223,248,185,213,25]","0.500000","-1656875244","62096","17218","[153,214,110,21,210,130,100,230]","-1","True","0","0","[0,0,1,1,0]","0.100000","0","0","0","0","0","1","0","0.500000","0","0","0","0","0","0","0","0","0","0","0","0","0","0","0","","0","0","0","[0,0,0,0,0,0,0,0]","16","369464747","31712","19049","[163,231,247,158,159,37,41,43]","3","False","6","0","0","assets/ui/inventory/render/inv_gun_barker.png","0","0","0","0","-1769236817","43640","16662","[139,2,199,124,15,102,122,54]","1712860969","25037","16528","[185,137,231,178,62,55,178,70]","","-49.999992","","-1","False","20","1","1377918081","37263","18696","[158,218,66,68,206,176,115,164]","3","0","False","False","","1","22","0","0","0","0","0","0","[0,0,0,0,0,0,0,0]","0","0","0","[0,0,0,0,0,0,0,0]","assets/pickups/weapons/gun_kopinski.json","False","0","assets/ui/inventory/render/inv_gun_barker.png","[""MULTIPLY"",""SCREEN""]","False","assets/data/fx/wfx_mg_main_02.json","False","False","False","False","True","False","True","False","False","True","False","False","True","False","True","False","True","False","True","False","False","False","False","False","False","False","False","False","False","False","False","False"
"gun_15mm_esd_lockdown.name","gun_15mm_esd_lockdown.json","gun_15mm_esd_lockdown.description","ARTILLERY_WEAPON","AMMOTYPE_BULLET","","","","","","","","","","","","","","","","","","","","","20","0.110000","120","1","0","1.250000","assets/data/pickups/ammo/pkp_ammo_15mm_esd.json","4","240","False","0","assets/data/pickups/weapons/bullets/b_15mm_esd.json","0","0","0","[0,0,0,0,0,0,0,0]","0","","","","","","","","","","","","","","","","","","","","","","","","","","","","","","-1656875244","62096","17218","[153,214,110,21,210,130,100,230]","BURST/AUTO","0.300000","0","","","","","","90","0.500000","0","1","0.120000","0","0","0","0","[0,0,0,0,0,0,0,0]","","0.100000","0.900000","0","0","0","[0,0,0,0,0,0,0,0]","1","MAGAZINE","0","0","0","[0,0,0,0,0,0,0,0]","0","0","0","[0,0,0,0,0,0,0,0]","6","True","0","480","1","","","","","","","","","","","","","10.999998","0.900000","0","0.195000","6","WEAPON","0.500000","0","0","0","[0,0,0,0,0,0,0,0]","1","1423095803","5973","16695","[135,213,49,223,248,185,213,25]","0.500000","-1656875244","62096","17218","[153,214,110,21,210,130,100,230]","50","","","","","","","","","","","","","","","","","","","","","","","","","","","","","","","","","","0","2023720271","6104","18664","[186,187,20,212,159,145,94,107]","3","False","","","1","assets/ui/inventory/render/inv_gun_lockdown.png","","","","","0","0","0","[0,0,0,0,0,0,0,0]","0","0","0","[0,0,0,0,0,0,0,0]","True","-49.999992","","100","False","","1","1377918081","37263","18696","[158,218,66,68,206,176,115,164]","","0","False","False","","3","19","0","0","0","0","0","0","[0,0,0,0,0,0,0,0]","0","0","0","[0,0,0,0,0,0,0,0]","assets/pickups/weapons/laser_tur.json","False","0.250000","assets/ui/inventory/render/inv_gun_lockdown.png","[""MULTIPLY"",""SCREEN""]","False","assets/data/fx/wfx_mg_small_02.json","False","False","False","False","True","False","True","False","","","True","False","True","False","False","False","False","False","True","False","False","False","False","False","False","False","False","False","False","False","False","False"
"gun_20mm_ballister.name","gun_20mm_ballister.json","gun_20mm_ballister.description","ARTILLERY_WEAPON","AMMOTYPE_BULLET","","","","","","","","","","","","","","","","","","","","","40","0.160000","12","1","0","1.200000","assets/data/pickups/ammo/pkp_ammo_20mm_aphe-t.json","4","24","False","0.350000","assets/data/pickups/weapons/bullets/b_20mm_aphe-t.json","851865240","17619","19087","[140,25,51,233,226,166,152,132]","0","","","","","","","","","","","","","","","","","","","","","","","","","","","","","","-1656875244","62096","17218","[153,214,110,21,210,130,100,230]","BURST/AUTO","0.010000","0","","","","","","45","0.660000","0","0.200000","0.120000","12","60116200","32446","20256","[144,122,216,71,105,168,139,54]","","0.250000","1.750000","1532201229","11715","16607","[153,104,235,18,241,224,240,115]","1.500000","MAGAZINE","0","0","0","[0,0,0,0,0,0,0,0]","0","0","0","[0,0,0,0,0,0,0,0]","3","True","0","48","0","","","","","","","","","","","","","8.000000","2.200000","0","0","0","WEAPON","0.651000","0","0","0","[0,0,0,0,0,0,0,0]","1","1423095803","5973","16695","[135,213,49,223,248,185,213,25]","0.225000","-1656875244","62096","17218","[153,214,110,21,210,130,100,230]","9","","","","","","","","","","","","","","","","","","","","","","","","","","","","","","","","","","26","657933775","7367","18521","[182,155,214,119,143,95,193,10]","3","True","","","6","assets/ui/hud/HUD_sml_can_01.png","","","","","0","0","0","[0,0,0,0,0,0,0,0]","0","0","0","[0,0,0,0,0,0,0,0]","True","0","","160","False","","1","1377918081","37263","18696","[158,218,66,68,206,176,115,164]","","0","False","False","","1","69","0","0","0","0","0","0","[0,0,0,0,0,0,0,0]","0","0","0","[0,0,0,0,0,0,0,0]","assets/pickups/weapons/gun_thumper.json","False","0.330000","assets/ui/hud/HUD_sml_can_01.png","[""MULTIPLY"",""SCREEN""]","False","assets/data/fx/wfx_20mm_kopinski.json","True","False","False","False","True","False","True","False","","","True","False","True","False","False","False","False","False","True","False","True","False","True","False","False","False","False","False","False","False","False","False"
"gun_20mm_belter.name","gun_20mm_belter.json","gun_20mm_belter.description","ARTILLERY_WEAPON","AMMOTYPE_BULLET","","","","","","","","","","","","","","","","","","","","","60","0","55","3","0.065000","1.350000","assets/data/pickups/ammo/pkp_ammo_20mm_aphe-t.json","4","75","False","0.040000","assets/data/pickups/weapons/bullets/b_20mm_aphe-t-auto.json","0","0","0","[0,0,0,0,0,0,0,0]","0","","","","","","","","","","","","","","","","","","","","","","","","","","","","","","-1656875244","62096","17218","[153,214,110,21,210,130,100,230]","BURST/AUTO","0","0","","","","","","60","0.600000","0","1","0.120000","10","0","0","0","[0,0,0,0,0,0,0,0]","","0.100000","0.900000","0","0","0","[0,0,0,0,0,0,0,0]","1","MAGAZINE","0","0","0","[0,0,0,0,0,0,0,0]","0","0","0","[0,0,0,0,0,0,0,0]","7","True","0","500","0.600000","","","","","","","","","","","","","5.000000","0.300000","0","0","2","WEAPON","0.500000","0","0","0","[0,0,0,0,0,0,0,0]","1","1423095803","5973","16695","[135,213,49,223,248,185,213,25]","0.500000","-1656875244","62096","17218","[153,214,110,21,210,130,100,230]","17","","","","","","","","","","","","","","","","","","","","","","","","","","","","","","","","","","0","0","0","0","[0,0,0,0,0,0,0,0]","3","False","","","8","assets/ui/hud/HUD_aux_mg_01.png","","","","","-1346757020","13075","17385","[188,99,84,140,38,106,124,170]","2114382341","33290","17224","[153,253,153,26,100,94,104,61]","True","-45","","160","False","","1","1377918081","37263","18696","[158,218,66,68,206,176,115,164]","","0","False","False","","1","169","0","0","0","0","0","0","[0,0,0,0,0,0,0,0]","0","0","0","[0,0,0,0,0,0,0,0]","assets/pickups/weapons/temp_aux.json","False","0.800000","assets/ui/hud/HUD_aux_mg_01.png","[""MULTIPLY"",""SCREEN""]","True","assets/data/fx/wfx_mg_aux_01.json","False","False","False","False","True","False","True","False","","","True","False","False","False","True","False","True","False","True","False","False","False","False","False","False","False","False","False","False","False","False","False"
"gun_20mm_crambo.name","gun_20mm_crambo.json","gun_20mm_crambo.description","ARTILLERY_WEAPON","AMMOTYPE_BULLET","","","","","","","","","","","","","","","","","","","","","100","0.650000","10","1","0","0.500000","assets/data/pickups/ammo/pkp_ammo_20mm_beehive.json","4","250","True","0","assets/data/pickups/weapons/bullets/b_20mm_pellet.json","0","0","0","[0,0,0,0,0,0,0,0]","0","","","","","","","","","","","","","","","","","","","","","","","","","","","","","","-1656875244","62096","17218","[153,214,110,21,210,130,100,230]","SEMI-AUTO","0.350000","0","","","","","","60","0.500000","0","0.550000","0.120000","7","0","0","0","[0,0,0,0,0,0,0,0]","","0.100000","0.900000","0","0","0","[0,0,0,0,0,0,0,0]","1","MAGAZINE","0","0","0","[0,0,0,0,0,0,0,0]","0","0","0","[0,0,0,0,0,0,0,0]","4.500000","True","0","500","0","","","","","","","","","","","","","21.999996","0.670000","0","0.600000","6","WEAPON","0.500000","-173013543","7983","19091","[144,221,14,139,174,210,252,126]","1","1423095803","5973","16695","[135,213,49,223,248,185,213,25]","0.500000","-1656875244","62096","17218","[153,214,110,21,210,130,100,230]","50","","","","","","","","","","","","","","","","","","","","","","","","","","","","","","","","","","30","1047889855","53361","20263","[191,245,83,122,75,15,135,212]","3","False","","","4","assets/ui/hud/HUD_tur_mg_02.png","","","","","0","0","0","[0,0,0,0,0,0,0,0]","0","0","0","[0,0,0,0,0,0,0,0]","True","-45","","100","False","","1","1377918081","37263","18696","[158,218,66,68,206,176,115,164]","","0","False","False","","1","74","0","0","0","0","0","0","[0,0,0,0,0,0,0,0]","0","0","0","[0,0,0,0,0,0,0,0]","assets/pickups/weapons/temp_tur.json","False","1","assets/ui/hud/HUD_tur_mg_02.png","[""MULTIPLY"",""SCREEN""]","False","assets/data/fx/wfx_8mm_bonesaw.json","False","False","True","False","True","False","True","False","","","True","False","True","False","False","False","False","False","True","False","False","False","False","False","False","False","False","False","False","False","False","False"
"gun_20mm_kopinski.name","gun_20mm_kopinski.json","gun_20mm_kopinski.description","ARTILLERY_WEAPON","AMMOTYPE_BULLET","","","","","","","","","","","","","","","","","","","","","60","1.600000","6","1","0","0.250000","assets/data/pickups/ammo/pkp_ammo_20mm_aphe-t.json","4","12","False","0","assets/data/pickups/weapons/bullets/b_20mm_aphe-t.json","173657436","42737","18311","[173,125,203,83,211,158,126,116]","0","","","","","","","","","","","","","","","","","","","","","","","","","","","","","","-1656875244","62096","17218","[153,214,110,21,210,130,100,230]","SEMI-AUTO","0.300000","0","","","","","","90","0.250000","0","1","0.120000","12","780966319","57636","16495","[142,172,178,163,60,140,46,189]","","2","4","173657436","42737","18311","[173,125,203,83,211,158,126,116]","1","MAGAZINE","-495603255","31808","17809","[163,84,122,59,242,126,16,104]","-1057198600","18069","18198","[144,179,241,59,1,71,237,232]","5.500000","True","0","0","1","","","","","","","","","","","","","12","0.300000","0","0.700000","15","WEAPON","1","-495603255","31808","17809","[163,84,122,59,242,126,16,104]","1","1423095803","5973","16695","[135,213,49,223,248,185,213,25]","0.500000","-1656875244","62096","17218","[153,214,110,21,210,130,100,230]","50","","","","","","","","","","","","","","","","","","","","","","","","","","","","","","","","","","14","-1366626827","2394","17096","[132,251,171,105,184,20,148,248]","3","True","","","5","assets/ui/inventory/render/inv_gun_kopinski.png","","","","","0","0","0","[0,0,0,0,0,0,0,0]","0","0","0","[0,0,0,0,0,0,0,0]","True","-49.999992","","100","False","","1","1377918081","37263","18696","[158,218,66,68,206,176,115,164]","","0","False","False","","1","26","0","0","0.200000","-1192864441","343","17832","[156,255,174,84,234,10,248,33]","0","0","0","[0,0,0,0,0,0,0,0]","assets/pickups/weapons/gun_kopinski.json","False","0.500000","assets/ui/inventory/render/inv_gun_kopinski.png","[""MULTIPLY"",""SCREEN""]","False","assets/data/fx/wfx_20mm_kopinski.json","True","False","True","False","True","False","True","False","","","True","False","True","False","False","False","False","False","True","False","True","False","True","False","True","False","True","False","True","False","False","False"
"gun_22lr_amerigo177.name","gun_22lr_amerigo177.json","gun_22lr_amerigo177.description","ARTILLERY_WEAPON","AMMOTYPE_BULLET","","","","","","","","","","","","","","","","","","","","","40","0.050000","177","1","0","0.500000","assets/data/pickups/ammo/pkp_ammo_22lr_fmj.json","4","177","True","0.125000","assets/data/pickups/weapons/bullets/b_22lr_fmj.json","1052014697","36301","17366","[140,176,76,221,31,87,54,79]","0","","","","","","","","","","","","","","","","","","","","","","","","","","","","","","-1656875244","62096","17218","[153,214,110,21,210,130,100,230]","BURST/AUTO","0.010000","0","","","","","","45","0.500000","0","0.200000","0.120000","0","-1057198600","18069","18198","[144,179,241,59,1,71,237,232]","","0.250000","3","173657436","42737","18311","[173,125,203,83,211,158,126,116]","2","MAGAZINE","-955080987","242","17727","[165,117,131,79,103,53,17,241]","0","0","0","[0,0,0,0,0,0,0,0]","4","True","0","0","0","","","","","","","","","","","","","6","2","0","0","0","WEAPON","0.651000","0","0","0","[0,0,0,0,0,0,0,0]","1","1423095803","5973","16695","[135,213,49,223,248,185,213,25]","0.500000","-1656875244","62096","17218","[153,214,110,21,210,130,100,230]","-1","","","","","","","","","","","","","","","","","","","","","","","","","","","","","","","","","","10","0","0","0","[0,0,0,0,0,0,0,0]","3","False","","","-2","assets/ui/inventory/render/inv_gun_amerigo177.png","","","","","-241440157","10847","17865","[178,204,162,109,209,87,77,51]","0","0","0","[0,0,0,0,0,0,0,0]","True","-49.999992","","-1","False","","1","1377918081","37263","18696","[158,218,66,68,206,176,115,164]","","0","False","False","","1","7","0","0","0","0","0","0","[0,0,0,0,0,0,0,0]","0","0","0","[0,0,0,0,0,0,0,0]","assets/pickups/weapons/gun_amerigo.json","False","0.330000","assets/ui/inventory/render/inv_gun_amerigo177.png","[""MULTIPLY"",""SCREEN""]","True","assets/data/fx/wfx_22lr_amerigo177.json","True","False","False","False","True","False","True","False","","","True","False","False","False","True","False","False","False","True","False","True","False","True","False","True","False","False","False","False","False","False","False"
"gun_22lr_chobfob.name","gun_22lr_chobfob.json","gun_22lr_chobfob.description","ARTILLERY_WEAPON","AMMOTYPE_BULLET","","","","","","","","","","","","","","","","","","","","","40","0.400000","15","1","0","0.500000","assets/data/pickups/ammo/pkp_ammo_22lr_fmj.json","4","15","False","0.100000","assets/data/pickups/weapons/bullets/b_22lr_fmj.json","173657436","42737","18311","[173,125,203,83,211,158,126,116]","0.150000","","","","","","","","","","","","","","","","","","","","","","","","","","","","","","-1656875244","62096","17218","[153,214,110,21,210,130,100,230]","SEMI-AUTO","0","0","","","","","","45","0.250000","0","0.150000","0.120000","0","-955080987","242","17727","[165,117,131,79,103,53,17,241]","","0.250000","1.500000","173657436","42737","18311","[173,125,203,83,211,158,126,116]","0.800000","MAGAZINE","1052014697","36301","17366","[140,176,76,221,31,87,54,79]","0","0","0","[0,0,0,0,0,0,0,0]","2","True","0","0","0.350000","","","","","","","","","","","","","6","0.850000","0","0","2","WEAPON","0.651000","0","0","0","[0,0,0,0,0,0,0,0]","1","1423095803","5973","16695","[135,213,49,223,248,185,213,25]","0.500000","-1656875244","62096","17218","[153,214,110,21,210,130,100,230]","13.500000","","","","","","","","","","","","","","","","","","","","","","","","","","","","","","","","","","3.500000","260808966","33167","19408","[164,87,156,141,47,99,249,203]","1","True","","","-2","assets/ui/inventory/render/inv_gun_chobfob.png","","","","","0","0","0","[0,0,0,0,0,0,0,0]","0","0","0","[0,0,0,0,0,0,0,0]","True","-49.999958","","-1","False","","1","1377918081","37263","18696","[158,218,66,68,206,176,115,164]","","0","True","False","","1","8","0","0","0","0","0","0","[0,0,0,0,0,0,0,0]","0","0","0","[0,0,0,0,0,0,0,0]","assets/pickups/weapons/gun_chobfob.json","False","0.330000","assets/ui/inventory/render/inv_gun_chobfob.png","[""MULTIPLY"",""SCREEN""]","False","assets/data/fx/wfx_22lr_chobfob.json","True","False","False","False","True","False","True","False","","","True","False","True","False","False","False","False","False","True","False","True","False","True","False","True","False","False","False","False","False","False","False"
"gun_22lr_earworm.name","gun_22lr_earworm.json","gun_22lr_earworm.description","ARTILLERY_WEAPON","AMMOTYPE_BULLET","","","","","","","","","","","","","","","","","","","","","40","0.550000","15","1","0","3.500000","assets/data/pickups/ammo/pkp_ammo_22lr_fmj.json","4","15","False","0.250000","assets/data/pickups/weapons/bullets/b_22lr_fmj.json","1052014697","36301","17366","[140,176,76,221,31,87,54,79]","0.100000","","","","","","","","","","","","","","","","","","","","","","","","","","","","","","-1656875244","62096","17218","[153,214,110,21,210,130,100,230]","SEMI-AUTO","0.020000","0","","","","","","45","3.500000","0","0.225000","0.120000","0","-955080987","242","17727","[165,117,131,79,103,53,17,241]","","0.500000","1","173657436","42737","18311","[173,125,203,83,211,158,126,116]","0.500000","MAGAZINE","-955080987","242","17727","[165,117,131,79,103,53,17,241]","0","0","0","[0,0,0,0,0,0,0,0]","2.250000","True","0","0","0.750000","","","","","","","","","","","","","8.000000","2.500000","0","0","0","WEAPON","0.651000","0","0","0","[0,0,0,0,0,0,0,0]","1","1423095803","5973","16695","[135,213,49,223,248,185,213,25]","0.225000","-1656875244","62096","17218","[153,214,110,21,210,130,100,230]","7","","","","","","","","","","","","","","","","","","","","","","","","","","","","","","","","","","3.500000","2026680125","36803","17250","[133,159,230,34,120,126,189,152]","3","True","","","0","assets/ui/inventory/render/inv_gun_earworm.png","","","","","0","0","0","[0,0,0,0,0,0,0,0]","0","0","0","[0,0,0,0,0,0,0,0]","True","-49.999958","","-1","False","","1","1377918081","37263","18696","[158,218,66,68,206,176,115,164]","","0","True","False","","1","5","0","0","0","0","0","0","[0,0,0,0,0,0,0,0]","0","0","0","[0,0,0,0,0,0,0,0]","assets/pickups/weapons/gun_earworm.json","False","0.330000","assets/ui/inventory/render/inv_gun_earworm.png","[""MULTIPLY"",""SCREEN""]","False","assets/data/fx/wfx_22lr_earworm.json","True","False","False","False","True","False","True","False","","","True","False","True","False","False","False","False","False","True","False","True","False","True","False","True","False","False","False","False","False","False","False"
"gun_25mm_bluetongue.name","gun_25mm_bluetongue.json","gun_25mm_bluetongue.description","ARTILLERY_WEAPON","AMMOTYPE_CANNON","","","","","","","","","","","","","","","","","","","","","40","0.320000","2","1","0","0.250000","assets/data/pickups/ammo/pkp_ammo_25mm_hei-t.json","8","2","True","0","assets/data/pickups/weapons/bullets/b_25mm_hei-t.json","0","0","0","[0,0,0,0,0,0,0,0]","0","","","","","","","","","","","","","","","","","","","","","","","","","","","","","","-1656875244","62096","17218","[153,214,110,21,210,130,100,230]","BURST/AUTO","0","0","","","","","","60","0","0","0.200000","0.120000","0","0","0","0","[0,0,0,0,0,0,0,0]","","0.100000","1.900000","0","0","0","[0,0,0,0,0,0,0,0]","1.600000","MAGAZINE","-776838919","37914","17725","[131,174,226,196,52,162,61,61]","0","0","0","[0,0,0,0,0,0,0,0]","2","True","0","0","0","","","","","","","","","","","","","0.250000","1","0","0","4","WEAPON","0.650000","0","0","0","[0,0,0,0,0,0,0,0]","0.500000","1423095803","5973","16695","[135,213,49,223,248,185,213,25]","0.500000","-1656875244","62096","17218","[153,214,110,21,210,130,100,230]","-1","","","","","","","","","","","","","","","","","","","","","","","","","","","","","","","","","","30","-1366626827","2394","17096","[132,251,171,105,184,20,148,248]","1","False","","","0","assets/ui/inventory/render/inv_gun_bluetongue.png","","","","","0","0","0","[0,0,0,0,0,0,0,0]","0","0","0","[0,0,0,0,0,0,0,0]","True","0","","-1","False","","1","1377918081","37263","18696","[158,218,66,68,206,176,115,164]","","0","False","False","","1","111","0","0","0","0","0","0","[0,0,0,0,0,0,0,0]","0","0","0","[0,0,0,0,0,0,0,0]","assets/pickups/weapons/gun_bluetongue.json","False","0","assets/ui/inventory/render/inv_gun_bluetongue.png","[""MULTIPLY"",""SCREEN""]","False","assets/data/fx/wfx_25mm_bushmaster_01.json","False","False","False","False","True","False","True","False","","","True","False","True","False","False","False","False","False","True","False","False","False","False","False","True","False","False","False","False","False","False","False"
"gun_25mm_bushmaster_bh.name","gun_25mm_bushmaster_bh.json","gun_25mm_bushmaster_bh.description","ARTILLERY_WEAPON","AMMOTYPE_CANNON","","","","","","","","","","","","","","","","","","","","","40","0.320000","1","1","0","0.250000","assets/data/pickups/ammo/pkp_ammo_25mm_hei-t.json","8","1","True","0","assets/data/pickups/weapons/bullets/b_25mm_hei-t_bh.json","0","0","0","[0,0,0,0,0,0,0,0]","0","","","","","","","","","","","","","","","","","","","","","","","","","","","","","","-1656875244","62096","17218","[153,214,110,21,210,130,100,230]","BURST/AUTO","0","0","","","","","","60","0","0","0.200000","0.120000","0","0","0","0","[0,0,0,0,0,0,0,0]","","0.100000","1.900000","0","0","0","[0,0,0,0,0,0,0,0]","1.600000","MAGAZINE","-776838919","37914","17725","[131,174,226,196,52,162,61,61]","0","0","0","[0,0,0,0,0,0,0,0]","2","True","0","0","0","","","","","","","","","","","","","0.250000","1","0","0","4","WEAPON","0.650000","0","0","0","[0,0,0,0,0,0,0,0]","0.500000","1423095803","5973","16695","[135,213,49,223,248,185,213,25]","0.500000","-1656875244","62096","17218","[153,214,110,21,210,130,100,230]","-1","","","","","","","","","","","","","","","","","","","","","","","","","","","","","","","","","","30","1047889855","53361","20263","[191,245,83,122,75,15,135,212]","1","False","","","0","assets/ui/hud/HUD_tur_can_01.png","","","","","0","0","0","[0,0,0,0,0,0,0,0]","0","0","0","[0,0,0,0,0,0,0,0]","True","0","","-1","False","","1","1377918081","37263","18696","[158,218,66,68,206,176,115,164]","","0","False","False","","1","60","0","0","0","0","0","0","[0,0,0,0,0,0,0,0]","0","0","0","[0,0,0,0,0,0,0,0]","assets/pickups/weapons/temp_aux.json","False","0","assets/ui/hud/HUD_tur_can_01.png","[""MULTIPLY"",""SCREEN""]","False","assets/data/fx/wfx_25mm_bushmaster_01.json","False","False","False","False","True","False","True","False","","","True","False","True","False","False","False","False","False","True","False","False","False","False","False","True","False","False","False","False","False","False","False"
"gun_25mm_zeus.name","gun_25mm_zeus.json","gun_25mm_zeus.description","LASER_WEAPON","AMMOTYPE_LASER","","","","","","","","","","","","","","","","","","","","","100","0.250000","1","1","0","0","assets/data/pickups/ammo/pkp_ammo_25mm_rail.json","1","50","True","0","","0","0","0","[0,0,0,0,0,0,0,0]","0","1","1","0","0","0","100","0","0","0","0","0","0","1","0","0","0","0","0","0","0","0","0","0","0","0","0","0","5","1","0","0","0","[0,0,0,0,0,0,0,0]","BURST/AUTO","0","0","0","300","1","1","3","5.000000","0","0","0.900000","0.120000","50000","0","0","0","[0,0,0,0,0,0,0,0]","","0.100000","0.350000","0","0","0","[0,0,0,0,0,0,0,0]","1","MAGAZINE","0","0","0","[0,0,0,0,0,0,0,0]","0","0","0","[0,0,0,0,0,0,0,0]","4","False","0","50","0","1","0","0.650000","0","4","1.500000","[""assets/fx/beams/laser_multiply_02.png"",""assets/fx/beams/laser_screen_02.png""]","18","0.150000","0","0.900000","0","5.000000","0.150000","0","1","0","WEAPON","0.800000","-776838919","37914","17725","[131,174,226,196,52,162,61,61]","","1423095803","5973","16695","[135,213,49,223,248,185,213,25]","0.500000","-1656875244","62096","17218","[153,214,110,21,210,130,100,230]","-1","False","0","0","[0.250000,0.893333,0.450000,1,10]","0.100000","0","0","0","0","0","4","0","4","1000","0","0","0","0","0","0","0","0","0","0","0","0","0","0","assets/data/fx/squibs/pyro_radius_laser_main_02.json","-23388156","56609","16712","[168,19,140,161,244,142,79,29]","0","-31334617","41463","19581","[141,131,119,65,239,204,250,106]","3","False","1","2500","0","assets/ui/hud/HUD_main_laser_02.png","0","0","0","0","0","0","0","[0,0,0,0,0,0,0,0]","0","0","0","[0,0,0,0,0,0,0,0]","","0","","-1","False","250","1","1377918081","37263","18696","[158,218,66,68,206,176,115,164]","5","0","False","False","","1","303","1","0","0.350000","0","0","0","[0,0,0,0,0,0,0,0]","0","0","0","[0,0,0,0,0,0,0,0]","assets/pickups/weapons/laser_heavy.json","False","0","assets/ui/hud/HUD_main_laser_02.png","[""MULTIPLY"",""SCREEN""]","False","assets/data/fx/wfx_laser_main_02.json","False","False","True","False","True","False","True","False","True","False","False","False","True","False","False","False","False","False","True","False","False","False","False","False","False","False","False","False","False","False","False","False"
"gun_27mm_stutter.name","gun_27mm_stutter.json","gun_27mm_stutter.description","ARTILLERY_WEAPON","AMMOTYPE_BULLET","","","","","","","","","","","","","","","","","","","","","60","1.450000","28","7","0.045000","1.250000","assets/data/pickups/ammo/pkp_ammo_27mm_ap.json","4","75","False","0.120000","assets/data/pickups/weapons/bullets/b_27mm_ap.json","0","0","0","[0,0,0,0,0,0,0,0]","0","","","","","","","","","","","","","","","","","","","","","","","","","","","","","","-1656875244","62096","17218","[153,214,110,21,210,130,100,230]","SEMI-AUTO","0","0","","","","","","60","0.900000","0","1","0.120000","4","0","0","0","[0,0,0,0,0,0,0,0]","","0.100000","0.900000","0","0","0","[0,0,0,0,0,0,0,0]","1","MAGAZINE","0","0","0","[0,0,0,0,0,0,0,0]","0","0","0","[0,0,0,0,0,0,0,0]","7","True","0","500","0","","","","","","","","","","","","","7.000000","0.600000","0","0","7","WEAPON","0.500000","122696736","50309","18588","[138,38,145,168,46,242,73,48]","1","1423095803","5973","16695","[135,213,49,223,248,185,213,25]","0.500000","-1656875244","62096","17218","[153,214,110,21,210,130,100,230]","20","","","","","","","","","","","","","","","","","","","","","","","","","","","","","","","","","","15","-1999290378","46434","17396","[189,149,238,129,243,60,228,92]","3","False","","","4","assets/ui/hud/HUD_aux_mg_02.png","","","","","0","0","0","[0,0,0,0,0,0,0,0]","0","0","0","[0,0,0,0,0,0,0,0]","True","-45","","170","False","","1","1377918081","37263","18696","[158,218,66,68,206,176,115,164]","","0","False","False","","1","105","0","0","0","0","0","0","[0,0,0,0,0,0,0,0]","0","0","0","[0,0,0,0,0,0,0,0]","assets/pickups/weapons/temp_aux.json","False","0.500000","assets/ui/hud/HUD_aux_mg_02.png","[""MULTIPLY"",""SCREEN""]","False","assets/data/fx/wfx_mg_aux_02.json","False","False","True","False","True","False","True","False","","","True","False","True","False","False","False","False","False","True","False","False","False","False","False","False","False","False","False","False","False","False","False"
"gun_305mm_harvester.name","gun_305mm_harvester.json","gun_305mm_harvester.description","ARTILLERY_WEAPON","AMMOTYPE_BULLET","","","","","","","","","","","","","","","","","","","","","100","8","1","1","0","0","assets/data/pickups/ammo/pkp_ammo_305mm_fae.json","1","1","False","0","assets/data/pickups/weapons/bullets/b_305mm_fae.json","0","0","0","[0,0,0,0,0,0,0,0]","0","","","","","","","","","","","","","","","","","","","","","","","","","","","","","","-1656875244","62096","17218","[153,214,110,21,210,130,100,230]","BURST/AUTO","0","0","","","","","","39.999985","0","0","1","0.120000","100","0","0","0","[0,0,0,0,0,0,0,0]","","0.100000","0.900000","0","0","0","[0,0,0,0,0,0,0,0]","1","MAGAZINE","0","0","0","[0,0,0,0,0,0,0,0]","0","0","0","[0,0,0,0,0,0,0,0]","8","True","0","1","1","","","","","","","","","","","","","13.999998","0.200000","0","1","18","WEAPON","0.500000","-776838919","37914","17725","[131,174,226,196,52,162,61,61]","1","1423095803","5973","16695","[135,213,49,223,248,185,213,25]","0.500000","-1656875244","62096","17218","[153,214,110,21,210,130,100,230]","20","","","","","","","","","","","","","","","","","","","","","","","","","","","","","","","","","","20","2068764819","16866","18507","[173,196,9,221,98,238,124,118]","3","False","","","10","assets/ui/hud/HUD_hvy_arty_01.png","","","","","0","0","0","[0,0,0,0,0,0,0,0]","0","0","0","[0,0,0,0,0,0,0,0]","False","-45","","-1","False","","1","1377918081","37263","18696","[158,218,66,68,206,176,115,164]","","0","True","False","","1","397","0","0","0","0","0","0","[0,0,0,0,0,0,0,0]","0","0","0","[0,0,0,0,0,0,0,0]","assets/pickups/weapons/temp_main.json","False","1","assets/ui/hud/HUD_hvy_arty_01.png","[""MULTIPLY"",""SCREEN""]","False","assets/data/fx/wfx_arty_heavy_01.json","False","False","True","False","True","False","True","False","","","True","False","True","False","False","False","False","False","True","False","False","False","False","False","False","False","False","False","False","False","False","False"
"gun_30mm_konig.name","gun_30mm_konig.json","gun_30mm_konig.description","ARTILLERY_WEAPON","AMMOTYPE_BULLET","","","","","","","","","","","","","","","","","","","","","80","0","200","3","0.017000","1.000000","assets/data/pickups/ammo/pkp_ammo_30mm_aphe-t.json","4","75","False","0","assets/data/pickups/weapons/bullets/b_30mm_aphe-t.json","0","0","0","[0,0,0,0,0,0,0,0]","0","","","","","","","","","","","","","","","","","","","","","","","","","","","","","","-1656875244","62096","17218","[153,214,110,21,210,130,100,230]","BURST/AUTO","0","0","","","","","","45","0.800000","0","1","0.120000","5000","0","0","0","[0,0,0,0,0,0,0,0]","","0.100000","0.900000","0","0","0","[0,0,0,0,0,0,0,0]","1","MAGAZINE","0","0","0","[0,0,0,0,0,0,0,0]","0","0","0","[0,0,0,0,0,0,0,0]","1","True","0","500","0.800000","","","","","","","","","","","","","4.699997","0.140000","0","0.016000","4","WEAPON","0.500000","0","0","0","[0,0,0,0,0,0,0,0]","1","1423095803","5973","16695","[135,213,49,223,248,185,213,25]","0.500000","-1656875244","62096","17218","[153,214,110,21,210,130,100,230]","18","","","","","","","","","","","","","","","","","","","","","","","","","","","","","","","","","","0","0","0","0","[0,0,0,0,0,0,0,0]","3","False","","","8","assets/ui/hud/HUD_hvy_mg_01.png","","","","","506192523","38202","18369","[169,108,41,163,74,69,73,246]","-1712200680","45454","18755","[131,83,222,222,218,168,50,186]","True","-45","","180","False","","1","1377918081","37263","18696","[158,218,66,68,206,176,115,164]","","0","False","False","","1","410","0","0","0","0","0","0","[0,0,0,0,0,0,0,0]","0","0","0","[0,0,0,0,0,0,0,0]","assets/pickups/weapons/temp_main.json","False","0.500000","assets/ui/hud/HUD_hvy_mg_01.png","[""MULTIPLY"",""SCREEN""]","True","assets/data/fx/wfx_mg_heavy_01.json","False","False","False","False","True","False","True","False","","","True","False","False","False","True","False","True","False","True","False","False","False","False","False","False","False","False","False","False","False","False","False"
"gun_357mag_garcon.name","gun_357mag_garcon.json","gun_357mag_garcon.description","ARTILLERY_WEAPON","AMMOTYPE_BULLET","","","","","","","","","","","","","","","","","","","","","40","1.400000","6","1","0","0","assets/data/pickups/ammo/pkp_ammo_357mag.json","4","21","False","0.500000","assets/data/pickups/weapons/bullets/b_357mag.json","-955080987","242","17727","[165,117,131,79,103,53,17,241]","0","","","","","","","","","","","","","","","","","","","","","","","","","","","","","","-1656875244","62096","17218","[153,214,110,21,210,130,100,230]","SEMI-AUTO","0.020000","0","","","","","","45","0","0","1.300000","0.120000","0.100000","-545799497","64253","20024","[150,94,229,172,117,210,30,147]","","0.250000","0.775000","0","0","0","[0,0,0,0,0,0,0,0]","0.750000","SINGLE_ROUND","0","0","0","[0,0,0,0,0,0,0,0]","0","0","0","[0,0,0,0,0,0,0,0]","1","True","0","0","1","","","","","","","","","","","","","5.000000","0.300000","0","0","8","WEAPON","0.651000","0","0","0","[0,0,0,0,0,0,0,0]","1","1423095803","5973","16695","[135,213,49,223,248,185,213,25]","0.500000","-1656875244","62096","17218","[153,214,110,21,210,130,100,230]","14","","","","","","","","","","","","","","","","","","","","","","","","","","","","","","","","","","9","-92843111","31296","18812","[144,227,125,10,139,177,233,219]","3","False","","","0","assets/ui/inventory/render/inv_gun_garcon.png","","","","","0","0","0","[0,0,0,0,0,0,0,0]","0","0","0","[0,0,0,0,0,0,0,0]","True","-49.999958","","-1","False","","1","1377918081","37263","18696","[158,218,66,68,206,176,115,164]","","0","True","False","","1","6","0","0","0.300000","-1192864441","343","17832","[156,255,174,84,234,10,248,33]","0","0","0","[0,0,0,0,0,0,0,0]","assets/pickups/weapons/gun_garcon.json","False","0.750000","assets/ui/inventory/render/inv_gun_garcon.png","[""MULTIPLY"",""SCREEN""]","False","assets/data/fx/wfx_357mag_garcon.json","True","False","False","False","True","False","True","False","","","True","False","True","False","False","False","False","False","True","False","True","False","False","False","False","False","False","False","True","False","False","False"
"gun_357mag_hilfmir.name","gun_357mag_hilfmir.json","gun_357mag_hilfmir.description","ARTILLERY_WEAPON","AMMOTYPE_BULLET","","","","","","","","","","","","","","","","","","","","","40","0.500000","4","1","0","2.500000","assets/data/pickups/ammo/pkp_ammo_357mag.json","4","12","False","0.250000","assets/data/pickups/weapons/bullets/b_357mag.json","-955080987","242","17727","[165,117,131,79,103,53,17,241]","0.350000","","","","","","","","","","","","","","","","","","","","","","","","","","","","","","-1656875244","62096","17218","[153,214,110,21,210,130,100,230]","SEMI-AUTO","0.020000","0","","","","","","49.999992","2.500000","0","0.375000","0.120000","0.100000","-545799497","64253","20024","[150,94,229,172,117,210,30,147]","","0.250000","0.775000","606135825","42618","18552","[148,218,105,37,194,250,222,190]","0.750000","SINGLE_ROUND","-955080987","242","17727","[165,117,131,79,103,53,17,241]","0","0","0","[0,0,0,0,0,0,0,0]","1.500000","True","0","0","0.250000","","","","","","","","","","","","","5.000000","1","0","0","0","WEAPON","0.651000","0","0","0","[0,0,0,0,0,0,0,0]","1","1423095803","5973","16695","[135,213,49,223,248,185,213,25]","0.500000","-1656875244","62096","17218","[153,214,110,21,210,130,100,230]","6","","","","","","","","","","","","","","","","","","","","","","","","","","","","","","","","","","6","-1443390002","30527","20411","[183,20,253,68,34,27,121,202]","3","False","","","0","assets/ui/inventory/render/inv_gun_hilfmir.png","","","","","0","0","0","[0,0,0,0,0,0,0,0]","0","0","0","[0,0,0,0,0,0,0,0]","True","-49.999958","","-1","False","","1","1377918081","37263","18696","[158,218,66,68,206,176,115,164]","","0","True","False","","1","4","0","0","0","0","0","0","[0,0,0,0,0,0,0,0]","0","0","0","[0,0,0,0,0,0,0,0]","assets/pickups/weapons/gun_hilfmir.json","False","0.100000","assets/ui/inventory/render/inv_gun_hilfmir.png","[""MULTIPLY"",""SCREEN""]","False","assets/data/fx/wfx_357mag_hilfmir.json","True","False","False","False","True","False","True","False","","","True","False","True","False","False","False","False","False","True","False","True","False","True","False","True","False","False","False","False","False","False","False"
"gun_357mag_lodi.name","gun_357mag_lodi.json","gun_357mag_lodi.description","ARTILLERY_WEAPON","AMMOTYPE_BULLET","","","","","","","","","","","","","","","","","","","","","40","0.850000","7","1","0","0.750000","assets/data/pickups/ammo/pkp_ammo_357mag.json","4","21","False","0.500000","assets/data/pickups/weapons/bullets/b_357mag.json","0","0","0","[0,0,0,0,0,0,0,0]","0.250000","","","","","","","","","","","","","","","","","","","","","","","","","","","","","","-1656875244","62096","17218","[153,214,110,21,210,130,100,230]","SEMI-AUTO","0.020000","0","","","","","","65","0.750000","0","0.650000","0.120000","0.100000","-545799497","64253","20024","[150,94,229,172,117,210,30,147]","","0.250000","0.775000","0","0","0","[0,0,0,0,0,0,0,0]","0.750000","SINGLE_ROUND","0","0","0","[0,0,0,0,0,0,0,0]","0","0","0","[0,0,0,0,0,0,0,0]","0.750000","True","0","0","0.600000","","","","","","","","","","","","","5.000000","0.400000","0","0","1","WEAPON","0.600000","1052014697","36301","17366","[140,176,76,221,31,87,54,79]","1","1423095803","5973","16695","[135,213,49,223,248,185,213,25]","0.500000","-1656875244","62096","17218","[153,214,110,21,210,130,100,230]","13","","","","","","","","","","","","","","","","","","","","","","","","","","","","","","","","","","11","-1465228544","33284","19249","[145,237,161,92,171,154,113,82]","3","False","","","0","assets/ui/inventory/render/inv_gun_lodi.png","","","","","0","0","0","[0,0,0,0,0,0,0,0]","0","0","0","[0,0,0,0,0,0,0,0]","True","-49.999958","","-1","False","","1","1377918081","37263","18696","[158,218,66,68,206,176,115,164]","","0","True","False","","1","8","0","0","0","0","0","0","[0,0,0,0,0,0,0,0]","0","0","0","[0,0,0,0,0,0,0,0]","assets/pickups/weapons/gun_lodi.json","False","0.500000","assets/ui/inventory/render/inv_gun_lodi.png","[""MULTIPLY"",""SCREEN""]","False","assets/data/fx/wfx_357mag_lodi.json","False","False","True","False","True","False","True","False","","","True","False","True","False","False","False","False","False","True","False","True","False","False","False","False","False","False","False","False","False","False","False"
"gun_357mag_tezcatl.name","gun_357mag_tezcatl.json","gun_357mag_tezcatl.description","ARTILLERY_WEAPON","AMMOTYPE_BULLET","","","","","","","","","","","","","","","","","","","","","40","0.070000","15","1","0","2.000000","assets/data/pickups/ammo/pkp_ammo_357mag.json","4","60","False","0.125000","assets/data/pickups/weapons/bullets/b_357mag.json","1052014697","36301","17366","[140,176,76,221,31,87,54,79]","0","","","","","","","","","","","","","","","","","","","","","","","","","","","","","","-1656875244","62096","17218","[153,214,110,21,210,130,100,230]","BURST/AUTO","0","0","","","","","","45","0.400000","0","0.200000","0.120000","1","60116200","32446","20256","[144,122,216,71,105,168,139,54]","","0.250000","1.750000","173657436","42737","18311","[173,125,203,83,211,158,126,116]","1.500000","MAGAZINE","-955080987","242","17727","[165,117,131,79,103,53,17,241]","0","0","0","[0,0,0,0,0,0,0,0]","5.500000","True","0","0","0.800000","","","","","","","","","","","","","12","0.600000","0","0","7","WEAPON","0.651000","0","0","0","[0,0,0,0,0,0,0,0]","1","1423095803","5973","16695","[135,213,49,223,248,185,213,25]","0.225000","-1656875244","62096","17218","[153,214,110,21,210,130,100,230]","16","","","","","","","","","","","","","","","","","","","","","","","","","","","","","","","","","","2","0","0","0","[0,0,0,0,0,0,0,0]","3","True","","","0.500000","assets/ui/inventory/render/inv_gun_m1carbine.png","","","","","-6100963","36762","18168","[181,220,27,48,45,49,235,127]","0","0","0","[0,0,0,0,0,0,0,0]","True","0","","90","False","","1","1377918081","37263","18696","[158,218,66,68,206,176,115,164]","","0","False","False","","1","12","0","0","0","0","0","0","[0,0,0,0,0,0,0,0]","0","0","0","[0,0,0,0,0,0,0,0]","assets/pickups/weapons/gun_m1c.json","True","0.330000","assets/ui/inventory/render/inv_gun_m1carbine.png","[""MULTIPLY"",""SCREEN""]","True","assets/data/fx/wfx_45acp_graxa.json","True","False","False","False","True","False","True","False","","","True","False","False","False","True","False","False","False","True","False","True","False","True","False","True","False","False","False","False","False","False","False"
"gun_37mm_confessor.name","gun_37mm_confessor.json","gun_37mm_confessor.description","ARTILLERY_WEAPON","AMMOTYPE_BULLET","","","","","","","","","","","","","","","","","","","","","50","0.850000","6","1","0","0.250000","assets/data/pickups/ammo/pkp_ammo_37mm_he_cannon.json","4","75","False","0","assets/data/pickups/weapons/bullets/b_37mm_he.json","0","0","0","[0,0,0,0,0,0,0,0]","0","","","","","","","","","","","","","","","","","","","","","","","","","","","","","","-1656875244","62096","17218","[153,214,110,21,210,130,100,230]","SEMI-AUTO","0","0","","","","","","90","0.150000","0","1","0.120000","49","0","0","0","[0,0,0,0,0,0,0,0]","","0.100000","0.900000","0","0","0","[0,0,0,0,0,0,0,0]","1","MAGAZINE","0","0","0","[0,0,0,0,0,0,0,0]","0","0","0","[0,0,0,0,0,0,0,0]","6","True","0","500","0","","","","","","","","","","","","","6","1","0","0.800000","4","WEAPON","0.500000","0","0","0","[0,0,0,0,0,0,0,0]","1","1423095803","5973","16695","[135,213,49,223,248,185,213,25]","0.500000","-1656875244","62096","17218","[153,214,110,21,210,130,100,230]","20","","","","","","","","","","","","","","","","","","","","","","","","","","","","","","","","","","33","-362820199","36238","16807","[135,42,109,55,132,147,90,204]","3","False","","","6","assets/ui/hud/HUD_tur_can_01.png","","","","","0","0","0","[0,0,0,0,0,0,0,0]","0","0","0","[0,0,0,0,0,0,0,0]","True","-45","","180","False","","1","1377918081","37263","18696","[158,218,66,68,206,176,115,164]","","0","False","False","","1","71","0","0","0","0","0","0","[0,0,0,0,0,0,0,0]","0","0","0","[0,0,0,0,0,0,0,0]","assets/pickups/weapons/cannon_tur.json","False","0.250000","assets/ui/hud/HUD_tur_can_01.png","[""MULTIPLY"",""SCREEN""]","False","assets/data/fx/wfx_37mm_confessor.json","False","False","False","False","True","False","True","False","","","True","False","True","False","False","False","False","False","True","False","False","False","False","False","False","False","False","False","False","False","False","False"
"gun_37mm_sandbagger.name","gun_37mm_sandbagger.json","gun_37mm_sandbagger.description","ARTILLERY_WEAPON","AMMOTYPE_BULLET","","","","","","","","","","","","","","","","","","","","","11","0.650000","6","1","0","0.250000","assets/data/pickups/ammo/pkp_ammo_37mm_beanbag.json","4","18","False","0","assets/data/pickups/weapons/bullets/b_37mm_beanbag.json","0","0","0","[0,0,0,0,0,0,0,0]","0.200000","","","","","","","","","","","","","","","","","","","","","","","","","","","","","","-1656875244","62096","17218","[153,214,110,21,210,130,100,230]","SEMI-AUTO","1","6","","","","","","180","0.100000","10","0.500000","0.120000","2","780966319","57636","16495","[142,172,178,163,60,140,46,189]","","0.100000","0.900000","606135825","42618","18552","[148,218,105,37,194,250,222,190]","1","SINGLE_ROUND","0","0","0","[0,0,0,0,0,0,0,0]","0","0","0","[0,0,0,0,0,0,0,0]","1.100000","True","0","30","0.700000","","","","","","","","","","","","","10.999998","0.350000","0","0.450000","2","WEAPON","0.500000","0","0","0","[0,0,0,0,0,0,0,0]","0.400000","1423095803","5973","16695","[135,213,49,223,248,185,213,25]","0.500000","-1656875244","62096","17218","[153,214,110,21,210,130,100,230]","-1","","","","","","","","","","","","","","","","","","","","","","","","","","","","","","","","","","5","-461955375","36754","20422","[159,241,202,86,144,71,63,7]","3","False","","","1","assets/ui/inventory/render/inv_gun_sandbagger.png","","","","","0","0","0","[0,0,0,0,0,0,0,0]","0","0","0","[0,0,0,0,0,0,0,0]","True","0","","-1","False","","1","1377918081","37263","18696","[158,218,66,68,206,176,115,164]","","0","True","False","","1","13","0","0","0.010000","0","0","0","[0,0,0,0,0,0,0,0]","0","0","0","[0,0,0,0,0,0,0,0]","assets/pickups/weapons/gun_sandbagger.json","False","0.400000","assets/ui/inventory/render/inv_gun_sandbagger.png","[""MULTIPLY"",""SCREEN""]","False","assets/data/fx/wfx_37mm_sandbagger.json","False","False","False","False","True","False","True","False","","","True","False","True","False","False","False","False","False","True","False","True","False","True","False","False","False","False","False","False","False","False","False"
"gun_37mm_topattackrocket.name","gun_37mm_topattackrocket.json","gun_37mm_topattackrocket.description","ARTILLERY_WEAPON","AMMOTYPE_BULLET","","","","","","","","","","","","","","","","","","","","","100","4","25","5","0.080000","0","assets/data/pickups/ammo/pkp_ammo_37mm_ap_rocket.json","4","75","False","0","assets/data/pickups/weapons/bullets/b_37mm_ap_rocket.json","0","0","0","[0,0,0,0,0,0,0,0]","0","","","","","","","","","","","","","","","","","","","","","","","","","","","","","","-1656875244","62096","17218","[153,214,110,21,210,130,100,230]","SEMI-AUTO","0.300000","0","","","","","","0","0","0","1","0.120000","4","0","0","0","[0,0,0,0,0,0,0,0]","","0.100000","0.900000","0","0","0","[0,0,0,0,0,0,0,0]","1","MAGAZINE","0","0","0","[0,0,0,0,0,0,0,0]","0","0","0","[0,0,0,0,0,0,0,0]","1","True","0","500","0","","","","","","","","","","","","","0","0","0","0","50","WEAPON","0.500000","0","0","0","[0,0,0,0,0,0,0,0]","1","1423095803","5973","16695","[135,213,49,223,248,185,213,25]","0.500000","-1656875244","62096","17218","[153,214,110,21,210,130,100,230]","50","","","","","","","","","","","","","","","","","","","","","","","","","","","","","","","","","","0","0","0","0","[0,0,0,0,0,0,0,0]","3","False","","","0","assets/ui/hud/HUD_sml_can_01.png","","","","","0","0","0","[0,0,0,0,0,0,0,0]","0","0","0","[0,0,0,0,0,0,0,0]","False","-45","","100","False","","1","1377918081","37263","18696","[158,218,66,68,206,176,115,164]","","0","False","False","","1","0","0","0","0","0","0","0","[0,0,0,0,0,0,0,0]","0","0","0","[0,0,0,0,0,0,0,0]","assets/pickups/weapons/gun_thumper.json","False","2.500000","assets/ui/hud/HUD_sml_can_01.png","[""MULTIPLY"",""SCREEN""]","False","assets/data/fx/wfx_flame_small_01.json","False","False","False","False","True","False","True","False","","","True","False","False","False","False","False","False","False","True","False","False","False","False","False","False","False","False","False","False","False","False","False"
"gun_40mm_bigslug.name","gun_40mm_bigslug.json","gun_40mm_bigslug.description","ARTILLERY_WEAPON","AMMOTYPE_BULLET","","","","","","","","","","","","","","","","","","","","","60","0.600000","30","1","0","0.650000","assets/data/pickups/ammo/pkp_ammo_40mm_he.json","4","60","False","0","assets/data/pickups/weapons/bullets/b_40mm_he.json","0","0","0","[0,0,0,0,0,0,0,0]","0","","","","","","","","","","","","","","","","","","","","","","","","","","","","","","-1656875244","62096","17218","[153,214,110,21,210,130,100,230]","BURST/AUTO","1","6","","","","","","180","0.100000","10","0.200000","0.120000","4","-1476017363","24947","18520","[147,130,218,83,141,73,110,197]","","0.100000","0.900000","1532201229","11715","16607","[153,104,235,18,241,224,240,115]","1","MAGAZINE","0","0","0","[0,0,0,0,0,0,0,0]","0","0","0","[0,0,0,0,0,0,0,0]","6","True","0","90","0.700000","","","","","","","","","","","","","12","0.600000","0","0.700000","6","WEAPON","0.500000","0","0","0","[0,0,0,0,0,0,0,0]","0.400000","1423095803","5973","16695","[135,213,49,223,248,185,213,25]","0.500000","-1656875244","62096","17218","[153,214,110,21,210,130,100,230]","-1","","","","","","","","","","","","","","","","","","","","","","","","","","","","","","","","","","9","-853312180","38452","18124","[156,104,140,106,174,241,8,218]","3","False","","","4","assets/ui/inventory/render/inv_gun_bigslug.png","","","","","0","0","0","[0,0,0,0,0,0,0,0]","0","0","0","[0,0,0,0,0,0,0,0]","True","0","","-1","False","","1","1377918081","37263","18696","[158,218,66,68,206,176,115,164]","","0","False","False","","1","59","0","0","0","0","0","0","[0,0,0,0,0,0,0,0]","0","0","0","[0,0,0,0,0,0,0,0]","assets/pickups/weapons/gun_thumper.json","False","0.400000","assets/ui/inventory/render/inv_gun_bigslug.png","[""MULTIPLY"",""SCREEN""]","False","assets/data/fx/wfx_40mm_thumper.json","False","False","False","False","True","False","True","False","","","True","False","True","False","False","False","False","False","True","False","True","False","True","False","False","False","False","False","False","False","False","False"
"gun_40mm_duchess.name","gun_40mm_duchess.json","gun_40mm_duchess.description","ARTILLERY_WEAPON","AMMOTYPE_BULLET","","","","","","","","","","","","","","","","","","","","","70","0.480000","6","1","0","0.250000","assets/data/pickups/ammo/pkp_ammo_40mm_hedp.json","4","75","False","1","assets/data/pickups/weapons/bullets/b_40mm_hedp.json","0","0","0","[0,0,0,0,0,0,0,0]","0","","","","","","","","","","","","","","","","","","","","","","","","","","","","","","-1656875244","62096","17218","[153,214,110,21,210,130,100,230]","SEMI-AUTO","0","0","","","","","","60","0.100000","0","0.350000","0.120000","10000","0","0","0","[0,0,0,0,0,0,0,0]","","0.100000","0.900000","0","0","0","[0,0,0,0,0,0,0,0]","1","MAGAZINE","0","0","0","[0,0,0,0,0,0,0,0]","0","0","0","[0,0,0,0,0,0,0,0]","3","True","0","500","0.700000","","","","","","","","","","","","","12","2.200000","0","0","8","WEAPON","0.500000","0","0","0","[0,0,0,0,0,0,0,0]","1","1423095803","5973","16695","[135,213,49,223,248,185,213,25]","0.500000","-1656875244","62096","17218","[153,214,110,21,210,130,100,230]","24","","","","","","","","","","","","","","","","","","","","","","","","","","","","","","","","","","0","2076798989","20763","18003","[149,59,66,29,53,76,134,230]","3","False","","","6","assets/ui/hud/HUD_main_mg_01.png","","","","","0","0","0","[0,0,0,0,0,0,0,0]","0","0","0","[0,0,0,0,0,0,0,0]","True","-45","","180","False","","1","1377918081","37263","18696","[158,218,66,68,206,176,115,164]","","0","False","False","","1","271","0","0","0","0","0","0","[0,0,0,0,0,0,0,0]","0","0","0","[0,0,0,0,0,0,0,0]","assets/pickups/weapons/temp_main.json","False","0.500000","assets/ui/hud/HUD_main_mg_01.png","[""MULTIPLY"",""SCREEN""]","False","assets/data/fx/wfx_mg_main_01.json","False","False","False","False","True","False","True","False","","","True","False","True","False","False","False","False","False","True","False","False","False","False","False","False","False","False","False","False","False","False","False"
"gun_40mm_milkman.name","gun_40mm_milkman.json","gun_40mm_milkman.description","ARTILLERY_WEAPON","AMMOTYPE_BULLET","","","","","","","","","","","","","","","","","","","","","40","1.250000","6","1","0","0.650000","assets/data/pickups/ammo/pkp_ammo_40mm_he.json","4","18","False","0","assets/data/pickups/weapons/bullets/b_40mm_he.json","-955080987","242","17727","[165,117,131,79,103,53,17,241]","0.250000","","","","","","","","","","","","","","","","","","","","","","","","","","","","","","-1656875244","62096","17218","[153,214,110,21,210,130,100,230]","SEMI-AUTO","1","6","","","","","","180","0.100000","10","0.900000","0.120000","2","780966319","57636","16495","[142,172,178,163,60,140,46,189]","","0.100000","0.900000","0","0","0","[0,0,0,0,0,0,0,0]","1","SINGLE_ROUND","0","0","0","[0,0,0,0,0,0,0,0]","0","0","0","[0,0,0,0,0,0,0,0]","1.500000","True","0","30","0.700000","","","","","","","","","","","","","12","0.350000","0","0.550000","2","WEAPON","0.500000","0","0","0","[0,0,0,0,0,0,0,0]","0.400000","1423095803","5973","16695","[135,213,49,223,248,185,213,25]","0.500000","-1656875244","62096","17218","[153,214,110,21,210,130,100,230]","-1","","","","","","","","","","","","","","","","","","","","","","","","","","","","","","","","","","5","932989396","44191","17441","[152,105,109,99,177,9,8,124]","3","False","","","2","assets/ui/inventory/render/inv_gun_milkman.png","","","","","0","0","0","[0,0,0,0,0,0,0,0]","0","0","0","[0,0,0,0,0,0,0,0]","True","0","","-1","False","","1","1377918081","37263","18696","[158,218,66,68,206,176,115,164]","","0","True","False","","1","13","0","0","0","0","0","0","[0,0,0,0,0,0,0,0]","0","0","0","[0,0,0,0,0,0,0,0]","assets/pickups/weapons/gun_milkman.json","False","0.400000","assets/ui/inventory/render/inv_gun_milkman.png","[""MULTIPLY"",""SCREEN""]","False","assets/data/fx/wfx_40mm_thumper.json","True","False","False","False","True","False","True","False","","","True","False","True","False","False","False","False","False","True","False","True","False","False","False","False","False","False","False","False","False","False","False"
"gun_40mm_thumper.name","gun_40mm_thumper.json","gun_40mm_thumper.description","ARTILLERY_WEAPON","AMMOTYPE_BULLET","","","","","","","","","","","","","","","","","","","","","40","1","1","1","0","0.650000","assets/data/pickups/ammo/pkp_ammo_40mm_he.json","4","1","False","0","assets/data/pickups/weapons/bullets/b_40mm_he.json","0","0","0","[0,0,0,0,0,0,0,0]","0","","","","","","","","","","","","","","","","","","","","","","","","","","","","","","-1656875244","62096","17218","[153,214,110,21,210,130,100,230]","SEMI-AUTO","1","10","","","","","","60","0.100000","10","0.200000","0.120000","2","780966319","57636","16495","[142,172,178,163,60,140,46,189]","","1","2","173657436","42737","18311","[173,125,203,83,211,158,126,116]","0","MAGAZINE","-955080987","242","17727","[165,117,131,79,103,53,17,241]","0","0","0","[0,0,0,0,0,0,0,0]","4","True","0","1","0.550000","","","","","","","","","","","","","12","0.250000","0","0.700000","2","WEAPON","0.651000","0","0","0","[0,0,0,0,0,0,0,0]","0.400000","1423095803","5973","16695","[135,213,49,223,248,185,213,25]","0.500000","-1656875244","62096","17218","[153,214,110,21,210,130,100,230]","12","","","","","","","","","","","","","","","","","","","","","","","","","","","","","","","","","","5","-927225353","16795","18057","[151,94,197,1,17,81,251,140]","1","False","","","0","assets/ui/inventory/render/inv_gun_thumper.png","","","","","0","0","0","[0,0,0,0,0,0,0,0]","0","0","0","[0,0,0,0,0,0,0,0]","True","0","","-1","False","","1","1377918081","37263","18696","[158,218,66,68,206,176,115,164]","","0","True","False","","1","3","0","0","0","0","0","0","[0,0,0,0,0,0,0,0]","0","0","0","[0,0,0,0,0,0,0,0]","assets/pickups/weapons/gun_thumper.json","False","0.330000","assets/ui/inventory/render/inv_gun_thumper.png","[""MULTIPLY"",""SCREEN""]","False","assets/data/fx/wfx_40mm_thumper.json","False","False","False","False","True","False","True","False","","","True","False","True","False","False","False","False","False","True","False","True","False","True","False","True","False","False","False","False","False","False","False"
"gun_44mm_nematode.name","gun_44mm_nematode.json","gun_44mm_nematode.description","ARTILLERY_WEAPON","AMMOTYPE_BULLET","","","","","","","","","","","","","","","","","","","","","100","0.400000","4","1","0","3","assets/data/pickups/ammo/pkp_ammo_44mm_beehive.json","4","8","False","0","assets/data/pickups/weapons/bullets/b_44mm_beehive.json","0","0","0","[0,0,0,0,0,0,0,0]","0","","","","","","","","","","","","","","","","","","","","","","","","","","","","","","-1656875244","62096","17218","[153,214,110,21,210,130,100,230]","SEMI-AUTO","0","0","","","","","","90","1.000000","0","0.250000","0.120000","40","0","0","0","[0,0,0,0,0,0,0,0]","","0.100000","0.900000","0","0","0","[0,0,0,0,0,0,0,0]","1","MAGAZINE","0","0","0","[0,0,0,0,0,0,0,0]","0","0","0","[0,0,0,0,0,0,0,0]","3.300000","True","0","16","0.200000","","","","","","","","","","","","","13.999998","0.700000","0","0.300000","1","WEAPON","0.500000","0","0","0","[0,0,0,0,0,0,0,0]","1","1423095803","5973","16695","[135,213,49,223,248,185,213,25]","0.500000","-1656875244","62096","17218","[153,214,110,21,210,130,100,230]","9","","","","","","","","","","","","","","","","","","","","","","","","","","","","","","","","","","14","657933775","7367","18521","[182,155,214,119,143,95,193,10]","3","False","","","4","assets/ui/hud/HUD_sml_can_01.png","","","","","0","0","0","[0,0,0,0,0,0,0,0]","0","0","0","[0,0,0,0,0,0,0,0]","True","-49.999992","","140","False","","1","1377918081","37263","18696","[158,218,66,68,206,176,115,164]","","0","False","False","","1","64","0","0","0","0","0","0","[0,0,0,0,0,0,0,0]","0","0","0","[0,0,0,0,0,0,0,0]","assets/pickups/weapons/gun_thumper.json","False","0.250000","assets/ui/hud/HUD_sml_can_01.png","[""MULTIPLY"",""SCREEN""]","False","assets/data/fx/wfx_12ga_tet.json","False","False","False","False","True","False","True","False","","","True","False","True","False","False","False","False","False","True","False","False","False","False","False","False","False","False","False","False","False","False","False"
"gun_45acp_drobac.name","gun_45acp_drobac.json","gun_45acp_drobac.description","ARTILLERY_WEAPON","AMMOTYPE_BULLET","","","","","","","","","","","","","","","","","","","","","40","0.275000","7","1","0","1.500000","assets/data/pickups/ammo/pkp_ammo_45acp_fmj.json","4","21","False","0.300000","assets/data/pickups/weapons/bullets/b_45acp_fmj.json","1052014697","36301","17366","[140,176,76,221,31,87,54,79]","0.500000","","","","","","","","","","","","","","","","","","","","","","","","","","","","","","-1656875244","62096","17218","[153,214,110,21,210,130,100,230]","SEMI-AUTO","0.020000","0","","","","","","45","1.500000","0","0.135000","0.120000","0.100000","-955080987","242","17727","[165,117,131,79,103,53,17,241]","","0.250000","0.775000","173657436","42737","18311","[173,125,203,83,211,158,126,116]","0.750000","MAGAZINE","-955080987","242","17727","[165,117,131,79,103,53,17,241]","0","0","0","[0,0,0,0,0,0,0,0]","1.500000","True","0","0","0.250000","","","","","","","","","","","","","5.000000","1","0","0","2","WEAPON","0.651000","0","0","0","[0,0,0,0,0,0,0,0]","1","1423095803","5973","16695","[135,213,49,223,248,185,213,25]","0.500000","-1656875244","62096","17218","[153,214,110,21,210,130,100,230]","12","","","","","","","","","","","","","","","","","","","","","","","","","","","","","","","","","","9","-1547542653","4276","16657","[181,91,112,50,22,8,113,29]","3","True","","","0","assets/ui/inventory/render/inv_gun_drobac.png","","","","","0","0","0","[0,0,0,0,0,0,0,0]","0","0","0","[0,0,0,0,0,0,0,0]","True","-49.999992","","-1","False","","1","1377918081","37263","18696","[158,218,66,68,206,176,115,164]","","0","True","False","","1","5","0","0","0","0","0","0","[0,0,0,0,0,0,0,0]","0","0","0","[0,0,0,0,0,0,0,0]","assets/pickups/weapons/gun_drobac.json","False","0.330000","assets/ui/inventory/render/inv_gun_drobac.png","[""MULTIPLY"",""SCREEN""]","False","assets/data/fx/wfx_45acp_drobac.json","True","False","False","False","True","False","True","False","","","True","False","True","False","False","False","False","False","True","False","True","False","True","False","True","False","False","False","False","False","False","False"
"gun_45acp_duiker.name","gun_45acp_duiker.json","gun_45acp_duiker.description","ARTILLERY_WEAPON","AMMOTYPE_BULLET","","","","","","","","","","","","","","","","","","","","","40","1.100000","11","1","0","0.500000","assets/data/pickups/ammo/pkp_ammo_45acp_fmj.json","4","100","False","0.150000","assets/data/pickups/weapons/bullets/b_45acp_fragmenting.json","1052014697","36301","17366","[140,176,76,221,31,87,54,79]","0","","","","","","","","","","","","","","","","","","","","","","","","","","","","","","-1656875244","62096","17218","[153,214,110,21,210,130,100,230]","SEMI-AUTO","0","0","","","","","","45","0","0","0.660000","0.120000","0","-955080987","242","17727","[165,117,131,79,103,53,17,241]","","0.250000","1.750000","173657436","42737","18311","[173,125,203,83,211,158,126,116]","1.500000","MAGAZINE","-955080987","242","17727","[165,117,131,79,103,53,17,241]","0","0","0","[0,0,0,0,0,0,0,0]","3","True","0","132","0.600000","","","","","","","","","","","","","6","0.650000","0","0","6","WEAPON","0.750000","1052014697","36301","17366","[140,176,76,221,31,87,54,79]","1","1423095803","5973","16695","[135,213,49,223,248,185,213,25]","0.500000","-1656875244","62096","17218","[153,214,110,21,210,130,100,230]","16","","","","","","","","","","","","","","","","","","","","","","","","","","","","","","","","","","1","182800822","56012","17491","[136,149,224,51,98,253,226,22]","3","True","","","-1","assets/ui/inventory/render/inv_gun_duiker.png","","","","","0","0","0","[0,0,0,0,0,0,0,0]","0","0","0","[0,0,0,0,0,0,0,0]","True","-49.999992","","-1","False","","1","1377918081","37263","18696","[158,218,66,68,206,176,115,164]","","0","False","False","","1","9","0","0","0","0","0","0","[0,0,0,0,0,0,0,0]","0","0","0","[0,0,0,0,0,0,0,0]","assets/pickups/weapons/gun_duiker.json","True","0.330000","assets/ui/inventory/render/inv_gun_duiker.png","[""MULTIPLY"",""SCREEN""]","False","assets/data/fx/wfx_45acp_duiker.json","True","False","True","False","True","False","True","False","","","True","False","True","False","False","False","False","False","True","False","True","False","True","False","True","False","False","False","False","False","False","False"
"gun_45acp_graxa.name","gun_45acp_graxa.json","gun_45acp_graxa.description","ARTILLERY_WEAPON","AMMOTYPE_BULLET","","","","","","","","","","","","","","","","","","","","","40","0.110000","30","1","0","1.200000","assets/data/pickups/ammo/pkp_ammo_45acp_fmj.json","4","60","False","0.275000","assets/data/pickups/weapons/bullets/b_45acp_fmj.json","1052014697","36301","17366","[140,176,76,221,31,87,54,79]","0","","","","","","","","","","","","","","","","","","","","","","","","","","","","","","-1656875244","62096","17218","[153,214,110,21,210,130,100,230]","BURST/AUTO","0.010000","0","","","","","","45","0.660000","0","0.200000","0.120000","0","60116200","32446","20256","[144,122,216,71,105,168,139,54]","","0.250000","1.750000","173657436","42737","18311","[173,125,203,83,211,158,126,116]","1.500000","MAGAZINE","-955080987","242","17727","[165,117,131,79,103,53,17,241]","0","0","0","[0,0,0,0,0,0,0,0]","3","True","0","0","0","","","","","","","","","","","","","8.000000","2.200000","0","0","0","WEAPON","0.651000","0","0","0","[0,0,0,0,0,0,0,0]","1","1423095803","5973","16695","[135,213,49,223,248,185,213,25]","0.225000","-1656875244","62096","17218","[153,214,110,21,210,130,100,230]","9","","","","","","","","","","","","","","","","","","","","","","","","","","","","","","","","","","2","0","0","0","[0,0,0,0,0,0,0,0]","3","False","","","0","assets/ui/inventory/render/inv_gun_senorgraxa.png","","","","","-6100963","36762","18168","[181,220,27,48,45,49,235,127]","0","0","0","[0,0,0,0,0,0,0,0]","True","0","","-1","False","","1","1377918081","37263","18696","[158,218,66,68,206,176,115,164]","","0","False","False","","1","9","0","0","0","0","0","0","[0,0,0,0,0,0,0,0]","0","0","0","[0,0,0,0,0,0,0,0]","assets/pickups/weapons/gun_graxa.json","True","0.330000","assets/ui/inventory/render/inv_gun_senorgraxa.png","[""MULTIPLY"",""SCREEN""]","True","assets/data/fx/wfx_45acp_graxa.json","True","False","False","False","True","False","True","False","","","True","False","False","False","True","False","False","False","True","False","True","False","True","False","True","False","False","False","False","False","False","False"
"gun_45acp_libertador.name","gun_45acp_libertador.json","gun_45acp_libertador.description","ARTILLERY_WEAPON","AMMOTYPE_BULLET","","","","","","","","","","","","","","","","","","","","","100","1","1","1","0","3","assets/data/pickups/ammo/pkp_ammo_45acp_fmj.json","4","1","False","0","assets/data/pickups/weapons/bullets/b_45acp_fmj.json","-955080987","242","17727","[165,117,131,79,103,53,17,241]","0","","","","","","","","","","","","","","","","","","","","","","","","","","","","","","0","0","0","[0,0,0,0,0,0,0,0]","SEMI-AUTO","0","0","","","","","","30","1.250000","0","1","0.120000","0","-545799497","64253","20024","[150,94,229,172,117,210,30,147]","","0.100000","3","173657436","42737","18311","[173,125,203,83,211,158,126,116]","1","MAGAZINE","0","0","0","[0,0,0,0,0,0,0,0]","0","0","0","[0,0,0,0,0,0,0,0]","6.600000","True","0","1","0.200000","","","","","","","","","","","","","8.000000","1","0","0.600000","0","WEAPON","0.500000","0","0","0","[0,0,0,0,0,0,0,0]","1","1423095803","5973","16695","[135,213,49,223,248,185,213,25]","0.500000","-1656875244","62096","17218","[153,214,110,21,210,130,100,230]","2","","","","","","","","","","","","","","","","","","","","","","","","","","","","","","","","","","4","-1206710454","7644","17948","[136,20,144,156,64,240,178,36]","3","False","","","-2","assets/ui/inventory/render/inv_gun_libertador.png","","","","","0","0","0","[0,0,0,0,0,0,0,0]","0","0","0","[0,0,0,0,0,0,0,0]","True","-49.999992","","-1","False","","1","1377918081","37263","18696","[158,218,66,68,206,176,115,164]","","999999","True","False","","1","2","0","0","0","0","0","0","[0,0,0,0,0,0,0,0]","0","0","0","[0,0,0,0,0,0,0,0]","assets/pickups/weapons/gun_libertador.json","False","0.100000","assets/ui/inventory/render/inv_gun_libertador.png","[""MULTIPLY"",""SCREEN""]","False","assets/data/fx/wfx_357mag_hilfmir.json","True","False","False","False","True","False","True","False","","","False","False","True","False","False","False","False","False","True","False","True","False","True","False","False","False","False","False","False","False","False","False"
"gun_45acp_oxhorniv.name","gun_45acp_oxhorniv.json","gun_45acp_oxhorniv.description","ARTILLERY_WEAPON","AMMOTYPE_BULLET","","","","","","","","","","","","","","","","","","","","","40","0.250000","5","1","0","1.500000","assets/data/pickups/ammo/pkp_ammo_45acp_fmj.json","4","6","False","0.400000","assets/data/pickups/weapons/bullets/b_45acp_fmj.json","173657436","42737","18311","[173,125,203,83,211,158,126,116]","0.100000","","","","","","","","","","","","","","","","","","","","","","","","","","","","","","-1656875244","62096","17218","[153,214,110,21,210,130,100,230]","SEMI-AUTO","0.020000","0","","","","","","45","1.500000","0","0.200000","0.120000","1","-181921828","37716","17988","[136,209,219,9,89,251,171,109]","","0.150000","0.300000","606135825","42618","18552","[148,218,105,37,194,250,222,190]","0.500000","SINGLE_ROUND","0","0","0","[0,0,0,0,0,0,0,0]","0","0","0","[0,0,0,0,0,0,0,0]","0.450000","True","0","0","0.200000","","","","","","","","","","","","","6","1.300000","0","0","0.500000","WEAPON","0.651000","0","0","0","[0,0,0,0,0,0,0,0]","1","1423095803","5973","16695","[135,213,49,223,248,185,213,25]","0.225000","-1656875244","62096","17218","[153,214,110,21,210,130,100,230]","10","","","","","","","","","","","","","","","","","","","","","","","","","","","","","","","","","","7","-1547542653","4276","16657","[181,91,112,50,22,8,113,29]","3","False","","","-0.500000","assets/ui/inventory/render/inv_gun_oxhorniv.png","","","","","0","0","0","[0,0,0,0,0,0,0,0]","0","0","0","[0,0,0,0,0,0,0,0]","True","-49.999958","[{""angular_velocity"":0,""rotation_width"":0,""socket"":""ejector"",""hidden_when_mounted"":false,""hidden_when_occluded"":false,""sprite"":"""",""free_floating"":false,""weapon_group"":4},{""angular_velocity"":0,""rotation_width"":0,""socket"":""muzzle_vfx"",""hidden_when_mounted"":false,""hidden_when_occluded"":false,""sprite"":"""",""free_floating"":false,""weapon_group"":4},{""angular_velocity"":0,""rotation_width"":0,""socket"":""muzzle"",""hidden_when_mounted"":false,""hidden_when_occluded"":false,""sprite"":"""",""free_floating"":false,""weapon_group"":4},{""angular_velocity"":0,""rotation_width"":0,""socket"":""offset"",""hidden_when_mounted"":false,""hidden_when_occluded"":false,""sprite"":"""",""free_floating"":false,""weapon_group"":4}]","60","False","","1","1377918081","37263","18696","[158,218,66,68,206,176,115,164]","","0","True","False","","1","3","0","0","0","0","0","0","[0,0,0,0,0,0,0,0]","0","0","0","[0,0,0,0,0,0,0,0]","assets/pickups/weapons/gun_oxhorniv.json","False","0.330000","assets/ui/inventory/render/inv_gun_oxhorniv.png","[""MULTIPLY"",""SCREEN""]","False","assets/data/fx/wfx_357mag_hilfmir.json","True","False","False","False","True","False","True","False","","","True","False","True","False","False","False","False","False","True","False","True","False","True","False","False","False","False","False","False","False","False","False"
"gun_4ga_mercy.name","gun_4ga_mercy.json","gun_4ga_mercy.description","ARTILLERY_WEAPON","AMMOTYPE_BULLET","","","","","","","","","","","","","","","","","","","","","40","0.300000","2","1","0","0.900000","assets/data/pickups/ammo/pkp_ammo_4ga_pellet.json","4","2","False","0.550000","assets/data/pickups/weapons/bullets/b_4ga_pellet.json","-955080987","242","17727","[165,117,131,79,103,53,17,241]","0","","","","","","","","","","","","","","","","","","","","","","","","","","","","","","-1656875244","62096","17218","[153,214,110,21,210,130,100,230]","SEMI-AUTO","0.300000","0","","","","","","45","0.900000","0","0.050000","0.120000","7","473155621","28116","19643","[171,169,8,117,4,101,25,116]","","0.150000","0.900000","0","0","0","[0,0,0,0,0,0,0,0]","0.650000","SINGLE_ROUND","60116200","32446","20256","[144,122,216,71,105,168,139,54]","1532201229","11715","16607","[153,104,235,18,241,224,240,115]","1.150000","True","0","0","0.200000","","","","","","","","","","","","","6.999999","1","0","0","0","WEAPON","0.320000","0","0","0","[0,0,0,0,0,0,0,0]","1","1423095803","5973","16695","[135,213,49,223,248,185,213,25]","0.500000","-1656875244","62096","17218","[153,214,110,21,210,130,100,230]","7","","","","","","","","","","","","","","","","","","","","","","","","","","","","","","","","","","8","716482821","57586","17963","[130,102,96,250,159,148,5,232]","3","False","","","0","assets/ui/inventory/render/inv_gun_mercy.png","","","","","0","0","0","[0,0,0,0,0,0,0,0]","0","0","0","[0,0,0,0,0,0,0,0]","True","-49.999958","","-1","False","","1","1377918081","37263","18696","[158,218,66,68,206,176,115,164]","","0","True","False","","1","8","0","0","0","0","0","0","[0,0,0,0,0,0,0,0]","0","0","0","[0,0,0,0,0,0,0,0]","assets/pickups/weapons/gun_mercy.json","False","0.150000","assets/ui/inventory/render/inv_gun_mercy.png","[""MULTIPLY"",""SCREEN""]","False","assets/data/fx/wfx_4ga_mercy.json","True","False","False","False","True","False","True","False","","","True","False","True","False","False","False","False","False","True","False","True","False","False","False","True","False","True","False","False","False","False","False"
"gun_4ga_sipho.name","gun_4ga_sipho.json","gun_4ga_sipho.description","ARTILLERY_WEAPON","AMMOTYPE_BULLET","","","","","","","","","","","","","","","","","","","","","40","0.500000","4","1","0","0.900000","assets/data/pickups/ammo/pkp_ammo_4ga_pellet.json","4","10","False","0.550000","assets/data/pickups/weapons/bullets/b_4ga_pellet_narrow.json","1052014697","36301","17366","[140,176,76,221,31,87,54,79]","0.250000","","","","","","","","","","","","","","","","","","","","","","","","","","","","","","-1656875244","62096","17218","[153,214,110,21,210,130,100,230]","SEMI-AUTO","0.300000","0","","","","","","45","0.900000","0","0.250000","0.120000","4","0","0","0","[0,0,0,0,0,0,0,0]","","0.100000","0.900000","173657436","42737","18311","[173,125,203,83,211,158,126,116]","1","MAGAZINE","-955080987","242","17727","[165,117,131,79,103,53,17,241]","-1057198600","18069","18198","[144,179,241,59,1,71,237,232]","1.750000","True","0","0","0.200000","","","","","","","","","","","","","7.000000","1","0","0","0","WEAPON","0.500000","0","0","0","[0,0,0,0,0,0,0,0]","1","1423095803","5973","16695","[135,213,49,223,248,185,213,25]","0.500000","-1656875244","62096","17218","[153,214,110,21,210,130,100,230]","8","","","","","","","","","","","","","","","","","","","","","","","","","","","","","","","","","","12","-607806659","3983","16390","[174,19,141,75,63,79,165,232]","3","True","","","1.500000","assets/ui/inventory/render/inv_gun_sipho.png","","","","","0","0","0","[0,0,0,0,0,0,0,0]","0","0","0","[0,0,0,0,0,0,0,0]","True","-49.999992","","-1","False","","1","1377918081","37263","18696","[158,218,66,68,206,176,115,164]","","0","False","False","","1","23","0","0","0","0","0","0","[0,0,0,0,0,0,0,0]","0","0","0","[0,0,0,0,0,0,0,0]","assets/pickups/weapons/gun_sipho.json","False","0.250000","assets/ui/inventory/render/inv_gun_sipho.png","[""MULTIPLY"",""SCREEN""]","False","assets/data/fx/wfx_4ga_sipho.json","True","False","False","False","True","False","True","False","","","True","False","True","False","False","False","False","False","True","False","False","False","True","False","True","False","True","False","False","False","False","False"
"gun_50bmg_cutfifty.name","gun_50bmg_cutfifty.json","gun_50bmg_cutfifty.description","ARTILLERY_WEAPON","AMMOTYPE_BULLET","","","","","","","","","","","","","","","","","","","","","40","0.140000","100","1","0","2.000000","assets/data/pickups/ammo/pkp_ammo_50bmg_fmj.json","4","200","False","0.250000","assets/data/pickups/weapons/bullets/b_50bmg-cut_fmj.json","0","0","0","[0,0,0,0,0,0,0,0]","0","","","","","","","","","","","","","","","","","","","","","","","","","","","","","","-1656875244","62096","17218","[153,214,110,21,210,130,100,230]","BURST/AUTO","0.350000","0","","","","","","60","2.000000","0","0.200000","0.120000","100","-1476017363","24947","18520","[147,130,218,83,141,73,110,197]","","2","4","173657436","42737","18311","[173,125,203,83,211,158,126,116]","0.225000","MAGAZINE","1052014697","36301","17366","[140,176,76,221,31,87,54,79]","-1057198600","18069","18198","[144,179,241,59,1,71,237,232]","6","True","0","0","0.750000","","","","","","","","","","","","","13.999998","0.850000","0","0","4","WEAPON","0.651000","0","0","0","[0,0,0,0,0,0,0,0]","1.500000","1423095803","5973","16695","[135,213,49,223,248,185,213,25]","0.500000","-1656875244","62096","17218","[153,214,110,21,210,130,100,230]","-1","","","","","","","","","","","","","","","","","","","","","","","","","","","","","","","","","","20","0","0","0","[0,0,0,0,0,0,0,0]","3","True","","","1","assets/ui/inventory/render/inv_gun_cutfifty.png","","","","","-264380617","20574","17001","[153,41,151,126,180,131,211,149]","0","0","0","[0,0,0,0,0,0,0,0]","True","-49.999958","","-1","False","","1","1377918081","37263","18696","[158,218,66,68,206,176,115,164]","","0","False","False","","1","30","0","0","0","0","0","0","[0,0,0,0,0,0,0,0]","0","0","0","[0,0,0,0,0,0,0,0]","assets/pickups/weapons/gun_cut50.json","False","1","assets/ui/inventory/render/inv_gun_cutfifty.png","[""MULTIPLY"",""SCREEN""]","True","assets/data/fx/wfx_50bmg_cutfifty.json","False","False","False","False","True","False","True","False","","","True","False","False","False","True","False","False","False","True","False","True","False","True","False","True","False","True","False","False","False","False","False"
"gun_50bmg_kursi.name","gun_50bmg_kursi.json","gun_50bmg_kursi.description","ARTILLERY_WEAPON","AMMOTYPE_BULLET","","","","","","","","","","","","","","","","","","","","","100","2.200000","36","6","0.025000","0.500000","assets/data/pickups/ammo/pkp_ammo_50bmg_fmj.json","4","72","False","0.135000","assets/data/pickups/weapons/bullets/b_50bmg_fmj.json","0","0","0","[0,0,0,0,0,0,0,0]","0","","","","","","","","","","","","","","","","","","","","","","","","","","","","","","-1656875244","62096","17218","[153,214,110,21,210,130,100,230]","SEMI-AUTO","0","0","","","","","","12","1.000000","0","1.100000","0.120000","600","0","0","0","[0,0,0,0,0,0,0,0]","","0.100000","0.900000","0","0","0","[0,0,0,0,0,0,0,0]","1","MAGAZINE","0","0","0","[0,0,0,0,0,0,0,0]","0","0","0","[0,0,0,0,0,0,0,0]","3","True","0","144","0.600000","","","","","","","","","","","","","12","0.600000","0","0","4","WEAPON","0.500000","122696736","50309","18588","[138,38,145,168,46,242,73,48]","1","1423095803","5973","16695","[135,213,49,223,248,185,213,25]","0.500000","-1656875244","62096","17218","[153,214,110,21,210,130,100,230]","50","","","","","","","","","","","","","","","","","","","","","","","","","","","","","","","","","","0","-1921336622","35876","19983","[187,14,95,5,27,96,21,174]","3","False","","","2","assets/ui/hud/HUD_sml_can_01.png","","","","","0","0","0","[0,0,0,0,0,0,0,0]","0","0","0","[0,0,0,0,0,0,0,0]","True","-49.999992","","0","False","","1","1377918081","37263","18696","[158,218,66,68,206,176,115,164]","","0","False","False","","1","45","0","0","0","0","0","0","[0,0,0,0,0,0,0,0]","0","0","0","[0,0,0,0,0,0,0,0]","assets/pickups/weapons/gun_thumper.json","False","0.500000","assets/ui/hud/HUD_sml_can_01.png","[""MULTIPLY"",""SCREEN""]","False","assets/data/fx/wfx_flame_small_01.json","False","False","True","False","True","False","True","False","","","True","False","True","False","False","False","False","False","True","False","False","False","False","False","False","False","False","False","False","False","False","False"
"gun_50bmg_maedois.name","gun_50bmg_maedois.json","gun_50bmg_maedois.description","ARTILLERY_WEAPON","AMMOTYPE_BULLET","","","","","","","","","","","","","","","","","","","","","100","0.120000","250","1","0","0.500000","assets/data/pickups/ammo/pkp_ammo_50bmg_fmj.json","4","250","False","0.250000","assets/data/pickups/weapons/bullets/b_50bmg_fmj.json","0","0","0","[0,0,0,0,0,0,0,0]","0","","","","","","","","","","","","","","","","","","","","","","","","","","","","","","-1656875244","62096","17218","[153,214,110,21,210,130,100,230]","BURST/AUTO","0.350000","0","","","","","","60","0.500000","0","1","0.120000","7","-1476017363","24947","18520","[147,130,218,83,141,73,110,197]","","0.100000","0.900000","1532201229","11715","16607","[153,104,235,18,241,224,240,115]","1","MAGAZINE","0","0","0","[0,0,0,0,0,0,0,0]","0","0","0","[0,0,0,0,0,0,0,0]","6","True","0","500","0.750000","","","","","","","","","","","","","10.999998","0.850000","0","0","6","WEAPON","0.500000","0","0","0","[0,0,0,0,0,0,0,0]","1","1423095803","5973","16695","[135,213,49,223,248,185,213,25]","0.500000","-1656875244","62096","17218","[153,214,110,21,210,130,100,230]","50","","","","","","","","","","","","","","","","","","","","","","","","","","","","","","","","","","20","-1830012500","8244","19605","[143,201,36,70,168,42,97,180]","3","False","","","2","assets/ui/inventory/render/inv_gun_maedois.png","","","","","-1830012500","8244","19605","[143,201,36,70,168,42,97,180]","0","0","0","[0,0,0,0,0,0,0,0]","True","-45","","100","False","","1","1377918081","37263","18696","[158,218,66,68,206,176,115,164]","","0","False","False","","1","55","0","0","0","0","0","0","[0,0,0,0,0,0,0,0]","0","0","0","[0,0,0,0,0,0,0,0]","assets/pickups/weapons/gun_maedois.json","False","1","assets/ui/inventory/render/inv_gun_maedois.png","[""MULTIPLY"",""SCREEN""]","True","assets/data/fx/wfx_50bmg_maedois.json","False","False","False","False","True","False","True","False","","","True","False","True","False","True","False","False","False","True","False","True","False","True","False","False","False","False","False","False","False","False","False"
"gun_50bmg_penpal.name","gun_50bmg_penpal.json","gun_50bmg_penpal.description","ARTILLERY_WEAPON","AMMOTYPE_BULLET","","","","","","","","","","","","","","","","","","","","","60","1.800000","5","1","0","0.175000","assets/data/pickups/ammo/pkp_ammo_50bmg_fmj.json","4","10","False","0","assets/data/pickups/weapons/bullets/b_50bmg_fmj.json","173657436","42737","18311","[173,125,203,83,211,158,126,116]","0","","","","","","","","","","","","","","","","","","","","","","","","","","","","","","-1656875244","62096","17218","[153,214,110,21,210,130,100,230]","SEMI-AUTO","0.300000","0","","","","","","90","0.125000","0","1.300000","0.120000","7","-1057198600","18069","18198","[144,179,241,59,1,71,237,232]","","0.100000","0.900000","1532201229","11715","16607","[153,104,235,18,241,224,240,115]","1","MAGAZINE","0","0","0","[0,0,0,0,0,0,0,0]","0","0","0","[0,0,0,0,0,0,0,0]","5","True","0","30","1","","","","","","","","","","","","","12","0.300000","0","0.700000","15","WEAPON","0.500000","0","0","0","[0,0,0,0,0,0,0,0]","1","1423095803","5973","16695","[135,213,49,223,248,185,213,25]","0.500000","-1656875244","62096","17218","[153,214,110,21,210,130,100,230]","50","","","","","","","","","","","","","","","","","","","","","","","","","","","","","","","","","","20","-1679055602","303","20058","[188,194,194,150,245,123,139,55]","3","False","","","3.330000","assets/ui/inventory/render/inv_gun_penpal.png","","","","","0","0","0","[0,0,0,0,0,0,0,0]","0","0","0","[0,0,0,0,0,0,0,0]","True","-49.999992","","120","False","","1","1377918081","37263","18696","[158,218,66,68,206,176,115,164]","","0","False","False","","1","15","0","0","0.200000","-1192864441","343","17832","[156,255,174,84,234,10,248,33]","0","0","0","[0,0,0,0,0,0,0,0]","assets/pickups/weapons/gun_penpal.json","False","0.500000","assets/ui/inventory/render/inv_gun_penpal.png","[""MULTIPLY"",""SCREEN""]","False","assets/data/fx/wfx_20mm_kopinski.json","True","False","False","False","True","False","True","False","","","True","False","True","False","False","False","False","False","True","False","True","False","True","False","False","False","False","False","True","False","False","False"
"gun_50mm_softbol.name","gun_50mm_softbol.json","gun_50mm_softbol.description","ARTILLERY_WEAPON","AMMOTYPE_BULLET","","","","","","","","","","","","","","","","","","","","","100","2.500000","1","1","0","1.000000","assets/data/pickups/ammo/pkp_ammo_50mm_he.json","4","5","False","0","assets/data/pickups/weapons/bullets/b_50mm_he.json","0","0","0","[0,0,0,0,0,0,0,0]","0","","","","","","","","","","","","","","","","","","","","","","","","","","","","","","-1656875244","62096","17218","[153,214,110,21,210,130,100,230]","SEMI-AUTO","0","0","","","","","","90","1.000000","0","1","0.120000","12","0","0","0","[0,0,0,0,0,0,0,0]","","0.100000","0.900000","-921652795","52822","17434","[176,231,11,58,98,54,9,228]","1","MAGAZINE","780966319","57636","16495","[142,172,178,163,60,140,46,189]","0","0","0","[0,0,0,0,0,0,0,0]","4","True","0","30","0.900000","","","","","","","","","","","","","12","0.125000","0","1","10","WEAPON","0.500000","0","0","0","[0,0,0,0,0,0,0,0]","1","1423095803","5973","16695","[135,213,49,223,248,185,213,25]","0.500000","-1656875244","62096","17218","[153,214,110,21,210,130,100,230]","50","","","","","","","","","","","","","","","","","","","","","","","","","","","","","","","","","","5","1967919318","44673","18194","[153,169,48,133,229,65,247,23]","3","False","","","1","assets/ui/inventory/render/inv_gun_softbol.png","","","","","0","0","0","[0,0,0,0,0,0,0,0]","0","0","0","[0,0,0,0,0,0,0,0]","False","-45","","-1","False","","1","1377918081","37263","18696","[158,218,66,68,206,176,115,164]","","0","True","False","","1","11","0","0","0","0","0","0","[0,0,0,0,0,0,0,0]","0","0","0","[0,0,0,0,0,0,0,0]","assets/pickups/weapons/gun_thumper.json","False","0.700000","assets/ui/inventory/render/inv_gun_softbol.png","[""MULTIPLY"",""SCREEN""]","False","assets/data/fx/wfx_flame_small_01.json","False","False","False","False","True","False","True","False","","","True","False","True","False","False","False","False","False","True","False","False","False","True","False","True","False","False","False","False","False","False","False"
"gun_51mm_commander.name","gun_51mm_commander.json","gun_51mm_commander.description","ARTILLERY_WEAPON","AMMOTYPE_BULLET","","","","","","","","","","","","","","","","","","","","","40","0.325000","6","1","0","0.250000","assets/data/pickups/ammo/pkp_ammo_51mm_rocket.json","4","250","False","0","assets/data/pickups/weapons/bullets/b_51_rocket.json","0","0","0","[0,0,0,0,0,0,0,0]","0","","","","","","","","","","","","","","","","","","","","","","","","","","","","","","-1656875244","62096","17218","[153,214,110,21,210,130,100,230]","SEMI-AUTO","0.400000","0","","","","","","45","0","25","0.135000","0.120000","0.100000","122696736","50309","18588","[138,38,145,168,46,242,73,48]","","0.250000","0.775000","60116200","32446","20256","[144,122,216,71,105,168,139,54]","1.150000","MAGAZINE","0","0","0","[0,0,0,0,0,0,0,0]","0","0","0","[0,0,0,0,0,0,0,0]","2.250000","True","0","200","0","","","","","","","","","","","","","4.000000","0.600000","0","0.450000","0","WEAPON","0.651000","0","0","0","[0,0,0,0,0,0,0,0]","0.100000","0","0","0","[0,0,0,0,0,0,0,0]","0.500000","-1656875244","62096","17218","[153,214,110,21,210,130,100,230]","10","","","","","","","","","","","","","","","","","","","","","","","","","","","","","","","","","","10","-1067659804","7985","17700","[185,15,33,108,152,166,44,251]","3","True","","","0","assets/ui/inventory/render/inv_gun_commander50.png","","","","","0","0","0","[0,0,0,0,0,0,0,0]","0","0","0","[0,0,0,0,0,0,0,0]","True","-49.999992","","-1","False","","1","0","0","0","[0,0,0,0,0,0,0,0]","","0","True","False","","1","6","0","0","0","0","0","0","[0,0,0,0,0,0,0,0]","0","0","0","[0,0,0,0,0,0,0,0]","assets/pickups/weapons/gun_obrez.json","False","0.330000","assets/ui/inventory/render/inv_gun_commander50.png","[""MULTIPLY"",""SCREEN""]","False","assets/data/fx/wfx_50bmg_commander.json","False","False","False","False","False","False","True","False","","","True","False","True","False","False","False","False","False","False","False","True","False","True","False","False","False","False","False","False","False","False","False"
"gun_556_nobrelitea18.name","gun_556_nobrelitea18.json","gun_556_nobrelitea18.description","ARTILLERY_WEAPON","AMMOTYPE_BULLET","","","","","","","","","","","","","","","","","","","","","40","0.083333","30","1","0","0.500000","assets/data/pickups/ammo/pkp_ammo_556_fmj.json","4","30","False","0.150000","assets/data/pickups/weapons/bullets/b_556_fmj.json","1052014697","36301","17366","[140,176,76,221,31,87,54,79]","0","","","","","","","","","","","","","","","","","","","","","","","","","","","","","","-1656875244","62096","17218","[153,214,110,21,210,130,100,230]","BURST/AUTO","0","0","","","","","","45","0.500000","0","0.200000","0.120000","0","-1057198600","18069","18198","[144,179,241,59,1,71,237,232]","","0.500000","2.250000","173657436","42737","18311","[173,125,203,83,211,158,126,116]","1.500000","MAGAZINE","-955080987","242","17727","[165,117,131,79,103,53,17,241]","0","0","0","[0,0,0,0,0,0,0,0]","3.800000","True","0","0","0.500000","","","","","","","","","","","","","6","0.650000","0","0","2","WEAPON","0.651000","0","0","0","[0,0,0,0,0,0,0,0]","1.500000","1423095803","5973","16695","[135,213,49,223,248,185,213,25]","0.500000","-1656875244","62096","17218","[153,214,110,21,210,130,100,230]","12","","","","","","","","","","","","","","","","","","","","","","","","","","","","","","","","","","15","0","0","0","[0,0,0,0,0,0,0,0]","3","True","","","-1","assets/ui/inventory/render/inv_gun_nobrelite.png","","","","","-278097318","10545","20085","[139,48,25,156,218,88,96,61]","0","0","0","[0,0,0,0,0,0,0,0]","True","-49.999992","","-1","False","","1","1377918081","37263","18696","[158,218,66,68,206,176,115,164]","","0","False","False","","1","10","0","0","0","0","0","0","[0,0,0,0,0,0,0,0]","0","0","0","[0,0,0,0,0,0,0,0]","assets/pickups/weapons/gun_a18.json","False","0.660000","assets/ui/inventory/render/inv_gun_nobrelite.png","[""MULTIPLY"",""SCREEN""]","True","assets/data/fx/wfx_556_nobrelitea18.json","True","False","False","False","True","False","True","False","","","True","False","False","False","True","False","False","False","True","False","True","False","True","False","True","False","False","False","False","False","False","False"
"gun_556_snyer.name","gun_556_snyer.json","gun_556_snyer.description","ARTILLERY_WEAPON","AMMOTYPE_BULLET","","","","","","","","","","","","","","","","","","","","","40","0.030000","250","1","0","1.000000","assets/data/pickups/ammo/pkp_ammo_556_fmj.json","4","500","False","0.010000","assets/data/pickups/weapons/bullets/b_556_fmj.json","0","0","0","[0,0,0,0,0,0,0,0]","0","","","","","","","","","","","","","","","","","","","","","","","","","","","","","","-1656875244","62096","17218","[153,214,110,21,210,130,100,230]","BURST/AUTO","0.300000","0","","","","","","180","1.000000","0","1","0.120000","0","0","0","0","[0,0,0,0,0,0,0,0]","","0.100000","0.900000","0","0","0","[0,0,0,0,0,0,0,0]","1","MAGAZINE","0","0","0","[0,0,0,0,0,0,0,0]","0","0","0","[0,0,0,0,0,0,0,0]","8","True","0","2000","0.660000","","","","","","","","","","","","","15.999994","0.120000","0","0","2","WEAPON","0.500000","0","0","0","[0,0,0,0,0,0,0,0]","1","1423095803","5973","16695","[135,213,49,223,248,185,213,25]","0.500000","-1656875244","62096","17218","[153,214,110,21,210,130,100,230]","50","","","","","","","","","","","","","","","","","","","","","","","","","","","","","","","","","","16","369464747","31712","19049","[163,231,247,158,159,37,41,43]","3","False","","","0","assets/ui/inventory/render/inv_gun_snyer.png","","","","","0","0","0","[0,0,0,0,0,0,0,0]","0","0","0","[0,0,0,0,0,0,0,0]","True","-49.999992","","100","False","","1","1377918081","37263","18696","[158,218,66,68,206,176,115,164]","","0","False","False","","1","17","0.850000","0.250000","0.850000","-1056680887","16049","19795","[146,42,224,46,206,30,27,137]","-1256008141","59430","18877","[191,16,159,152,45,2,192,34]","assets/pickups/weapons/gun_thumper.json","False","0.750000","assets/ui/inventory/render/inv_gun_snyer.png","[""MULTIPLY"",""SCREEN""]","False","assets/data/fx/wfx_556_nobrelitea18.json","False","False","False","False","True","False","True","False","","","True","False","True","False","False","False","False","False","True","False","False","False","False","False","False","False","False","False","True","False","True","False"
"gun_556_zitha.name","gun_556_zitha.json","gun_556_zitha.description","ARTILLERY_WEAPON","AMMOTYPE_BULLET","","","","","","","","","","","","","","","","","","","","","40","0.066000","20","1","0","0.100000","assets/data/pickups/ammo/pkp_ammo_556_fmj.json","4","20","False","0.165000","assets/data/pickups/weapons/bullets/b_556_fmj.json","1052014697","36301","17366","[140,176,76,221,31,87,54,79]","0","","","","","","","","","","","","","","","","","","","","","","","","","","","","","","-1656875244","62096","17218","[153,214,110,21,210,130,100,230]","BURST/AUTO","0","0","","","","","","45","0.100000","0","0.200000","0.120000","0","-1057198600","18069","18198","[144,179,241,59,1,71,237,232]","","0.500000","2.250000","173657436","42737","18311","[173,125,203,83,211,158,126,116]","1.500000","MAGAZINE","-955080987","242","17727","[165,117,131,79,103,53,17,241]","0","0","0","[0,0,0,0,0,0,0,0]","2.750000","True","0","0","0.400000","","","","","","","","","","","","","6.659997","0.700000","0","0","1","WEAPON","0.651000","0","0","0","[0,0,0,0,0,0,0,0]","1.500000","1423095803","5973","16695","[135,213,49,223,248,185,213,25]","0.500000","-1656875244","62096","17218","[153,214,110,21,210,130,100,230]","11","","","","","","","","","","","","","","","","","","","","","","","","","","","","","","","","","","15","0","0","0","[0,0,0,0,0,0,0,0]","3","True","","","-0.750000","assets/ui/inventory/render/inv_gun_zitha.png","","","","","1642416842","37597","18179","[174,181,113,182,218,38,23,118]","0","0","0","[0,0,0,0,0,0,0,0]","True","-49.999992","","-1","False","","1","1377918081","37263","18696","[158,218,66,68,206,176,115,164]","","0","False","False","","1","8","0","0","0","0","0","0","[0,0,0,0,0,0,0,0]","0","0","0","[0,0,0,0,0,0,0,0]","assets/pickups/weapons/gun_zitha.json","False","0.330000","assets/ui/inventory/render/inv_gun_zitha.png","[""MULTIPLY"",""SCREEN""]","True","assets/data/fx/wfx_556_zitha.json","True","False","False","False","True","False","True","False","","","True","False","False","False","True","False","False","False","True","False","True","False","True","False","True","False","False","False","False","False","False","False"
"gun_57mmr_pitbull.name","gun_57mmr_pitbull.json","gun_57mmr_pitbull.description","ARTILLERY_WEAPON","AMMOTYPE_BULLET","","","","","","","","","","","","","","","","","","","","","30","0.110000","20","1","0","0","assets/data/pickups/ammo/pkp_ammo_57mm_he_rocket.json","4","75","False","0","assets/data/pickups/weapons/bullets/b_57mm_he_rocket.json","0","0","0","[0,0,0,0,0,0,0,0]","0","","","","","","","","","","","","","","","","","","","","","","","","","","","","","","-1656875244","62096","17218","[153,214,110,21,210,130,100,230]","BURST/AUTO","0.300000","0","","","","","","45","0","0","1","0.120000","18000","0","0","0","[0,0,0,0,0,0,0,0]","","0.100000","0.900000","0","0","0","[0,0,0,0,0,0,0,0]","1","SINGLE_ROUND","0","0","0","[0,0,0,0,0,0,0,0]","0","0","0","[0,0,0,0,0,0,0,0]","0.100000","True","0","500","0","","","","","","","","","","","","","6","0.200000","0","0.050000","4","WEAPON","0.500000","0","0","0","[0,0,0,0,0,0,0,0]","1","1423095803","5973","16695","[135,213,49,223,248,185,213,25]","0.500000","-1656875244","62096","17218","[153,214,110,21,210,130,100,230]","20","","","","","","","","","","","","","","","","","","","","","","","","","","","","","","","","","","40","-1067659804","7985","17700","[185,15,33,108,152,166,44,251]","3","False","","","10","assets/ui/hud/HUD_main_arty_02.png","","","","","0","0","0","[0,0,0,0,0,0,0,0]","0","0","0","[0,0,0,0,0,0,0,0]","True","-45","","80","False","","1","1377918081","37263","18696","[158,218,66,68,206,176,115,164]","","0","False","False","","1","213","0","0","0","0","0","0","[0,0,0,0,0,0,0,0]","0","0","0","[0,0,0,0,0,0,0,0]","assets/pickups/weapons/temp_main.json","False","0.660000","assets/ui/hud/HUD_main_arty_02.png","[""MULTIPLY"",""SCREEN""]","False","assets/data/fx/wfx_arty_main_02.json","False","False","False","False","True","False","True","False","","","True","False","True","False","False","False","False","False","True","False","False","False","False","False","False","False","False","False","False","False","False","False"
"gun_57mmr_squawker.name","gun_57mmr_squawker.json","gun_57mmr_squawker.description","ARTILLERY_WEAPON","AMMOTYPE_BULLET","","","","","","","","","","","","","","","","","","","","","40","0.350000","5","1","0","1.000000","assets/data/pickups/ammo/pkp_ammo_57mm_he_rocket.json","4","10","False","0","assets/data/pickups/weapons/bullets/b_57mm_he_rocket.json","0","0","0","[0,0,0,0,0,0,0,0]","0","","","","","","","","","","","","","","","","","","","","","","","","","","","","","","-1656875244","62096","17218","[153,214,110,21,210,130,100,230]","SEMI-AUTO","0.300000","0","","","","","","60","0.500000","0","0.060000","0.120000","25","0","0","0","[0,0,0,0,0,0,0,0]","","0.100000","0.900000","0","0","0","[0,0,0,0,0,0,0,0]","1","MAGAZINE","0","0","0","[0,0,0,0,0,0,0,0]","0","0","0","[0,0,0,0,0,0,0,0]","3.500000","True","0","20","0.200000","","","","","","","","","","","","","6","0.600000","0","0.800000","8","WEAPON","0.500000","0","0","0","[0,0,0,0,0,0,0,0]","1","1423095803","5973","16695","[135,213,49,223,248,185,213,25]","0.500000","-1656875244","62096","17218","[153,214,110,21,210,130,100,230]","20","","","","","","","","","","","","","","","","","","","","","","","","","","","","","","","","","","28","-1027789249","63163","20448","[153,147,238,170,206,116,104,66]","3","False","","","4","assets/ui/inventory/render/inv_gun_squawker.png","","","","","0","0","0","[0,0,0,0,0,0,0,0]","0","0","0","[0,0,0,0,0,0,0,0]","True","-45","","80","False","","1","1377918081","37263","18696","[158,218,66,68,206,176,115,164]","","0","True","False","","1","39","0","0","0","0","0","0","[0,0,0,0,0,0,0,0]","0","0","0","[0,0,0,0,0,0,0,0]","assets/pickups/weapons/gun_squawker.json","False","0.250000","assets/ui/inventory/render/inv_gun_squawker.png","[""MULTIPLY"",""SCREEN""]","False","assets/data/fx/wfx_57mmr_squawker.json","False","False","False","False","True","False","True","False","","","True","False","True","False","False","False","False","False","True","False","False","False","False","False","False","False","False","False","False","False","False","False"
"gun_604ball_kultaban.name","gun_604ball_kultaban.json","gun_604ball_kultaban.description","LASER_WEAPON","AMMOTYPE_LASER","","","","","","","","","","","","","","","","","","","","","10","1.800000","72","8","0","3","assets/data/pickups/ammo/pkp_ammo_604_steel_ball.json","1","18","True","0","","0","0","0","[0,0,0,0,0,0,0,0]","0.400000","1","1","0","0","0","0","0","0","0","0","0","0","1","0","0","0","0","0","0","0","0","0","0","0","0","0","0","1","1","0","0","0","[0,0,0,0,0,0,0,0]","SEMI-AUTO","0","0","0","15","1","1","0.300000","3","3","0","1.600000","0.120000","5","0","0","0","[0,0,0,0,0,0,0,0]","","0.100000","0.350000","0","0","0","[0,0,0,0,0,0,0,0]","1","MAGAZINE","0","0","0","[0,0,0,0,0,0,0,0]","0","0","0","[0,0,0,0,0,0,0,0]","4","True","0","36","0","0.096000","0.019000","0.842000","314.912994","1","3.931000","[""assets/fx/beams/laser_galinha_multiply.png"",""assets/fx/beams/laser_galinha_screen.png""]","3.526000","0.099000","0.435000","0.809000","0.048000","3","0","0","0","0","WEAPON","0.800000","-1505342492","12200","19717","[157,243,74,202,81,182,227,203]","","1423095803","5973","16695","[135,213,49,223,248,185,213,25]","0.500000","-1656875244","62096","17218","[153,214,110,21,210,130,100,230]","-1","False","0","0","[0,0,1,1,0]","0.100000","0","0","0","0","0","0","0","0.001000","0","0","0","0","0","0","0","0","0","0","0","0","0","0","0","assets/data/fx/pyros/pyro_exp_604ball.json","0","0","0","[0,0,0,0,0,0,0,0]","14","-1444357866","46526","20157","[174,114,139,226,184,40,39,66]","3","False","3","0","0","assets/ui/inventory/render/inv_gun_kultiban.png","0","0","0","0","0","0","0","[0,0,0,0,0,0,0,0]","0","0","0","[0,0,0,0,0,0,0,0]","","-49.999992","","-1","False","50","1","1377918081","37263","18696","[158,218,66,68,206,176,115,164]","2","0","False","False","","1","12","0","0","0","0","0","0","[0,0,0,0,0,0,0,0]","0","0","0","[0,0,0,0,0,0,0,0]","assets/pickups/weapons/gun_blackhand.json","False","0","assets/ui/inventory/render/inv_gun_kultiban.png","[""MULTIPLY"",""SCREEN""]","False","assets/data/fx/wfx_604ball_ryoken.json","False","False","True","False","True","False","True","False","False","False","False","False","True","False","False","False","False","False","True","False","False","False","False","False","False","False","False","False","False","False","False","False"
"gun_604ball_ryoken.name","gun_604ball_ryoken.json","gun_604ball_ryoken.description","LASER_WEAPON","AMMOTYPE_LASER","","","","","","","","","","","","","","","","","","","","","13","0.400000","33","3","0.025000","1.000000","assets/data/pickups/ammo/pkp_ammo_604_steel_ball.json","1","66","True","0","","0","0","0","[0,0,0,0,0,0,0,0]","0.100000","1","1","0","0","0","0","0","0","0","0","0","0","0","0","0","0","0","0","0","0","0","0","0","0","0","0","0","0","0","-1656875244","62096","17218","[153,214,110,21,210,130,100,230]","BURST/AUTO","0","0","0","5","1","1","0.300000","1.000000","1.000000","0","0.900000","0.120000","1","1328151726","10693","18299","[181,180,70,28,52,158,168,22]","","0.500000","5","1424430113","38796","16449","[173,228,222,64,25,194,30,61]","1","MAGAZINE","1965412754","41357","18726","[135,227,114,207,36,182,19,174]","1328151726","10693","18299","[181,180,70,28,52,158,168,22]","3.330000","True","0","133","0","0.098000","0.019000","0.852000","314.220001","1","4.027000","[""assets/fx/beams/laser_galinha_multiply.png"",""assets/fx/beams/laser_galinha_screen.png""]","3","0.098000","0.435000","0.808000","0.048000","5.000000","0.270000","0","0.100000","0","WEAPON","0.800000","0","0","0","[0,0,0,0,0,0,0,0]","","1423095803","5973","16695","[135,213,49,223,248,185,213,25]","0.500000","-1656875244","62096","17218","[153,214,110,21,210,130,100,230]","-1","False","0","0","[0,0,0,0,0]","0","0","0","0","0","0","0","0","0.001000","0","0","0","0","0","0","0","0","0","0","0","0","0","0","0","assets/data/fx/pyros/pyro_exp_604ball.json","-316966822","41819","17727","[163,24,45,145,187,217,61,128]","14","711796301","39592","18966","[129,12,161,210,26,148,184,235]","3","False","3","0","-1","assets/ui/inventory/render/inv_gun_ryoken.png","0","0","0","0","0","0","0","[0,0,0,0,0,0,0,0]","0","0","0","[0,0,0,0,0,0,0,0]","","-49.999992","","-1","False","50","1","1377918081","37263","18696","[158,218,66,68,206,176,115,164]","1","2000000","False","False","","1","6","0","0.100000","0","0","0","0","[0,0,0,0,0,0,0,0]","0","0","0","[0,0,0,0,0,0,0,0]","assets/pickups/weapons/gun_ryoken.json","False","0","assets/ui/inventory/render/inv_gun_ryoken.png","[""MULTIPLY"",""SCREEN""]","False","assets/data/fx/wfx_604ball_ryoken.json","False","False","False","False","True","False","True","False","True","False","True","False","True","False","False","False","False","False","True","False","True","False","True","False","True","False","True","False","False","False","False","False"
"gun_60mm_bricklayer.name","gun_60mm_bricklayer.json","gun_60mm_bricklayer.description","ARTILLERY_WEAPON","AMMOTYPE_BULLET","","","","","","","","","","","","","","","","","","","","","100","2.500000","1","1","0","0.660000","assets/data/pickups/ammo/pkp_ammo_60mm_he.json","4","5","False","0","assets/data/pickups/weapons/bullets/b_60mm_he.json","0","0","0","[0,0,0,0,0,0,0,0]","0","","","","","","","","","","","","","","","","","","","","","","","","","","","","","","-1656875244","62096","17218","[153,214,110,21,210,130,100,230]","SEMI-AUTO","0","0","","","","","","90","0.660000","0","1","0.120000","15","0","0","0","[0,0,0,0,0,0,0,0]","","0.100000","0.900000","-921652795","52822","17434","[176,231,11,58,98,54,9,228]","1","MAGAZINE","780966319","57636","16495","[142,172,178,163,60,140,46,189]","0","0","0","[0,0,0,0,0,0,0,0]","4.500000","True","0","60","0.900000","","","","","","","","","","","","","12","0.110000","0","1","15","WEAPON","0.500000","0","0","0","[0,0,0,0,0,0,0,0]","1","1423095803","5973","16695","[135,213,49,223,248,185,213,25]","0.500000","-1656875244","62096","17218","[153,214,110,21,210,130,100,230]","50","","","","","","","","","","","","","","","","","","","","","","","","","","","","","","","","","","9","-1617442770","4415","20274","[182,215,18,88,158,109,40,127]","3","False","","","0","assets/ui/inventory/render/inv_gun_bricklayer.png","","","","","0","0","0","[0,0,0,0,0,0,0,0]","0","0","0","[0,0,0,0,0,0,0,0]","False","-45","","-1","False","","1","1377918081","37263","18696","[158,218,66,68,206,176,115,164]","","0","True","False","","1","20","0","0","0","0","0","0","[0,0,0,0,0,0,0,0]","0","0","0","[0,0,0,0,0,0,0,0]","assets/pickups/weapons/gun_thumper.json","False","0.700000","assets/ui/inventory/render/inv_gun_bricklayer.png","[""MULTIPLY"",""SCREEN""]","False","assets/data/fx/wfx_flame_small_01.json","False","False","False","False","True","False","True","False","","","True","False","True","False","False","False","False","False","True","False","False","False","True","False","True","False","False","False","False","False","False","False"
"gun_60mm_jericho.name","gun_60mm_jericho.json","gun_60mm_jericho.description","ARTILLERY_WEAPON","AMMOTYPE_BULLET","","","","","","","","","","","","","","","","","","","","","40","1.750000","2","1","0","0.100000","assets/data/pickups/ammo/pkp_ammo_60mm_vortex.json","4","75","False","0","assets/data/pickups/weapons/bullets/b_60mm_vortex.json","0","0","0","[0,0,0,0,0,0,0,0]","0","","","","","","","","","","","","","","","","","","","","","","","","","","","","","","-1656875244","62096","17218","[153,214,110,21,210,130,100,230]","SEMI-AUTO","0.300000","0","","","","","","60","0.050000","0","1.660000","0.120000","50","0","0","0","[0,0,0,0,0,0,0,0]","","0.100000","0.900000","0","0","0","[0,0,0,0,0,0,0,0]","1","MAGAZINE","0","0","0","[0,0,0,0,0,0,0,0]","0","0","0","[0,0,0,0,0,0,0,0]","5","True","0","500","0.800000","","","","","","","","","","","","","18","0.220000","0","1","4","WEAPON","0.500000","0","0","0","[0,0,0,0,0,0,0,0]","1","1423095803","5973","16695","[135,213,49,223,248,185,213,25]","0.500000","-1656875244","62096","17218","[153,214,110,21,210,130,100,230]","20","","","","","","","","","","","","","","","","","","","","","","","","","","","","","","","","","","20","487930107","53738","18693","[157,206,138,248,129,163,171,122]","3","False","","","0","assets/ui/hud/HUD_aux_can_02.png","","","","","0","0","0","[0,0,0,0,0,0,0,0]","0","0","0","[0,0,0,0,0,0,0,0]","True","-45","","90","False","","1","1377918081","37263","18696","[158,218,66,68,206,176,115,164]","","0","False","False","","1","189","0","0","0","0","0","0","[0,0,0,0,0,0,0,0]","0","0","0","[0,0,0,0,0,0,0,0]","assets/pickups/weapons/cannon_aux.json","False","0.400000","assets/ui/hud/HUD_aux_can_02.png","[""MULTIPLY"",""SCREEN""]","False","assets/data/fx/wfx_cannon_aux_02.json","False","False","False","False","True","False","True","False","","","True","False","True","False","False","False","False","False","True","False","False","False","False","False","False","False","False","False","False","False","False","False"
"gun_6ga_potbelly.name","gun_6ga_potbelly.json","gun_6ga_potbelly.description","ARTILLERY_WEAPON","AMMOTYPE_BULLET","","","","","","","","","","","","","","","","","","","","","40","0","66","1","0.089000","1.750000","assets/data/pickups/ammo/pkp_ammo_6ga_pellet.json","4","66","False","0.105000","assets/data/pickups/weapons/bullets/b_6ga_pellet.json","139528494","12370","18568","[141,46,4,191,48,157,42,152]","0","","","","","","","","","","","","","","","","","","","","","","","","","","","","","","-1656875244","62096","17218","[153,214,110,21,210,130,100,230]","BURST/AUTO","0.020000","0","","","","","","60","0.200000","0","0.200000","0.120000","7","60116200","32446","20256","[144,122,216,71,105,168,139,54]","","0.250000","3.500000","1532201229","11715","16607","[153,104,235,18,241,224,240,115]","3","MAGAZINE","0","0","0","[0,0,0,0,0,0,0,0]","0","0","0","[0,0,0,0,0,0,0,0]","6","True","0","0","1","","","","","","","","","","","","","9","1","0","0","0","WEAPON","0.651000","0","0","0","[0,0,0,0,0,0,0,0]","1.250000","1423095803","5973","16695","[135,213,49,223,248,185,213,25]","0.500000","-1656875244","62096","17218","[153,214,110,21,210,130,100,230]","10","","","","","","","","","","","","","","","","","","","","","","","","","","","","","","","","","","20","1047889855","53361","20263","[191,245,83,122,75,15,135,212]","3","True","","","3","assets/ui/hud/HUD_sml_mg_01.png","","","","","0","0","0","[0,0,0,0,0,0,0,0]","0","0","0","[0,0,0,0,0,0,0,0]","True","0","","15","False","","1","1377918081","37263","18696","[158,218,66,68,206,176,115,164]","","0","False","False","","1","49","0","0","0","0","0","0","[0,0,0,0,0,0,0,0]","0","0","0","[0,0,0,0,0,0,0,0]","assets/pickups/weapons/gun_bonesaw.json","False","1","assets/ui/hud/HUD_sml_mg_01.png","[""MULTIPLY"",""SCREEN""]","False","assets/data/fx/wfx_8mm_bonesaw.json","True","False","False","False","True","False","True","False","","","True","False","True","False","False","False","False","False","True","False","True","False","True","False","False","False","False","False","False","False","False","False"
"gun_6ga_rhino.name","gun_6ga_rhino.json","gun_6ga_rhino.description","ARTILLERY_WEAPON","AMMOTYPE_BULLET","","","","","","","","","","","","","","","","","","","","","40","0.600000","5","1","0","1.100000","assets/data/pickups/ammo/pkp_ammo_6ga_pellet.json","4","40","False","1","assets/data/pickups/weapons/bullets/b_6ga_pellet.json","-955080987","242","17727","[165,117,131,79,103,53,17,241]","0","","","","","","","","","","","","","","","","","","","","","","","","","","","","","","-1656875244","62096","17218","[153,214,110,21,210,130,100,230]","SEMI-AUTO","0.500000","0","","","","","","45","1.100000","0","0.400000","0.120000","7","473155621","28116","19643","[171,169,8,117,4,101,25,116]","","0.150000","0.750000","606135825","42618","18552","[148,218,105,37,194,250,222,190]","0.400000","SINGLE_ROUND","0","0","0","[0,0,0,0,0,0,0,0]","0","0","0","[0,0,0,0,0,0,0,0]","1","True","0","0","0.500000","","","","","","","","","","","","","8.000000","1.100000","0","0","0","WEAPON","0.320000","0","0","0","[0,0,0,0,0,0,0,0]","1","1423095803","5973","16695","[135,213,49,223,248,185,213,25]","0.500000","-1656875244","62096","17218","[153,214,110,21,210,130,100,230]","5","","","","","","","","","","","","","","","","","","","","","","","","","","","","","","","","","","15","-706671786","11466","18137","[166,21,208,11,161,181,190,23]","3","False","","","0","assets/ui/inventory/render/inv_gun_rhinostopper.png","","","","","0","0","0","[0,0,0,0,0,0,0,0]","0","0","0","[0,0,0,0,0,0,0,0]","True","-49.999992","","-1","False","","1","1377918081","37263","18696","[158,218,66,68,206,176,115,164]","","0","True","False","","1","12","0","0","0","0","0","0","[0,0,0,0,0,0,0,0]","0","0","0","[0,0,0,0,0,0,0,0]","assets/pickups/weapons/gun_rhino.json","False","0.150000","assets/ui/inventory/render/inv_gun_rhinostopper.png","[""MULTIPLY"",""SCREEN""]","False","assets/data/fx/wfx_6ga_rhino.json","True","False","False","False","True","False","True","False","","","True","False","True","False","False","False","False","False","True","False","True","False","True","False","False","False","False","False","False","False","False","False"
"gun_762_aleph.name","gun_762_aleph.json","gun_762_aleph.description","ARTILLERY_WEAPON","AMMOTYPE_BULLET","","","","","","","","","","","","","","","","","","","","","40","0.325000","20","1","0","0.600000","assets/data/pickups/ammo/pkp_ammo_762_fmj.json","4","60","False","0.200000","assets/data/pickups/weapons/bullets/b_762_fmj.json","1052014697","36301","17366","[140,176,76,221,31,87,54,79]","1.250000","","","","","","","","","","","","","","","","","","","","","","","","","","","","","","-1656875244","62096","17218","[153,214,110,21,210,130,100,230]","SEMI-AUTO","0.020000","0","","","","","","45","0.400000","0","0.120000","0.120000","2","-1057198600","18069","18198","[144,179,241,59,1,71,237,232]","","0.250000","2.500000","173657436","42737","18311","[173,125,203,83,211,158,126,116]","2.500000","MAGAZINE","-955080987","242","17727","[165,117,131,79,103,53,17,241]","0","0","0","[0,0,0,0,0,0,0,0]","3.750000","True","0","0","0.500000","","","","","","","","","","","","","6.500000","0.650000","0","0","2","WEAPON","0.651000","0","0","0","[0,0,0,0,0,0,0,0]","1.250000","1423095803","5973","16695","[135,213,49,223,248,185,213,25]","0.500000","-1656875244","62096","17218","[153,214,110,21,210,130,100,230]","-1","","","","","","","","","","","","","","","","","","","","","","","","","","","","","","","","","","20","219655577","44655","20156","[164,237,120,14,153,133,177,218]","3","True","","","-0.250000","assets/ui/inventory/render/inv_gun_aleph.png","","","","","0","0","0","[0,0,0,0,0,0,0,0]","0","0","0","[0,0,0,0,0,0,0,0]","True","0","","-1","False","","1","1377918081","37263","18696","[158,218,66,68,206,176,115,164]","","0","False","False","","1","12","0","0","0","0","0","0","[0,0,0,0,0,0,0,0]","0","0","0","[0,0,0,0,0,0,0,0]","assets/pickups/weapons/gun_aleph.json","False","0.660000","assets/ui/inventory/render/inv_gun_aleph.png","[""MULTIPLY"",""SCREEN""]","False","assets/data/fx/wfx_762_aleph.json","True","False","False","False","True","False","True","False","","","True","False","True","False","False","False","False","False","True","False","True","False","True","False","True","False","False","False","False","False","False","False"
"gun_762_breakerswheel.name","gun_762_breakerswheel.json","gun_762_breakerswheel.description","LASER_WEAPON","AMMOTYPE_LASER","","","","","","","","","","","","","","","","","","","","","0.600000","0.500000","6","6","0","0","assets/data/pickups/ammo/pkp_ammo_762_fmj.json","1","6","True","0","","0","0","0","[0,0,0,0,0,0,0,0]","0","1","1","0","0","0","0","0","0","0","0","0","0","1","0","0","0","0","0","0","0","0","0","0","0","0","0","0","1","1","0","0","0","[0,0,0,0,0,0,0,0]","BURST/AUTO","0","0","0","7","0.500000","0.500000","5","0","0","0","0.900000","0.120000","120","0","0","0","[0,0,0,0,0,0,0,0]","","0.100000","0.350000","0","0","0","[0,0,0,0,0,0,0,0]","1","MAGAZINE","0","0","0","[0,0,0,0,0,0,0,0]","0","0","0","[0,0,0,0,0,0,0,0]","3","True","0","6","0","2.500000","2.500000","1","180","0","5","[""assets/fx/beams/laser_multiply.png"",""assets/fx/beams/laser_screen.png""]","0","0.403000","0.500000","0.727000","0.500000","0","0","0","0","0","WEAPON","0.800000","-776838919","37914","17725","[131,174,226,196,52,162,61,61]","","1423095803","5973","16695","[135,213,49,223,248,185,213,25]","0.500000","-1656875244","62096","17218","[153,214,110,21,210,130,100,230]","-1","False","0","0","[0,0,1,1,0]","0.100000","0","0","0","0","0","0","0","0","0","0","0","0","0","0","0","0","0","0","0","0","0","0","0","","0","0","0","[0,0,0,0,0,0,0,0]","0","-31334617","41463","19581","[141,131,119,65,239,204,250,106]","3","False","1","0","0","assets/ui/inventory/render/inv_gun_breakerswheel.png","-0.500000","1","-0.250000","-0.600000","0","0","0","[0,0,0,0,0,0,0,0]","0","0","0","[0,0,0,0,0,0,0,0]","","-49.999992","","-1","False","0","1","1377918081","37263","18696","[158,218,66,68,206,176,115,164]","4","0","False","False","","1","14","0","0","0","0","0","0","[0,0,0,0,0,0,0,0]","0","0","0","[0,0,0,0,0,0,0,0]","assets/pickups/weapons/gun_breakerswheel.json","False","0","assets/ui/inventory/render/inv_gun_breakerswheel.png","[""MULTIPLY"",""SCREEN""]","False","assets/data/fx/wfx_12ga_tet.json","False","False","True","False","True","False","True","False","False","False","False","False","True","False","False","False","False","False","True","False","False","False","False","False","False","False","False","False","False","False","False","False"
"gun_762_cooper.name","gun_762_cooper.json","gun_762_cooper.description","ARTILLERY_WEAPON","AMMOTYPE_BULLET","","","","","","","","","","","","","","","","","","","","","60","1.250000","5","1","0","1.500000","assets/data/pickups/ammo/pkp_ammo_762_fmj.json","4","0","False","0","assets/data/pickups/weapons/bullets/b_762_fmj.json","1052014697","36301","17366","[140,176,76,221,31,87,54,79]","0","","","","","","","","","","","","","","","","","","","","","","","","","","","","","","-1656875244","62096","17218","[153,214,110,21,210,130,100,230]","SEMI-AUTO","0.300000","0","","","","","","90","0.020000","0","1","0.120000","2","-1057198600","18069","18198","[144,179,241,59,1,71,237,232]","","0.600000","5","173657436","42737","18311","[173,125,203,83,211,158,126,116]","1","MAGAZINE","-955080987","242","17727","[165,117,131,79,103,53,17,241]","0","0","0","[0,0,0,0,0,0,0,0]","4.500000","True","0","0","0.900000","","","","","","","","","","","","","12","0.300000","0","0.500000","18","WEAPON","1","1052014697","36301","17366","[140,176,76,221,31,87,54,79]","1","1423095803","5973","16695","[135,213,49,223,248,185,213,25]","0.500000","-1656875244","62096","17218","[153,214,110,21,210,130,100,230]","30","","","","","","","","","","","","","","","","","","","","","","","","","","","","","","","","","","16","219655577","44655","20156","[164,237,120,14,153,133,177,218]","3","True","","","0","assets/ui/inventory/render/inv_gun_cooper.png","","","","","0","0","0","[0,0,0,0,0,0,0,0]","0","0","0","[0,0,0,0,0,0,0,0]","True","-49.999958","","125","False","","1","1377918081","37263","18696","[158,218,66,68,206,176,115,164]","","0","False","False","","1","8","0","0","0.100000","-1192864441","343","17832","[156,255,174,84,234,10,248,33]","0","0","0","[0,0,0,0,0,0,0,0]","assets/pickups/weapons/gun_cooper.json","False","0.330000","assets/ui/inventory/render/inv_gun_cooper.png","[""MULTIPLY"",""SCREEN""]","False","assets/data/fx/wfx_762_aleph.json","True","False","True","False","True","False","True","False","","","True","False","True","False","False","False","False","False","True","False","True","False","True","False","True","False","False","False","True","False","False","False"
"gun_762_grimler.name","gun_762_grimler.json","gun_762_grimler.description","ARTILLERY_WEAPON","AMMOTYPE_BULLET","","","","","","","","","","","","","","","","","","","","","40","0.077000","20","1","0","1.800000","assets/data/pickups/ammo/pkp_ammo_762_fmj.json","4","60","False","0.285000","assets/data/pickups/weapons/bullets/b_762_fmj.json","1052014697","36301","17366","[140,176,76,221,31,87,54,79]","0","","","","","","","","","","","","","","","","","","","","","","","","","","","","","","-1656875244","62096","17218","[153,214,110,21,210,130,100,230]","BURST/AUTO","0.020000","0","","","","","","45","1.300000","0","0.120000","0.120000","2","-1057198600","18069","18198","[144,179,241,59,1,71,237,232]","","0.250000","2.500000","173657436","42737","18311","[173,125,203,83,211,158,126,116]","2.500000","MAGAZINE","-955080987","242","17727","[165,117,131,79,103,53,17,241]","0","0","0","[0,0,0,0,0,0,0,0]","2.600000","True","0","0","0.750000","","","","","","","","","","","","","8.000000","2.500000","0","0","0","WEAPON","0.651000","0","0","0","[0,0,0,0,0,0,0,0]","1.250000","1423095803","5973","16695","[135,213,49,223,248,185,213,25]","0.500000","-1656875244","62096","17218","[153,214,110,21,210,130,100,230]","7","","","","","","","","","","","","","","","","","","","","","","","","","","","","","","","","","","14","219655577","44655","20156","[164,237,120,14,153,133,177,218]","3","True","","","0.700000","assets/ui/inventory/render/inv_gun_grimler.png","","","","","-278097318","10545","20085","[139,48,25,156,218,88,96,61]","0","0","0","[0,0,0,0,0,0,0,0]","True","0","","110","False","","1","1377918081","37263","18696","[158,218,66,68,206,176,115,164]","","0","False","False","","1","8","0","0","0","0","0","0","[0,0,0,0,0,0,0,0]","0","0","0","[0,0,0,0,0,0,0,0]","assets/pickups/weapons/gun_grimler.json","False","0.660000","assets/ui/inventory/render/inv_gun_grimler.png","[""MULTIPLY"",""SCREEN""]","True","assets/data/fx/wfx_762_aleph.json","True","False","False","False","True","False","True","False","","","True","False","True","False","True","False","False","False","True","False","True","False","True","False","True","False","False","False","False","False","False","False"
"gun_762_porco.name","gun_762_porco.json","gun_762_porco.description","ARTILLERY_WEAPON","AMMOTYPE_BULLET","","","","","","","","","","","","","","","","","","","","","40","0.110000","50","1","0","0.500000","assets/data/pickups/ammo/pkp_ammo_762_fmj.json","4","100","False","0","assets/data/pickups/weapons/bullets/b_762_fmj.json","0","0","0","[0,0,0,0,0,0,0,0]","0","","","","","","","","","","","","","","","","","","","","","","","","","","","","","","-1656875244","62096","17218","[153,214,110,21,210,130,100,230]","BURST/AUTO","0","0","","","","","","54.999985","0.100000","0","1","0.120000","2","-1476017363","24947","18520","[147,130,218,83,141,73,110,197]","","0.100000","2","-1057198600","18069","18198","[144,179,241,59,1,71,237,232]","1","MAGAZINE","1052014697","36301","17366","[140,176,76,221,31,87,54,79]","0","0","0","[0,0,0,0,0,0,0,0]","3.750000","True","0","200","1","","","","","","","","","","","","","8.000000","1.250000","0","0.185000","2","WEAPON","0.500000","0","0","0","[0,0,0,0,0,0,0,0]","1","1423095803","5973","16695","[135,213,49,223,248,185,213,25]","0.500000","-1656875244","62096","17218","[153,214,110,21,210,130,100,230]","13","","","","","","","","","","","","","","","","","","","","","","","","","","","","","","","","","","20","-1206710454","7644","17948","[136,20,144,156,64,240,178,36]","3","True","","","0.660000","assets/ui/inventory/render/inv_gun_porco.png","","","","","0","0","0","[0,0,0,0,0,0,0,0]","0","0","0","[0,0,0,0,0,0,0,0]","True","-49.999992","","120","False","","1","1377918081","37263","18696","[158,218,66,68,206,176,115,164]","","0","False","False","","1","11","0","0","0","0","0","0","[0,0,0,0,0,0,0,0]","0","0","0","[0,0,0,0,0,0,0,0]","assets/pickups/weapons/gun_m60.json","False","0.660000","assets/ui/inventory/render/inv_gun_porco.png","[""MULTIPLY"",""SCREEN""]","False","assets/data/fx/wfx_762_porco.json","False","False","False","False","True","False","True","False","","","True","False","True","False","False","False","False","False","True","False","True","False","True","False","True","False","False","False","False","False","False","False"
"gun_76mm_parliament.name","gun_76mm_parliament.json","gun_76mm_parliament.description","ARTILLERY_WEAPON","AMMOTYPE_BULLET","","","","","","","","","","","","","","","","","","","","","40","4.100000","10","1","0","4.000000","assets/data/pickups/ammo/pkp_ammo_76mm_canister.json","4","75","False","0","assets/data/pickups/weapons/bullets/b_76mm_canister.json","0","0","0","[0,0,0,0,0,0,0,0]","0","","","","","","","","","","","","","","","","","","","","","","","","","","","","","","-1656875244","62096","17218","[153,214,110,21,210,130,100,230]","SEMI-AUTO","0","0","","","","","","90","3.800000","0","3.330000","0.120000","40","0","0","0","[0,0,0,0,0,0,0,0]","","0.100000","0.900000","0","0","0","[0,0,0,0,0,0,0,0]","1","MAGAZINE","0","0","0","[0,0,0,0,0,0,0,0]","0","0","0","[0,0,0,0,0,0,0,0]","4","True","0","500","0","","","","","","","","","","","","","8.000000","1","0","0.600000","2","WEAPON","0.500000","-1505342492","12200","19717","[157,243,74,202,81,182,227,203]","1","1423095803","5973","16695","[135,213,49,223,248,185,213,25]","0.500000","-1656875244","62096","17218","[153,214,110,21,210,130,100,230]","13","","","","","","","","","","","","","","","","","","","","","","","","","","","","","","","","","","33","1209639932","31837","18001","[186,144,20,18,115,124,251,57]","3","False","","","5","assets/ui/hud/HUD_tur_can_02.png","","","","","0","0","0","[0,0,0,0,0,0,0,0]","0","0","0","[0,0,0,0,0,0,0,0]","True","-45","","160","False","","1","1377918081","37263","18696","[158,218,66,68,206,176,115,164]","","0","False","False","","15","58","0","0","0","0","0","0","[0,0,0,0,0,0,0,0]","0","0","0","[0,0,0,0,0,0,0,0]","assets/pickups/weapons/temp_tur.json","False","0.250000","assets/ui/hud/HUD_tur_can_02.png","[""MULTIPLY"",""SCREEN""]","False","assets/data/fx/wfx_cannon_tur_02.json","False","False","True","False","True","False","True","False","","","True","False","True","False","False","False","False","False","True","False","False","False","False","False","False","False","False","False","False","False","False","False"
"gun_84mm_carlos.name","gun_84mm_carlos.json","gun_84mm_carlos.description","ARTILLERY_WEAPON","AMMOTYPE_BULLET","","","","","","","","","","","","","","","","","","","","","100","3","1","1","0","0.750000","assets/data/pickups/ammo/pkp_ammo_84mm_heat.json","4","5","False","0","assets/data/pickups/weapons/bullets/b_84mm_heat.json","0","0","0","[0,0,0,0,0,0,0,0]","0","","","","","","","","","","","","","","","","","","","","","","","","","","","","","","-1656875244","62096","17218","[153,214,110,21,210,130,100,230]","SEMI-AUTO","0","0","","","","","","90","0.200000","0","1","0.120000","40","0","0","0","[0,0,0,0,0,0,0,0]","","2","0.900000","173657436","42737","18311","[173,125,203,83,211,158,126,116]","1","MAGAZINE","-955080987","242","17727","[165,117,131,79,103,53,17,241]","-287034846","45927","20427","[171,176,164,126,250,15,137,183]","4","True","0","30","1","","","","","","","","","","","","","9","0.200000","0","1","10","WEAPON","0.651000","0","0","0","[0,0,0,0,0,0,0,0]","1","1423095803","5973","16695","[135,213,49,223,248,185,213,25]","0.500000","-1656875244","62096","17218","[153,214,110,21,210,130,100,230]","50","","","","","","","","","","","","","","","","","","","","","","","","","","","","","","","","","","12","-973191465","59359","19404","[189,196,219,59,251,197,5,211]","3","False","","","2","assets/ui/inventory/render/inv_gun_carlos.png","","","","","0","0","0","[0,0,0,0,0,0,0,0]","0","0","0","[0,0,0,0,0,0,0,0]","True","-45","","100","False","","1","1377918081","37263","18696","[158,218,66,68,206,176,115,164]","","0","True","False","","1","26","0","0","0","0","0","0","[0,0,0,0,0,0,0,0]","0","0","0","[0,0,0,0,0,0,0,0]","assets/pickups/weapons/gun_carlos.json","False","0.700000","assets/ui/inventory/render/inv_gun_carlos.png","[""MULTIPLY"",""SCREEN""]","False","assets/data/fx/wfx_84mm_carlos.json","False","False","False","False","True","False","True","False","","","True","False","True","False","False","False","False","False","True","False","False","False","True","False","True","False","True","False","False","False","False","False"
"gun_84mm_donkey.name","gun_84mm_donkey.json","gun_84mm_donkey.description","LASER_WEAPON","AMMOTYPE_LASER","","","","","","","","","","","","","","","","","","","","","5","2.400000","1","1","0","3","assets/data/pickups/ammo/pkp_ammo_84mm_heat.json","1","1","True","0","","0","0","0","[0,0,0,0,0,0,0,0]","0","1","1","0","0","0","210","60","0","0","0","0","0","1","0","0","0","0","0","0","0","0","0","0","0","0","0","0","1","1","0","0","0","[0,0,0,0,0,0,0,0]","BURST/AUTO","0","0","0","0","0","0","0","3","3","0","0.900000","0.120000","0","0","0","0","[0,0,0,0,0,0,0,0]","","0.100000","0.350000","0","0","0","[0,0,0,0,0,0,0,0]","1","MAGAZINE","0","0","0","[0,0,0,0,0,0,0,0]","0","0","0","[0,0,0,0,0,0,0,0]","2.400000","True","0","30","0","0","2.500000","0","0","0","0","","0","0","0","0","0","0","0","0","0","0","WEAPON","0.800000","-1505342492","12200","19717","[157,243,74,202,81,182,227,203]","","1423095803","5973","16695","[135,213,49,223,248,185,213,25]","0.500000","-1656875244","62096","17218","[153,214,110,21,210,130,100,230]","-1","True","0","0","[0,0,1,1,0]","0.100000","0","-0.800000","1.500000","-0.800000","-1","4","100","4","0","0","0","0","0","0","0","0","0","0","0","0","0","0","0","assets/data/fx/squibs/pyro_impact_cannon_small_02.json","0","0","0","[0,0,0,0,0,0,0,0]","20","-1067659804","7985","17700","[185,15,33,108,152,166,44,251]","3","False","16","0","0","assets/ui/inventory/render/inv_gun_donkey.png","0","0","0","0","0","0","0","[0,0,0,0,0,0,0,0]","0","0","0","[0,0,0,0,0,0,0,0]","","0","","-1","False","999","1","1377918081","37263","18696","[158,218,66,68,206,176,115,164]","5","0","True","False","","1","50","0","0","0","0","0","0","[0,0,0,0,0,0,0,0]","0","0","0","[0,0,0,0,0,0,0,0]","assets/pickups/weapons/gun_blackhand.json","False","0","assets/ui/inventory/render/inv_gun_donkey.png","[""MULTIPLY"",""SCREEN""]","False","assets/data/fx/wfx_cannon_small_02.json","False","False","True","False","True","False","True","False","False","True","False","False","True","False","False","False","False","False","True","False","False","False","False","False","False","False","False","False","False","False","False","False"
"gun_8mmw_hazer.name","gun_8mmw_hazer.json","gun_8mmw_hazer.description","ARTILLERY_WEAPON","AMMOTYPE_BULLET","","","","","","","","","","","","","","","","","","","","","40","1.100000","35","5","0.060000","0.750000","assets/data/pickups/ammo/pkp_ammo_8mm_wildcat.json","4","140","False","0.160000","assets/data/pickups/weapons/bullets/b_8mm_wildcat.json","139528494","12370","18568","[141,46,4,191,48,157,42,152]","0","","","","","","","","","","","","","","","","","","","","","","","","","","","","","","-1656875244","62096","17218","[153,214,110,21,210,130,100,230]","SEMI-AUTO","0.020000","0","","","","","","45","0.400000","0","0.550000","0.120000","2","60116200","32446","20256","[144,122,216,71,105,168,139,54]","","0.250000","2.750000","1532201229","11715","16607","[153,104,235,18,241,224,240,115]","2","MAGAZINE","0","0","0","[0,0,0,0,0,0,0,0]","0","0","0","[0,0,0,0,0,0,0,0]","4.500000","True","0","0","0.500000","","","","","","","","","","","","","8.000000","0.850000","0","0","7","WEAPON","0.651000","0","0","0","[0,0,0,0,0,0,0,0]","1","1423095803","5973","16695","[135,213,49,223,248,185,213,25]","0.500000","-1656875244","62096","17218","[153,214,110,21,210,130,100,230]","16","","","","","","","","","","","","","","","","","","","","","","","","","","","","","","","","","","20","1047889855","53361","20263","[191,245,83,122,75,15,135,212]","3","True","","","1","assets/ui/hud/HUD_sml_mg_01.png","","","","","0","0","0","[0,0,0,0,0,0,0,0]","0","0","0","[0,0,0,0,0,0,0,0]","True","0","","160","False","","1","1377918081","37263","18696","[158,218,66,68,206,176,115,164]","","0","False","False","","1","24","0","0","0","0","0","0","[0,0,0,0,0,0,0,0]","0","0","0","[0,0,0,0,0,0,0,0]","assets/pickups/weapons/gun_rasmus.json","False","0.660000","assets/ui/hud/HUD_sml_mg_01.png","[""MULTIPLY"",""SCREEN""]","False","assets/data/fx/wfx_762_aleph.json","True","False","False","False","True","False","True","False","","","True","False","True","False","False","False","False","False","True","False","True","False","True","False","False","False","False","False","False","False","False","False"
"gun_8mmw_obrez.name","gun_8mmw_obrez.json","gun_8mmw_obrez.description","ARTILLERY_WEAPON","AMMOTYPE_BULLET","","","","","","","","","","","","","","","","","","","","","40","1","4","1","0","3.500000","assets/data/pickups/ammo/pkp_ammo_8mm_wildcat.json","4","4","False","1","assets/data/pickups/weapons/bullets/b_8mm_wildcat.json","1052014697","36301","17366","[140,176,76,221,31,87,54,79]","0.200000","","","","","","","","","","","","","","","","","","","","","","","","","","","","","","-1656875244","62096","17218","[153,214,110,21,210,130,100,230]","SEMI-AUTO","1.250000","10","","","","","","45","3.500000","0","0.750000","0.120000","2","-1320000840","45252","17546","[169,242,39,57,38,111,110,230]","","0.250000","0.800000","606135825","42618","18552","[148,218,105,37,194,250,222,190]","0.350000","SINGLE_ROUND","0","0","0","[0,0,0,0,0,0,0,0]","0","0","0","[0,0,0,0,0,0,0,0]","1.100000","True","0","0","0","","","","","","","","","","","","","8.000000","1.200000","0","0","0","WEAPON","0.651000","1052014697","36301","17366","[140,176,76,221,31,87,54,79]","1","1423095803","5973","16695","[135,213,49,223,248,185,213,25]","0.200000","-1656875244","62096","17218","[153,214,110,21,210,130,100,230]","8","","","","","","","","","","","","","","","","","","","","","","","","","","","","","","","","","","12","892592882","59789","19136","[176,201,117,158,52,84,250,48]","3","False","","","0","assets/ui/inventory/render/inv_gun_obrez.png","","","","","0","0","0","[0,0,0,0,0,0,0,0]","0","0","0","[0,0,0,0,0,0,0,0]","True","-49.999992","","-1","False","","1","1377918081","37263","18696","[158,218,66,68,206,176,115,164]","","0","True","False","","1","6","0","0","0","0","0","0","[0,0,0,0,0,0,0,0]","0","0","0","[0,0,0,0,0,0,0,0]","assets/pickups/weapons/gun_obrez.json","False","0.330000","assets/ui/inventory/render/inv_gun_obrez.png","[""MULTIPLY"",""SCREEN""]","False","assets/data/fx/wfx_8mm_obrez.json","True","False","True","False","True","False","True","False","","","True","False","True","False","False","False","False","False","True","False","True","False","True","False","False","False","False","False","False","False","False","False"
"gun_8mmw_vbr.name","gun_8mmw_vbr.json","gun_8mmw_vbr.description","ARTILLERY_WEAPON","AMMOTYPE_BULLET","","","","","","","","","","","","","","","","","","","","","60","2.200000","6","1","0","0","assets/data/pickups/ammo/pkp_ammo_8mm_wildcat.json","4","12","False","0","assets/data/pickups/weapons/bullets/b_8mm_wildcat.json","1052014697","36301","17366","[140,176,76,221,31,87,54,79]","0","","","","","","","","","","","","","","","","","","","","","","","","","","","","","","-1656875244","62096","17218","[153,214,110,21,210,130,100,230]","SEMI-AUTO","0.300000","0","","","","","","90","0.050000","0","2.200000","0.120000","2","-1057198600","18069","18198","[144,179,241,59,1,71,237,232]","","0.500000","1.500000","173657436","42737","18311","[173,125,203,83,211,158,126,116]","1","MAGAZINE","-955080987","242","17727","[165,117,131,79,103,53,17,241]","0","0","0","[0,0,0,0,0,0,0,0]","4.500000","True","0","0","1","","","","","","","","","","","","","12","0.300000","0","0.700000","20","WEAPON","0.500000","0","0","0","[0,0,0,0,0,0,0,0]","1","1423095803","5973","16695","[135,213,49,223,248,185,213,25]","0.500000","-1656875244","62096","17218","[153,214,110,21,210,130,100,230]","50","","","","","","","","","","","","","","","","","","","","","","","","","","","","","","","","","","19","217647301","17990","20213","[155,70,136,10,226,225,1,113]","3","True","","","0","assets/ui/inventory/render/inv_gun_voltanbogrifle.png","","","","","0","0","0","[0,0,0,0,0,0,0,0]","0","0","0","[0,0,0,0,0,0,0,0]","True","-49.999958","","100","False","","1","1377918081","37263","18696","[158,218,66,68,206,176,115,164]","","0","False","False","","1","11","0","0","0.200000","-1192864441","343","17832","[156,255,174,84,234,10,248,33]","0","0","0","[0,0,0,0,0,0,0,0]","assets/pickups/weapons/gun_voltanbogrifle.json","False","0.330000","assets/ui/inventory/render/inv_gun_voltanbogrifle.png","[""MULTIPLY"",""SCREEN""]","False","assets/data/fx/wfx_8mm_vbr.json","True","False","False","False","True","False","True","False","","","True","False","True","False","False","False","False","False","True","False","True","False","True","False","True","False","False","False","True","False","False","False"
"gun_8mm_bonesaw.name","gun_8mm_bonesaw.json","gun_8mm_bonesaw.description","ARTILLERY_WEAPON","AMMOTYPE_BULLET","","","","","","","","","","","","","","","","","","","","","40","0","50","1","0.050000","1.750000","assets/data/pickups/ammo/pkp_ammo_8mm_fmj.json","4","50","False","0.080000","assets/data/pickups/weapons/bullets/b_8mm_fmj.json","1965412754","41357","18726","[135,227,114,207,36,182,19,174]","0","","","","","","","","","","","","","","","","","","","","","","","","","","","","","","-1656875244","62096","17218","[153,214,110,21,210,130,100,230]","BURST/AUTO","0.020000","0","","","","","","60","0.200000","0","0.200000","0.120000","2","-1476017363","24947","18520","[147,130,218,83,141,73,110,197]","","1","3.500000","-1057198600","18069","18198","[144,179,241,59,1,71,237,232]","3","MAGAZINE","1052014697","36301","17366","[140,176,76,221,31,87,54,79]","0","0","0","[0,0,0,0,0,0,0,0]","6","True","0","0","1","","","","","","","","","","","","","9","1","0","0","4","WEAPON","0.651000","0","0","0","[0,0,0,0,0,0,0,0]","1.250000","1423095803","5973","16695","[135,213,49,223,248,185,213,25]","0.500000","-1656875244","62096","17218","[153,214,110,21,210,130,100,230]","16","","","","","","","","","","","","","","","","","","","","","","","","","","","","","","","","","","25","0","0","0","[0,0,0,0,0,0,0,0]","3","True","","","0.750000","assets/ui/inventory/render/inv_gun_bonesaw.png","","","","","-509861591","30593","17863","[173,115,169,229,125,133,87,82]","0","0","0","[0,0,0,0,0,0,0,0]","True","0","","120","False","","1","1377918081","37263","18696","[158,218,66,68,206,176,115,164]","","0","False","False","","1","15","0","0","0","0","0","0","[0,0,0,0,0,0,0,0]","0","0","0","[0,0,0,0,0,0,0,0]","assets/pickups/weapons/gun_bonesaw.json","False","1","assets/ui/inventory/render/inv_gun_bonesaw.png","[""MULTIPLY"",""SCREEN""]","True","assets/data/fx/wfx_8mm_bonesaw.json","True","False","False","False","True","False","True","False","","","True","False","False","False","True","False","False","False","True","False","True","False","True","False","True","False","False","False","False","False","False","False"
"gun_8mm_edvenice.name","gun_8mm_edvenice.json","gun_8mm_edvenice.description","ARTILLERY_WEAPON","AMMOTYPE_BULLET","","","","","","","","","","","","","","","","","","","","","100","1","1","1","0","3","assets/data/pickups/ammo/pkp_ammo_8mm_fmj.json","4","1","False","0","assets/data/pickups/weapons/bullets/b_8mm_fmj.json","-955080987","242","17727","[165,117,131,79,103,53,17,241]","0","","","","","","","","","","","","","","","","","","","","","","","","","","","","","","0","0","0","[0,0,0,0,0,0,0,0]","SEMI-AUTO","0","0","","","","","","30","1.700000","0","1","0.120000","0","-545799497","64253","20024","[150,94,229,172,117,210,30,147]","","0.100000","3","173657436","42737","18311","[173,125,203,83,211,158,126,116]","1","MAGAZINE","0","0","0","[0,0,0,0,0,0,0,0]","0","0","0","[0,0,0,0,0,0,0,0]","5.250000","True","0","1","0.400000","","","","","","","","","","","","","12","0.400000","0","1","0","WEAPON","0.500000","0","0","0","[0,0,0,0,0,0,0,0]","1","1423095803","5973","16695","[135,213,49,223,248,185,213,25]","0.500000","-1656875244","62096","17218","[153,214,110,21,210,130,100,230]","4","","","","","","","","","","","","","","","","","","","","","","","","","","","","","","","","","","14","1050133469","62275","17356","[166,215,96,200,248,94,175,190]","3","False","","","-0.250000","assets/ui/inventory/render/inv_gun_edvenice.png","","","","","0","0","0","[0,0,0,0,0,0,0,0]","0","0","0","[0,0,0,0,0,0,0,0]","True","-49.999992","","-1","False","","1","1377918081","37263","18696","[158,218,66,68,206,176,115,164]","","1337","True","False","","1","3","0","0","0","0","0","0","[0,0,0,0,0,0,0,0]","0","0","0","[0,0,0,0,0,0,0,0]","assets/pickups/weapons/gun_edvenice.json","False","0.100000","assets/ui/inventory/render/inv_gun_edvenice.png","[""MULTIPLY"",""SCREEN""]","False","assets/data/fx/wfx_357mag_hilfmir.json","True","False","False","False","True","False","True","False","","","False","False","True","False","False","False","False","False","True","False","True","False","True","False","False","False","False","False","False","False","False","False"
"gun_8mm_rasmus.name","gun_8mm_rasmus.json","gun_8mm_rasmus.description","ARTILLERY_WEAPON","AMMOTYPE_BULLET","","","","","","","","","","","","","","","","","","","","","40","0.150000","25","1","0","0.750000","assets/data/pickups/ammo/pkp_ammo_8mm_fmj.json","4","75","False","0.200000","assets/data/pickups/weapons/bullets/b_8mm_fmj.json","1052014697","36301","17366","[140,176,76,221,31,87,54,79]","0","","","","","","","","","","","","","","","","","","","","","","","","","","","","","","-1656875244","62096","17218","[153,214,110,21,210,130,100,230]","BURST/AUTO","0.020000","0","","","","","","45","0.500000","0","0.200000","0.120000","0","-1057198600","18069","18198","[144,179,241,59,1,71,237,232]","","1","3","173657436","42737","18311","[173,125,203,83,211,158,126,116]","2","MAGAZINE","-955080987","242","17727","[165,117,131,79,103,53,17,241]","0","0","0","[0,0,0,0,0,0,0,0]","4.500000","True","0","0","0.750000","","","","","","","","","","","","","8.000000","0.850000","0","0","4","WEAPON","0.651000","0","0","0","[0,0,0,0,0,0,0,0]","1","1423095803","5973","16695","[135,213,49,223,248,185,213,25]","0.500000","-1656875244","62096","17218","[153,214,110,21,210,130,100,230]","-1","","","","","","","","","","","","","","","","","","","","","","","","","","","","","","","","","","20","1050133469","62275","17356","[166,215,96,200,248,94,175,190]","3","True","","","0.500000","assets/ui/inventory/render/inv_gun_rasmus.png","","","","","0","0","0","[0,0,0,0,0,0,0,0]","0","0","0","[0,0,0,0,0,0,0,0]","True","0","","-1","False","","1","1377918081","37263","18696","[158,218,66,68,206,176,115,164]","","0","False","False","","1","14","0","0","0","0","0","0","[0,0,0,0,0,0,0,0]","0","0","0","[0,0,0,0,0,0,0,0]","assets/pickups/weapons/gun_rasmus.json","False","0.660000","assets/ui/inventory/render/inv_gun_rasmus.png","[""MULTIPLY"",""SCREEN""]","False","assets/data/fx/wfx_8mm_rasmus.json","True","False","False","False","True","False","True","False","","","True","False","True","False","False","False","False","False","True","False","True","False","True","False","True","False","False","False","False","False","False","False"
"gun_90mm_kraken.name","gun_90mm_kraken.json","gun_90mm_kraken.description","ARTILLERY_WEAPON","AMMOTYPE_BULLET","","","","","","","","","","","","","","","","","","","","","70","1.100000","10","1","0","0.500000","assets/data/pickups/ammo/pkp_ammo_90mm_beehive.json","4","75","False","0","assets/data/pickups/weapons/bullets/b_90mm_beehive.json","0","0","0","[0,0,0,0,0,0,0,0]","0","","","","","","","","","","","","","","","","","","","","","","","","","","","","","","-1656875244","62096","17218","[153,214,110,21,210,130,100,230]","BURST/AUTO","0","0","","","","","","60","0.200000","0","0.500000","0.120000","30","0","0","0","[0,0,0,0,0,0,0,0]","","0.100000","0.900000","0","0","0","[0,0,0,0,0,0,0,0]","1","MAGAZINE","0","0","0","[0,0,0,0,0,0,0,0]","0","0","0","[0,0,0,0,0,0,0,0]","4.400000","True","0","500","0.300000","","","","","","","","","","","","","12","0.400000","0","0.700000","3","WEAPON","0.500000","0","0","0","[0,0,0,0,0,0,0,0]","1","1423095803","5973","16695","[135,213,49,223,248,185,213,25]","0.500000","-1656875244","62096","17218","[153,214,110,21,210,130,100,230]","12","","","","","","","","","","","","","","","","","","","","","","","","","","","","","","","","","","0","1209639932","31837","18001","[186,144,20,18,115,124,251,57]","3","False","","","6","assets/ui/hud/HUD_hvy_mg_02.png","","","","","0","0","0","[0,0,0,0,0,0,0,0]","0","0","0","[0,0,0,0,0,0,0,0]","True","-45","","200","False","","1","1377918081","37263","18696","[158,218,66,68,206,176,115,164]","","0","False","False","","1","439","0","0","0","0","0","0","[0,0,0,0,0,0,0,0]","0","0","0","[0,0,0,0,0,0,0,0]","assets/pickups/weapons/temp_main.json","False","0.500000","assets/ui/hud/HUD_hvy_mg_02.png","[""MULTIPLY"",""SCREEN""]","False","assets/data/fx/wfx_mg_heavy_02.json","False","False","False","False","True","False","True","False","","","True","False","True","False","False","False","False","False","True","False","False","False","False","False","False","False","False","False","False","False","False","False"
"gun_9mm_amiguito.name","gun_9mm_amiguito.json","gun_9mm_amiguito.description","ARTILLERY_WEAPON","AMMOTYPE_BULLET","","","","","","","","","","","","","","","","","","","","","40","0.095000","22","1","0","0","assets/data/pickups/ammo/pkp_ammo_9mm_fmj.json","4","25","False","0.300000","assets/data/pickups/weapons/bullets/b_9mm_fmj.json","1052014697","36301","17366","[140,176,76,221,31,87,54,79]","0","","","","","","","","","","","","","","","","","","","","","","","","","","","","","","-1656875244","62096","17218","[153,214,110,21,210,130,100,230]","BURST/AUTO","0.020000","0","","","","","","45","0.850000","0","0.100000","0.120000","1","60116200","32446","20256","[144,122,216,71,105,168,139,54]","","0.275000","1.850000","173657436","42737","18311","[173,125,203,83,211,158,126,116]","1.500000","MAGAZINE","-955080987","242","17727","[165,117,131,79,103,53,17,241]","0","0","0","[0,0,0,0,0,0,0,0]","3.200000","True","0","0","0.600000","","","","","","","","","","","","","7.000000","2.500000","0","0","0","WEAPON","0.651000","0","0","0","[0,0,0,0,0,0,0,0]","1","1423095803","5973","16695","[135,213,49,223,248,185,213,25]","0.225000","-1656875244","62096","17218","[153,214,110,21,210,130,100,230]","7","","","","","","","","","","","","","","","","","","","","","","","","","","","","","","","","","","8","0","0","0","[0,0,0,0,0,0,0,0]","3","False","","","-0.330000","assets/ui/inventory/render/inv_gun_amiguito.png","","","","","-1540736385","35637","17658","[151,207,60,101,118,158,105,129]","0","0","0","[0,0,0,0,0,0,0,0]","True","-49.999958","","90","False","","1","1377918081","37263","18696","[158,218,66,68,206,176,115,164]","","0","True","False","","1","5","0","0","0","0","0","0","[0,0,0,0,0,0,0,0]","0","0","0","[0,0,0,0,0,0,0,0]","assets/pickups/weapons/gun_amiguito.json","False","0.330000","assets/ui/inventory/render/inv_gun_amiguito.png","[""MULTIPLY"",""SCREEN""]","True","assets/data/fx/wfx_9mm_heino9.json","True","False","False","False","True","False","True","False","","","True","False","False","False","True","False","False","False","True","False","True","False","True","False","True","False","False","False","False","False","False","False"
"gun_9mm_catfish.name","gun_9mm_catfish.json","gun_9mm_catfish.description","ARTILLERY_WEAPON","AMMOTYPE_BULLET","","","","","","","","","","","","","","","","","","","","","40","0.275000","6","1","0","1.100000","assets/data/pickups/ammo/pkp_ammo_9mm_fmj.json","4","6","False","0.250000","assets/data/pickups/weapons/bullets/b_9mm_fmj.json","173657436","42737","18311","[173,125,203,83,211,158,126,116]","0.100000","","","","","","","","","","","","","","","","","","","","","","","","","","","","","","-1656875244","62096","17218","[153,214,110,21,210,130,100,230]","SEMI-AUTO","0.020000","0","","","","","","45","1.100000","0","0.150000","0.120000","0.100000","-181921828","37716","17988","[136,209,219,9,89,251,171,109]","","0.150000","0.300000","606135825","42618","18552","[148,218,105,37,194,250,222,190]","0.500000","SINGLE_ROUND","0","0","0","[0,0,0,0,0,0,0,0]","0","0","0","[0,0,0,0,0,0,0,0]","0.600000","True","0","0","0","","","","","","","","","","","","","5.000000","1.250000","0","0","0","WEAPON","0.651000","0","0","0","[0,0,0,0,0,0,0,0]","1","1423095803","5973","16695","[135,213,49,223,248,185,213,25]","0.225000","-1656875244","62096","17218","[153,214,110,21,210,130,100,230]","12","","","","","","","","","","","","","","","","","","","","","","","","","","","","","","","","","","8","828780570","35362","18751","[160,218,172,108,242,24,251,222]","3","False","","","0","assets/ui/inventory/render/inv_gun_catfish.png","","","","","0","0","0","[0,0,0,0,0,0,0,0]","0","0","0","[0,0,0,0,0,0,0,0]","True","-49.999962","","-1","False","","1","1377918081","37263","18696","[158,218,66,68,206,176,115,164]","","0","True","False","","1","4","0","0","0","0","0","0","[0,0,0,0,0,0,0,0]","0","0","0","[0,0,0,0,0,0,0,0]","assets/pickups/weapons/gun_catfish.json","False","0.330000","assets/ui/inventory/render/inv_gun_catfish.png","[""MULTIPLY"",""SCREEN""]","False","assets/data/fx/wfx_9mm_catfish.json","True","False","False","False","True","False","True","False","","","True","False","True","False","False","False","False","False","True","False","True","False","True","False","False","False","False","False","False","False","False","False"
"gun_9mm_handlebar.name","gun_9mm_handlebar.json","gun_9mm_handlebar.description","ARTILLERY_WEAPON","AMMOTYPE_BULLET","","","","","","","","","","","","","","","","","","","","","40","0.090000","25","1","0","5.500000","assets/data/pickups/ammo/pkp_ammo_9mm_fmj.json","4","25","False","0.300000","assets/data/pickups/weapons/bullets/b_9mm_fmj.json","1052014697","36301","17366","[140,176,76,221,31,87,54,79]","0","","","","","","","","","","","","","","","","","","","","","","","","","","","","","","-1656875244","62096","17218","[153,214,110,21,210,130,100,230]","BURST/AUTO","0.020000","0","","","","","","45","5.500000","0","0.100000","0.120000","0","60116200","32446","20256","[144,122,216,71,105,168,139,54]","","0.275000","1.850000","173657436","42737","18311","[173,125,203,83,211,158,126,116]","1.500000","MAGAZINE","-955080987","242","17727","[165,117,131,79,103,53,17,241]","0","0","0","[0,0,0,0,0,0,0,0]","3.200000","True","0","0","0.750000","","","","","","","","","","","","","8.000000","2.500000","0","0","0","WEAPON","0.651000","0","0","0","[0,0,0,0,0,0,0,0]","1","1423095803","5973","16695","[135,213,49,223,248,185,213,25]","0.225000","-1656875244","62096","17218","[153,214,110,21,210,130,100,230]","8","","","","","","","","","","","","","","","","","","","","","","","","","","","","","","","","","","8","0","0","0","[0,0,0,0,0,0,0,0]","3","True","","","0","assets/ui/inventory/render/inv_gun_handlebar.png","","","","","-1540736385","35637","17658","[151,207,60,101,118,158,105,129]","0","0","0","[0,0,0,0,0,0,0,0]","True","-49.999958","","-1","False","","1","1377918081","37263","18696","[158,218,66,68,206,176,115,164]","","0","True","False","","1","7","0","0","0","0","0","0","[0,0,0,0,0,0,0,0]","0","0","0","[0,0,0,0,0,0,0,0]","assets/pickups/weapons/gun_handlebar.json","False","0.330000","assets/ui/inventory/render/inv_gun_handlebar.png","[""MULTIPLY"",""SCREEN""]","True","assets/data/fx/wfx_9mm_heino9.json","True","False","False","False","True","False","True","False","","","True","False","False","False","True","False","False","False","True","False","True","False","True","False","True","False","False","False","False","False","False","False"
"gun_9mm_heino9.name","gun_9mm_heino9.json","gun_9mm_heino9.description","ARTILLERY_WEAPON","AMMOTYPE_BULLET","","","","","","","","","","","","","","","","","","","","","40","0.045000","34","2","0.045000","0","assets/data/pickups/ammo/pkp_ammo_9mm_fmj.json","4","34","False","0.300000","assets/data/pickups/weapons/bullets/b_9mm_fmj.json","1052014697","36301","17366","[140,176,76,221,31,87,54,79]","0","","","","","","","","","","","","","","","","","","","","","","","","","","","","","","-1656875244","62096","17218","[153,214,110,21,210,130,100,230]","BURST/AUTO","0","0","","","","","","45","1.000000","0","0.200000","0.120000","0","60116200","32446","20256","[144,122,216,71,105,168,139,54]","","0.500000","1.750000","173657436","42737","18311","[173,125,203,83,211,158,126,116]","1.250000","MAGAZINE","-955080987","242","17727","[165,117,131,79,103,53,17,241]","0","0","0","[0,0,0,0,0,0,0,0]","2.500000","True","0","0","0.750000","","","","","","","","","","","","","8.000000","2.500000","0","0","0","WEAPON","0.651000","0","0","0","[0,0,0,0,0,0,0,0]","0.800000","1423095803","5973","16695","[135,213,49,223,248,185,213,25]","0.500000","-1656875244","62096","17218","[153,214,110,21,210,130,100,230]","8","","","","","","","","","","","","","","","","","","","","","","","","","","","","","","","","","","14","0","0","0","[0,0,0,0,0,0,0,0]","3","False","","","0","assets/ui/inventory/render/inv_gun_heino9.png","","","","","-2076408011","43760","18379","[191,143,20,181,108,16,172,163]","0","0","0","[0,0,0,0,0,0,0,0]","True","-49.999992","","90","False","","1","1377918081","37263","18696","[158,218,66,68,206,176,115,164]","","0","False","False","","1","5","0","0","0","0","0","0","[0,0,0,0,0,0,0,0]","0","0","0","[0,0,0,0,0,0,0,0]","assets/pickups/weapons/gun_heino9.json","True","0.330000","assets/ui/inventory/render/inv_gun_heino9.png","[""MULTIPLY"",""SCREEN""]","True","assets/data/fx/wfx_9mm_heino9.json","True","False","False","False","True","False","True","False","","","True","False","False","False","True","False","False","False","True","False","True","False","True","False","True","False","False","False","False","False","False","False"
"gun_9mm_oxhorni.name","gun_9mm_oxhorni.json","gun_9mm_oxhorni.description","ARTILLERY_WEAPON","AMMOTYPE_BULLET","","","","","","","","","","","","","","","","","","","","","40","0.600000","21","3","0.120000","1.000000","assets/data/pickups/ammo/pkp_ammo_9mm_fmj.json","4","25","False","0.330000","assets/data/pickups/weapons/bullets/b_9mm_fmj.json","1052014697","36301","17366","[140,176,76,221,31,87,54,79]","0","","","","","","","","","","","","","","","","","","","","","","","","","","","","","","-1656875244","62096","17218","[153,214,110,21,210,130,100,230]","SEMI-AUTO","0.020000","0","","","","","","45","0.660000","0","0.500000","0.120000","1","60116200","32446","20256","[144,122,216,71,105,168,139,54]","","0.275000","1.850000","173657436","42737","18311","[173,125,203,83,211,158,126,116]","1.500000","MAGAZINE","-955080987","242","17727","[165,117,131,79,103,53,17,241]","0","0","0","[0,0,0,0,0,0,0,0]","2.100000","True","0","0","0.600000","","","","","","","","","","","","","8.000000","2","0","0","1","WEAPON","0.651000","0","0","0","[0,0,0,0,0,0,0,0]","1","1423095803","5973","16695","[135,213,49,223,248,185,213,25]","0.225000","-1656875244","62096","17218","[153,214,110,21,210,130,100,230]","11","","","","","","","","","","","","","","","","","","","","","","","","","","","","","","","","","","10","828780570","35362","18751","[160,218,172,108,242,24,251,222]","3","True","","","-0.250000","assets/ui/inventory/render/inv_gun_oxhorni.png","","","","","-1540736385","35637","17658","[151,207,60,101,118,158,105,129]","0","0","0","[0,0,0,0,0,0,0,0]","True","-49.999958","","90","False","","1","1377918081","37263","18696","[158,218,66,68,206,176,115,164]","","0","True","False","","1","6","0","0","0","0","0","0","[0,0,0,0,0,0,0,0]","0","0","0","[0,0,0,0,0,0,0,0]","assets/pickups/weapons/gun_oxhorni.json","False","0.330000","assets/ui/inventory/render/inv_gun_oxhorni.png","[""MULTIPLY"",""SCREEN""]","False","assets/data/fx/wfx_9mm_heino9.json","True","False","False","False","True","False","True","False","","","True","False","True","False","True","False","False","False","True","False","True","False","True","False","True","False","False","False","False","False","False","False"
"gun_9mm_skotak.name","gun_9mm_skotak.json","gun_9mm_skotak.description","ARTILLERY_WEAPON","AMMOTYPE_BULLET","","","","","","","","","","","","","","","","","","","","","40","0.440000","11","1","0","1.000000","assets/data/pickups/ammo/pkp_ammo_9mm_fmj.json","4","25","False","0.400000","assets/data/pickups/weapons/bullets/b_9mm_fmj.json","1052014697","36301","17366","[140,176,76,221,31,87,54,79]","0","","","","","","","","","","","","","","","","","","","","","","","","","","","","","","-1656875244","62096","17218","[153,214,110,21,210,130,100,230]","SEMI-AUTO","0.020000","0","","","","","","45","0.100000","0","0.170000","0.120000","1","60116200","32446","20256","[144,122,216,71,105,168,139,54]","","0.275000","1.850000","173657436","42737","18311","[173,125,203,83,211,158,126,116]","1.500000","MAGAZINE","-955080987","242","17727","[165,117,131,79,103,53,17,241]","0","0","0","[0,0,0,0,0,0,0,0]","2.100000","True","0","0","0.300000","","","","","","","","","","","","","6","1","0","0","3.500000","WEAPON","0.651000","0","0","0","[0,0,0,0,0,0,0,0]","1","1423095803","5973","16695","[135,213,49,223,248,185,213,25]","0.225000","-1656875244","62096","17218","[153,214,110,21,210,130,100,230]","10","","","","","","","","","","","","","","","","","","","","","","","","","","","","","","","","","","10","828780570","35362","18751","[160,218,172,108,242,24,251,222]","3","True","","","0","assets/ui/inventory/render/inv_gun_skotak.png","","","","","0","0","0","[0,0,0,0,0,0,0,0]","0","0","0","[0,0,0,0,0,0,0,0]","True","-49.999958","","80","False","","1","1377918081","37263","18696","[158,218,66,68,206,176,115,164]","","0","True","False","","1","7","0","0","0","0","0","0","[0,0,0,0,0,0,0,0]","0","0","0","[0,0,0,0,0,0,0,0]","assets/pickups/weapons/gun_skotak.json","False","0.330000","assets/ui/inventory/render/inv_gun_skotak.png","[""MULTIPLY"",""SCREEN""]","False","assets/data/fx/wfx_9mm_heino9.json","True","False","False","False","True","False","True","False","","","True","False","True","False","False","False","False","False","True","False","True","False","True","False","True","False","False","False","False","False","False","False"
"gun_9mm_stapler.name","gun_9mm_stapler.json","gun_9mm_stapler.description","ARTILLERY_WEAPON","AMMOTYPE_BULLET","","","","","","","","","","","","","","","","","","","","","40","0.800000","25","1","0","3","assets/data/pickups/ammo/pkp_ammo_9mm_fmj.json","4","25","False","0.300000","assets/data/pickups/weapons/bullets/b_9mm_fmj.json","1052014697","36301","17366","[140,176,76,221,31,87,54,79]","0.300000","","","","","","","","","","","","","","","","","","","","","","","","","","","","","","-1656875244","62096","17218","[153,214,110,21,210,130,100,230]","SEMI-AUTO","0.020000","0","","","","","","45","3","0","0.450000","0.120000","0","-545799497","64253","20024","[150,94,229,172,117,210,30,147]","","0.150000","0.500000","0","0","0","[0,0,0,0,0,0,0,0]","0.500000","SINGLE_ROUND","0","0","0","[0,0,0,0,0,0,0,0]","0","0","0","[0,0,0,0,0,0,0,0]","0.800000","True","0","0","0.750000","","","","","","","","","","","","","8.000000","2.500000","0","0","0","WEAPON","0.651000","1052014697","36301","17366","[140,176,76,221,31,87,54,79]","1","1423095803","5973","16695","[135,213,49,223,248,185,213,25]","0.225000","-1656875244","62096","17218","[153,214,110,21,210,130,100,230]","4","","","","","","","","","","","","","","","","","","","","","","","","","","","","","","","","","","8","1845323155","19389","20158","[149,14,185,182,94,146,184,96]","3","False","","","0","assets/ui/inventory/render/inv_gun_stapler.png","","","","","0","0","0","[0,0,0,0,0,0,0,0]","0","0","0","[0,0,0,0,0,0,0,0]","True","-49.999958","","-1","False","","1","1377918081","37263","18696","[158,218,66,68,206,176,115,164]","","0","True","False","","1","5","0","0","0","0","0","0","[0,0,0,0,0,0,0,0]","0","0","0","[0,0,0,0,0,0,0,0]","assets/pickups/weapons/gun_stapler.json","False","0.330000","assets/ui/inventory/render/inv_gun_stapler.png","[""MULTIPLY"",""SCREEN""]","False","assets/data/fx/wfx_9mm_stapler.json","True","False","True","False","True","False","True","False","","","True","False","True","False","False","False","False","False","True","False","True","False","False","False","False","False","False","False","False","False","False","False"
"gun_9mm_tilo.name","gun_9mm_tilo.json","gun_9mm_tilo.description","ARTILLERY_WEAPON","AMMOTYPE_BULLET","","","","","","","","","","","","","","","","","","","","","40","0.500000","27","3","0.065000","0.220000","assets/data/pickups/ammo/pkp_ammo_9mm_fmj.json","4","27","False","0.285000","assets/data/pickups/weapons/bullets/b_9mm_fmj.json","1052014697","36301","17366","[140,176,76,221,31,87,54,79]","0","","","","","","","","","","","","","","","","","","","","","","","","","","","","","","-1656875244","62096","17218","[153,214,110,21,210,130,100,230]","SEMI-AUTO","0.010000","0","","","","","","45","0.150000","0","0.330000","0.120000","0","60116200","32446","20256","[144,122,216,71,105,168,139,54]","","0.250000","1.750000","173657436","42737","18311","[173,125,203,83,211,158,126,116]","1.250000","MAGAZINE","-955080987","242","17727","[165,117,131,79,103,53,17,241]","0","0","0","[0,0,0,0,0,0,0,0]","3.330000","True","0","0","0.660000","","","","","","","","","","","","","4.660000","1.800000","0","0","1","WEAPON","0.651000","0","0","0","[0,0,0,0,0,0,0,0]","1.500000","1423095803","5973","16695","[135,213,49,223,248,185,213,25]","0.500000","-1656875244","62096","17218","[153,214,110,21,210,130,100,230]","11","","","","","","","","","","","","","","","","","","","","","","","","","","","","","","","","","","12","0","0","0","[0,0,0,0,0,0,0,0]","3","True","","","-1","assets/ui/inventory/render/inv_gun_tilo.png","","","","","236808407","62153","17866","[133,199,34,180,55,174,118,64]","0","0","0","[0,0,0,0,0,0,0,0]","True","-49.999958","","-1","False","","1","1377918081","37263","18696","[158,218,66,68,206,176,115,164]","","0","False","False","","1","7","0","0","0","0","0","0","[0,0,0,0,0,0,0,0]","0","0","0","[0,0,0,0,0,0,0,0]","assets/pickups/weapons/gun_tilo.json","True","0.330000","assets/ui/inventory/render/inv_gun_tilo.png","[""MULTIPLY"",""SCREEN""]","True","assets/data/fx/wfx_9mm_tilo.json","True","False","False","False","True","False","True","False","","","True","False","False","False","True","False","False","False","True","False","True","False","True","False","True","False","False","False","False","False","False","False"
"gun_akp.name","gun_akp.json","gun_akp.description","LASER_WEAPON","AMMOTYPE_LASER","","","","","","","","","","","","","","","","","","","","","13","0.250000","500","1","0","24.999996","","1","75","False","0","","0","0","0","[0,0,0,0,0,0,0,0]","0","1","1","0","0","0","9","0","0","0","0","0","0","3","0","0","0","0","0","0","0","0","0","0","0","0","0","0","20","2","0","0","0","[0,0,0,0,0,0,0,0]","BURST/AUTO","0","0","0","30","1","1.500000","20","24.999996","24.999996","0","0.900000","0.120000","50","0","0","0","[0,0,0,0,0,0,0,0]","","0.100000","0.350000","0","0","0","[0,0,0,0,0,0,0,0]","1","MAGAZINE","0","0","0","[0,0,0,0,0,0,0,0]","0","0","0","[0,0,0,0,0,0,0,0]","8","False","0","75","0","2.500000","2.500000","0.500000","110.999977","0","1.500000","[""assets/fx/beams/laser_multiply.png"",""assets/fx/beams/laser_screen.png""]","15","0.403000","0.500000","0.727000","0.500000","24.999996","0","0","0","0","WEAPON","0.800000","0","0","0","[0,0,0,0,0,0,0,0]","","1423095803","5973","16695","[135,213,49,223,248,185,213,25]","0.500000","-1656875244","62096","17218","[153,214,110,21,210,130,100,230]","-1","True","0","0","[0,0,1,1,0]","0.100000","0","-1","1.500000","-1","-1","4","0","4","0","0","0","0","0","0","0","0","0","0","0","0","0","0","0","","0","0","0","[0,0,0,0,0,0,0,0]","50","-1467257513","7903","17379","[183,88,97,189,230,198,134,207]","3","False","1","0","0","assets/ui/hud/HUD_defense_boom.png","-0.200000","3","-0.200000","-0.200000","0","0","0","[0,0,0,0,0,0,0,0]","0","0","0","[0,0,0,0,0,0,0,0]","","45","","-1","False","2000","1","1377918081","37263","18696","[158,218,66,68,206,176,115,164]","4","0","False","False","","20","35","0","0","0","0","0","0","[0,0,0,0,0,0,0,0]","0","0","0","[0,0,0,0,0,0,0,0]","assets/pickups/weapons/gun_blackhand.json","False","0","assets/ui/hud/HUD_defense_boom.png","[""MULTIPLY"",""SCREEN""]","False","assets/data/fx/wfx_special_shockwave_01.json","False","False","False","False","True","False","True","False","False","True","False","False","True","False","False","False","False","False","True","False","False","False","False","False","False","False","False","False","False","False","False","False"
"gun_alloy_frank.name","gun_alloy_frank.json","gun_alloy_frank.description","LASER_WEAPON","AMMOTYPE_LASER","","","","","","","","","","","","","","","","","","","","","1.200000","0.040000","500","8","0","0","assets/data/pickups/ammo/pkp_ammo_alloy_rod.json","1","75","True","0","","0","0","0","[0,0,0,0,0,0,0,0]","0","1","1","0","0","0","0.050000","0","0","0","0","0","0","0.900000","0","0","0","0","0","0","0","0","0","0","0","0","0","0","0.660000","1","0","0","0","[0,0,0,0,0,0,0,0]","BURST/AUTO","0","0","0","0.175000","0.660000","1","2","6","6","0","0.900000","0.120000","0","0","0","0","[0,0,0,0,0,0,0,0]","","0.100000","0.350000","0","0","0","[0,0,0,0,0,0,0,0]","1","MAGAZINE","0","0","0","[0,0,0,0,0,0,0,0]","0","0","0","[0,0,0,0,0,0,0,0]","7.500000","True","0","75","0","0.010000","0.030000","0.279000","340.578033","1","2.308000","[""assets/fx/beams/laser_multiply_02.png"",""assets/fx/beams/laser_screen_02.png""]","6.865000","0.403000","0.890000","0.443000","0","6","0","0","0","0","WEAPON","0.800000","0","0","0","[0,0,0,0,0,0,0,0]","","1423095803","5973","16695","[135,213,49,223,248,185,213,25]","0.500000","-1656875244","62096","17218","[153,214,110,21,210,130,100,230]","-1","True","0","0","[0,0,1,1,0]","0.100000","0","0","0","0","0","2","0","0.200000","0","0","0","0","0","0","0","0","0","0","0","0","0","0","0","","0","0","0","[0,0,0,0,0,0,0,0]","6","0","0","0","[0,0,0,0,0,0,0,0]","3","False","3","0","0","assets/ui/inventory/render/inv_gun_frank.png","-0.800000","0.500000","-0.500000","-0.250000","-1398486894","4661","16556","[133,98,96,82,251,9,210,146]","-1333030212","25920","19960","[165,192,232,250,142,56,246,147]","","-49.999992","","-1","False","0","1","1377918081","37263","18696","[158,218,66,68,206,176,115,164]","4","0","True","False","","8","13","0","0","0","0","0","0","[0,0,0,0,0,0,0,0]","0","0","0","[0,0,0,0,0,0,0,0]","assets/pickups/weapons/temp_aux.json","False","0","assets/ui/inventory/render/inv_gun_frank.png","[""MULTIPLY"",""SCREEN""]","True","assets/data/fx/wfx_alloy_frank.json","False","False","False","False","True","False","True","False","False","True","False","False","False","False","True","False","True","False","True","False","False","False","False","False","False","False","False","False","False","False","False","False"
"gun_bigsmoke.name","gun_bigsmoke.json","gun_bigsmoke.description","ARTILLERY_WEAPON","AMMOTYPE_BULLET","","","","","","","","","","","","","","","","","","","","","20","1","12","1","0","13.999998","","0","1","True","0","assets/data/pickups/weapons/bullets/b_g_smoke.json","0","0","0","[0,0,0,0,0,0,0,0]","0","","","","","","","","","","","","","","","","","","","","","","","","","","","","","","0","0","0","[0,0,0,0,0,0,0,0]","SEMI-AUTO","0","0","","","","","","360","13.999998","0","1","0.250000","0","0","0","0","[0,0,0,0,0,0,0,0]","","0.200000","0.900000","0","0","0","[0,0,0,0,0,0,0,0]","0","MAGAZINE","0","0","0","[0,0,0,0,0,0,0,0]","0","0","0","[0,0,0,0,0,0,0,0]","2","False","0","1","1","","","","","","","","","","","","","0","5","0","1","0","WEAPON","0.001000","0","0","0","[0,0,0,0,0,0,0,0]","0.200000","0","0","0","[0,0,0,0,0,0,0,0]","0.500000","0","0","0","[0,0,0,0,0,0,0,0]","-1","","","","","","","","","","","","","","","","","","","","","","","","","","","","","","","","","","0","1424430113","38796","16449","[173,228,222,64,25,194,30,61]","4","False","","","0","assets/ui/inventory/render/inv_ammo_g_smoke.png","","","","","0","0","0","[0,0,0,0,0,0,0,0]","0","0","0","[0,0,0,0,0,0,0,0]","True","-49.999958","","-1","False","","1","0","0","0","[0,0,0,0,0,0,0,0]","","0","True","False","point","15","33","0","0","0","0","0","0","[0,0,0,0,0,0,0,0]","0","0","0","[0,0,0,0,0,0,0,0]","assets/pickups/weapons/gun_smoke.json","True","0.330000","assets/ui/inventory/render/inv_ammo_g_smoke.png","[""MULTIPLY"",""SCREEN""]","False","assets/data/fx/wfx_special_smoke_01.json","False","False","False","False","False","False","False","False","","","False","False","True","False","False","False","False","False","False","False","False","False","False","False","False","False","False","False","False","False","False","False"
"gun_binoculars.name","gun_binoculars.json","gun_binoculars.description","ARTILLERY_WEAPON","AMMOTYPE_NONE","","","","","","","","","","","","","","","","","","","","","20","0","-1","0","0","0","","0","-1","True","0","assets/data/pickups/weapons/bullets/b_null.json","0","0","0","[0,0,0,0,0,0,0,0]","0","","","","","","","","","","","","","","","","","","","","","","","","","","","","","","0","0","0","[0,0,0,0,0,0,0,0]","BURST/AUTO","0","0","","","","","","0","0","0","0.200000","0.250000","0","0","0","0","[0,0,0,0,0,0,0,0]","","0.100000","0.100000","0","0","0","[0,0,0,0,0,0,0,0]","0","MAGAZINE","0","0","0","[0,0,0,0,0,0,0,0]","0","0","0","[0,0,0,0,0,0,0,0]","0.100000","True","0","-1","0","","","","","","","","","","","","","0","1","0","0","25","ITEM","0.001000","0","0","0","[0,0,0,0,0,0,0,0]","2","-1586474137","53870","17581","[177,40,239,238,176,128,92,212]","0.500000","0","0","0","[0,0,0,0,0,0,0,0]","-1","","","","","","","","","","","","","","","","","","","","","","","","","","","","","","","","","","0","606135825","42618","18552","[148,218,105,37,194,250,222,190]","128","False","","","0","assets/ui/inventory/render/inv_gun_binoculars.png","","","","","0","0","0","[0,0,0,0,0,0,0,0]","0","0","0","[0,0,0,0,0,0,0,0]","True","-65","","-1","False","","1","-913379365","1444","20330","[146,141,126,74,15,224,99,86]","","0","True","False","","0","3","0","0","0","0","0","0","[0,0,0,0,0,0,0,0]","0","0","0","[0,0,0,0,0,0,0,0]","assets/pickups/weapons/gun_binocs.json","True","0","assets/ui/inventory/render/inv_gun_binoculars.png","[""MULTIPLY"",""SCREEN""]","False","assets/data/fx/wfx_null.json","False","False","False","False","True","False","False","False","","","False","False","True","False","False","False","False","False","True","False","False","False","False","False","False","False","False","False","False","False","False","False"
"gun_blackhand.name","gun_blackhand.json","gun_blackhand.description","LASER_WEAPON","AMMOTYPE_LASER","","","","","","","","","","","","","","","","","","","","","31","4","20","20","0","4.000000","assets/data/pickups/ammo/pkp_ammo_cell_extreme.json","1","20","True","0","","0","0","0","[0,0,0,0,0,0,0,0]","0","0.350000","2","2.500000","8","10","0","0","0.100000","1","0.250000","2","10","0","0","0","0","0","0","0","0","0","0","0","0","0","0","0","0","0","0","0","0","[0,0,0,0,0,0,0,0]","SEMI-AUTO","0","5","0","0","0","0","0","4.000000","4.000000","0","2.750000","0.120000","1","0","0","0","[0,0,0,0,0,0,0,0]","","0.100000","0.350000","0","0","0","[0,0,0,0,0,0,0,0]","1","MAGAZINE","0","0","0","[0,0,0,0,0,0,0,0]","0","0","0","[0,0,0,0,0,0,0,0]","4","True","0","20","0","2","0","0.850000","314.999878","-1.100000","2.500000","[""assets/fx/beams/laser_multiply.png"",""assets/fx/beams/laser_screen.png""]","60","0.600000","0","0.600000","0","2.000000","1","0","0.200000","3","WEAPON","0.399000","0","0","0","[0,0,0,0,0,0,0,0]","","1423095803","5973","16695","[135,213,49,223,248,185,213,25]","0.500000","-1656875244","62096","17218","[153,214,110,21,210,130,100,230]","-1","True","0","0","[0,0,0,0,0]","0","0","0","0","0","0","0","0","3","0","0","0","0","0","0","0","0","0","0","0","0","0","0","0","assets/data/fx/pyros/pyro_null.json","-538924030","57833","18363","[147,125,181,166,22,37,252,89]","0","564237983","39792","20395","[183,239,139,34,166,108,110,143]","3","False","1","0","0","assets/ui/inventory/render/inv_gun_blackhand.png","-0.050000","4","-0.025000","-0.050000","0","0","0","[0,0,0,0,0,0,0,0]","0","0","0","[0,0,0,0,0,0,0,0]","","-49.999958","","-1","False","3000","1","1377918081","37263","18696","[158,218,66,68,206,176,115,164]","10","2000000","False","False","","1","31","0","0","0","0","0","0","[0,0,0,0,0,0,0,0]","0","0","0","[0,0,0,0,0,0,0,0]","assets/pickups/weapons/gun_blackhand.json","True","0","assets/ui/inventory/render/inv_gun_blackhand.png","[""MULTIPLY"",""SCREEN""]","False","assets/data/fx/wfx_laser_small_02.json","False","False","False","False","True","False","True","False","True","True","False","False","True","False","False","False","False","False","True","False","False","False","False","False","False","False","False","False","False","False","False","False"
"gun_broiler.name","gun_broiler.json","gun_broiler.description","LASER_WEAPON","AMMOTYPE_LASER","","","","","","","","","","","","","","","","","","","","","27","1.500000","12","1","0","2.500000","assets/data/pickups/ammo/pkp_ammo_cell_extreme.json","1","75","True","0","","0","0","0","[0,0,0,0,0,0,0,0]","0.500000","1","1","3","2","5","6","2","0","0","0","0","0","1","0","0","0","0","0","0","0","0","0","0","0","0","0","0","1","1","0","0","0","[0,0,0,0,0,0,0,0]","SEMI-AUTO","0","0","0","6","1.500000","1","0.800000","8.000000","2.000000","0","0.900000","0.120000","0","0","0","0","[0,0,0,0,0,0,0,0]","","0.100000","0.350000","0","0","0","[0,0,0,0,0,0,0,0]","1","MAGAZINE","0","0","0","[0,0,0,0,0,0,0,0]","0","0","0","[0,0,0,0,0,0,0,0]","3.300000","True","0","75","0","0.400000","0.080000","1","81.999992","0.300000","1","[""assets/fx/beams/laser_multiply_05.png"",""assets/fx/beams/laser_screen_05.png""]","3","0.500000","0","0.980000","0","5.000000","0.185000","0","0.427000","0","WEAPON","0.299000","1965412754","41357","18726","[135,227,114,207,36,182,19,174]","","1423095803","5973","16695","[135,213,49,223,248,185,213,25]","0.500000","-1656875244","62096","17218","[153,214,110,21,210,130,100,230]","15","False","0","0","[0.600000,-0.280000,0.735000,0.045000,8]","0.100000","0","0","0","0","0","0","0","0.500000","0","0","0","0","0","0","0","0","0","0","0","0","0","0","0","","0","0","0","[0,0,0,0,0,0,0,0]","8","-1782446905","50902","19515","[178,187,155,224,86,238,90,103]","3","False","6","0","5","assets/ui/hud/HUD_aux_laser_01.png","-0.025000","1","-0.025000","-0.025000","0","0","0","[0,0,0,0,0,0,0,0]","0","0","0","[0,0,0,0,0,0,0,0]","","-49.999992","","-1","False","15","1","1377918081","37263","18696","[158,218,66,68,206,176,115,164]","3","0","False","False","","20","202","0","0","0","0","0","0","[0,0,0,0,0,0,0,0]","0","0","0","[0,0,0,0,0,0,0,0]","assets/pickups/weapons/temp_aux.json","False","0","assets/ui/hud/HUD_aux_laser_01.png","[""MULTIPLY"",""SCREEN""]","False","assets/data/fx/wfx_laser_aux_01.json","False","False","True","False","True","False","True","False","False","True","False","False","True","False","False","False","False","False","True","False","False","False","False","False","False","False","False","False","False","False","False","False"
"gun_bully.name","gun_bully.json","gun_bully.description","LASER_WEAPON","AMMOTYPE_LASER","","","","","","","","","","","","","","","","","","","","","30","0.100000","70","1","0","2.000000","assets/data/pickups/ammo/pkp_ammo_cell_hi.json","1","70","True","0","","0","0","0","[0,0,0,0,0,0,0,0]","0","0","0","0","0","1","0.500000","0","0","0","0","0","0","0","0","0","0","0","0","0","0","0","0","0","0","0","0","0","1.350000","0","0","0","0","[0,0,0,0,0,0,0,0]","BURST/AUTO","0","0","1.350000","0.100000","1.500000","1.500000","0.350000","2.000000","2.000000","0","0.900000","0.120000","0","0","0","0","[0,0,0,0,0,0,0,0]","","0.100000","0.350000","0","0","0","[0,0,0,0,0,0,0,0]","1","MAGAZINE","0","0","0","[0,0,0,0,0,0,0,0]","0","0","0","[0,0,0,0,0,0,0,0]","2","True","0","140","0","0.200000","0.075000","0.186000","175.000015","2","2.500000","[""assets/fx/beams/laser_multiply.png"",""assets/fx/beams/laser_screen.png""]","30","0.800000","0","0.950000","0","1.000000","1","0","0","3.500000","WEAPON","0.399000","0","0","0","[0,0,0,0,0,0,0,0]","","1423095803","5973","16695","[135,213,49,223,248,185,213,25]","0.500000","-1656875244","62096","17218","[153,214,110,21,210,130,100,230]","-1","False","0","0","[0,0,0,0,0]","0","0","0","0","0","0","0","0","1.500000","0","0","0","0","0","0","0","0","0","0","0","0","0","0","0","assets/data/fx/pyros/pyro_null.json","0","0","0","[0,0,0,0,0,0,0,0]","0","2116235236","17628","19362","[157,177,84,180,22,166,83,159]","3","False","1","1200","0","assets/ui/hud/HUD_tur_laser_02.png","-0.010000","0.650000","-0.010000","-0.050000","0","0","0","[0,0,0,0,0,0,0,0]","0","0","0","[0,0,0,0,0,0,0,0]","","-49.999958","","-1","False","5","1","1377918081","37263","18696","[158,218,66,68,206,176,115,164]","2","2000000","False","False","","6","62","0","0.100000","0","0","0","0","[0,0,0,0,0,0,0,0]","0","0","0","[0,0,0,0,0,0,0,0]","assets/pickups/weapons/laser_tur.json","False","0","assets/ui/hud/HUD_tur_laser_02.png","[""MULTIPLY"",""SCREEN""]","False","assets/data/fx/wfx_laser_tur_02.json","False","False","False","False","True","False","True","False","False","True","False","False","True","False","False","False","False","False","True","False","False","False","False","False","False","False","False","False","False","False","False","False"
"gun_cell_concussion.name","gun_cell_concussion.json","gun_cell_concussion.description","ARTILLERY_WEAPON","AMMOTYPE_BULLET","","","","","","","","","","","","","","","","","","","","","40","1.550000","11","1","0","0.500000","assets/data/pickups/ammo/pkp_ammo_cell_lo.json","4","100","False","0","assets/data/pickups/weapons/bullets/b_cell_concussion.json","0","0","0","[0,0,0,0,0,0,0,0]","0","","","","","","","","","","","","","","","","","","","","","","","","","","","","","","-1656875244","62096","17218","[153,214,110,21,210,130,100,230]","BURST/AUTO","0","0","","","","","","45","0","0","0.200000","0.120000","0","60116200","32446","20256","[144,122,216,71,105,168,139,54]","","0.200000","0.900000","-1656875244","62096","17218","[153,214,110,21,210,130,100,230]","0.225000","MAGAZINE","0","0","0","[0,0,0,0,0,0,0,0]","0","0","0","[0,0,0,0,0,0,0,0]","1.600000","True","0","132","0","","","","","","","","","","","","","0.500000","1","0","0","0","WEAPON","1.100000","122696736","50309","18588","[138,38,145,168,46,242,73,48]","0.100000","1423095803","5973","16695","[135,213,49,223,248,185,213,25]","0.500000","-1656875244","62096","17218","[153,214,110,21,210,130,100,230]","-1","","","","","","","","","","","","","","","","","","","","","","","","","","","","","","","","","","10","369464747","31712","19049","[163,231,247,158,159,37,41,43]","0","False","","","0","","","","","","0","0","0","[0,0,0,0,0,0,0,0]","0","0","0","[0,0,0,0,0,0,0,0]","True","-49.999992","","-1","False","","1","1377918081","37263","18696","[158,218,66,68,206,176,115,164]","","0","False","False","","1","15","0","0","0","0","0","0","[0,0,0,0,0,0,0,0]","0","0","0","[0,0,0,0,0,0,0,0]","assets/pickups/weapons/gun_concrifle.json","True","0.330000","assets/ui/hud/HUD_sml_can_01.png","[""MULTIPLY"",""SCREEN""]","False","assets/data/fx/wfx_mg_small_01.json","False","False","True","False","True","False","True","False","","","True","False","True","False","False","False","False","False","True","False","True","False","True","False","False","False","False","False","False","False","False","False"
"gun_cell_glove.name","gun_cell_glove.json","gun_cell_glove.description","ARTILLERY_WEAPON","AMMOTYPE_BULLET","","","","","","","","","","","","","","","","","","","","","40","3","100","1","0","0.500000","assets/data/pickups/ammo/pkp_ammo_cell_lo.json","4","100","True","0","assets/data/pickups/weapons/bullets/b_cell_glove.json","0","0","0","[0,0,0,0,0,0,0,0]","0","","","","","","","","","","","","","","","","","","","","","","","","","","","","","","-1656875244","62096","17218","[153,214,110,21,210,130,100,230]","BURST/AUTO","0","0","","","","","","45","0","0","0.200000","0.120000","0","60116200","32446","20256","[144,122,216,71,105,168,139,54]","","0.200000","0.900000","-1656875244","62096","17218","[153,214,110,21,210,130,100,230]","0.225000","MAGAZINE","0","0","0","[0,0,0,0,0,0,0,0]","0","0","0","[0,0,0,0,0,0,0,0]","1.600000","True","0","132","0","","","","","","","","","","","","","0.500000","1","0","0","0","WEAPON","1.100000","122696736","50309","18588","[138,38,145,168,46,242,73,48]","0.100000","1423095803","5973","16695","[135,213,49,223,248,185,213,25]","0.500000","-1656875244","62096","17218","[153,214,110,21,210,130,100,230]","-1","","","","","","","","","","","","","","","","","","","","","","","","","","","","","","","","","","10","-81066467","49835","16559","[159,246,121,204,240,54,205,223]","0","False","","","0","","","","","","0","0","0","[0,0,0,0,0,0,0,0]","0","0","0","[0,0,0,0,0,0,0,0]","True","-49.999992","","-1","False","","1","1377918081","37263","18696","[158,218,66,68,206,176,115,164]","","0","False","False","","1","15","0","0","0","0","0","0","[0,0,0,0,0,0,0,0]","0","0","0","[0,0,0,0,0,0,0,0]","assets/pickups/weapons/gun_authglove.json","True","0.330000","assets/ui/hud/HUD_sml_can_01.png","[""MULTIPLY"",""SCREEN""]","False","assets/data/fx/wfx_mg_small_01.json","False","False","True","False","True","False","True","False","","","True","False","True","False","False","False","False","False","True","False","True","False","True","False","False","False","False","False","False","False","False","False"
"gun_chieftain.name","gun_chieftain.json","gun_chieftain.description","LASER_WEAPON","AMMOTYPE_LASER","","","","","","","","","","","","","","","","","","","","","70","0.166000","30","1","0","0.100000","assets/data/pickups/ammo/pkp_ammo_cell_extreme.json","1","75","True","0","","0","0","0","[0,0,0,0,0,0,0,0]","0.500000","1","1","0","0","0","28","8","0","0","0","0","0","1","0","0","0","0","0","0","0","0","0","0","0","0","0","0","0.800000","1.660000","0","0","0","[0,0,0,0,0,0,0,0]","BURST/AUTO","0","0","0","60","1.660000","1","1.100000","79.999969","0","0","0.900000","0.120000","0","0","0","0","[0,0,0,0,0,0,0,0]","","0.100000","0.350000","0","0","0","[0,0,0,0,0,0,0,0]","1","MAGAZINE","0","0","0","[0,0,0,0,0,0,0,0]","0","0","0","[0,0,0,0,0,0,0,0]","4","True","0","75","0","0.070000","0.125000","1","0","-0.628000","3.340000","""assets/fx/beams/laser_screen_05.png""","24","0.150000","0","0.150000","1","4.000000","0.300000","0","0.080000","14","WEAPON","0.800000","0","0","0","[0,0,0,0,0,0,0,0]","","1423095803","5973","16695","[135,213,49,223,248,185,213,25]","0.500000","-1656875244","62096","17218","[153,214,110,21,210,130,100,230]","28","False","0","0","[0.600000,0.040000,0.980000,0.335000,7]","0.100000","0.660000","0","0","0","0","3","300","2.750000","0","0","0","0","0","0","0","0","0","0","0","0","0","0","0","assets/data/fx/squibs/pyro_radius_laser_heavy_02.json","-362820199","36238","16807","[135,42,109,55,132,147,90,204]","40","-1444357866","46526","20157","[174,114,139,226,184,40,39,66]","3","False","12","0","10","assets/ui/hud/HUD_hvy_laser_02.png","0","0","0","0","0","0","0","[0,0,0,0,0,0,0,0]","0","0","0","[0,0,0,0,0,0,0,0]","","-49.999992","","-1","False","30","1","1377918081","37263","18696","[158,218,66,68,206,176,115,164]","5","0","False","False","","1","444","0","0","0","0","0","0","[0,0,0,0,0,0,0,0]","0","0","0","[0,0,0,0,0,0,0,0]","assets/pickups/weapons/temp_main.json","False","0","assets/ui/hud/HUD_hvy_laser_02.png","[""MULTIPLY"",""SCREEN""]","False","assets/data/fx/wfx_laser_heavy_02.json","False","False","False","False","True","False","True","False","True","False","False","False","True","False","False","False","False","False","True","False","False","False","False","False","False","False","False","False","False","False","False","False"
"gun_disco.name","gun_disco.json","gun_disco.description","LASER_WEAPON","AMMOTYPE_LASER","","","","","","","","","","","","","","","","","","","","","40","0.075000","100","1","0","1.000000","assets/data/pickups/ammo/pkp_ammo_cell_hi.json","1","100","True","0","","0","0","0","[0,0,0,0,0,0,0,0]","0","0","0","0","0","1","0","0","0","0","0","0","0","0","0","0","0","0","0","0","0","0","0","0","0","0","0","0","0","0","0","0","0","[0,0,0,0,0,0,0,0]","BURST/AUTO","0","0","0","4","1.650000","0.750000","0.350000","1.000000","1.000000","0","0.900000","0.120000","0","0","0","0","[0,0,0,0,0,0,0,0]","","0.100000","0.350000","0","0","0","[0,0,0,0,0,0,0,0]","1","MAGAZINE","0","0","0","[0,0,0,0,0,0,0,0]","0","0","0","[0,0,0,0,0,0,0,0]","2","True","0","200","0","0.025000","0.025000","0.800000","199.999969","0.500000","1.500000","[""assets/fx/beams/laser_multiply.png"",""assets/fx/beams/laser_screen.png""]","7","0.100000","0","0.300000","0","0","1","0","0","6","WEAPON","0.399000","0","0","0","[0,0,0,0,0,0,0,0]","","1423095803","5973","16695","[135,213,49,223,248,185,213,25]","0.500000","-1656875244","62096","17218","[153,214,110,21,210,130,100,230]","-1","False","0","0","[0,0,0,0,0]","0","0","0","0","0","0","0","0","0","0","0","0","0","0","0","0","0","0","0","0","0","0","0","0","assets/data/fx/pyros/pyro_null.json","0","0","0","[0,0,0,0,0,0,0,0]","0","-297919714","30710","19281","[161,203,98,23,113,218,181,191]","3","False","1","0","0","assets/ui/hud/HUD_tur_laser_01.png","-0.050000","0.250000","-0.050000","-0.050000","0","0","0","[0,0,0,0,0,0,0,0]","0","0","0","[0,0,0,0,0,0,0,0]","","-49.999958","","-1","False","20","1","1377918081","37263","18696","[158,218,66,68,206,176,115,164]","3","2000000","False","False","","5","75","0","0","0","0","0","0","[0,0,0,0,0,0,0,0]","0","0","0","[0,0,0,0,0,0,0,0]","assets/pickups/weapons/laser_tur.json","False","0","assets/ui/hud/HUD_tur_laser_01.png","[""MULTIPLY"",""SCREEN""]","False","assets/data/fx/wfx_laser_tur_01.json","False","False","False","False","True","False","True","False","False","True","False","False","True","False","False","False","False","False","True","False","False","False","False","False","False","False","False","False","False","False","False","False"
"gun_flashlight.name","gun_flashlight.json","gun_flashlight.description","ARTILLERY_WEAPON","AMMOTYPE_NONE","","","","","","","","","","","","","","","","","","","","","20","0","-1","0","0","0","","0","-1","True","0","assets/data/pickups/weapons/bullets/b_null.json","0","0","0","[0,0,0,0,0,0,0,0]","0","","","","","","","","","","","","","","","","","","","","","","","","","","","","","","0","0","0","[0,0,0,0,0,0,0,0]","BURST/AUTO","0","0","","","","","","0","0","0","0.200000","0.250000","0","0","0","0","[0,0,0,0,0,0,0,0]","","0.100000","0.100000","0","0","0","[0,0,0,0,0,0,0,0]","0","MAGAZINE","0","0","0","[0,0,0,0,0,0,0,0]","0","0","0","[0,0,0,0,0,0,0,0]","0.100000","True","0","-1","0","","","","","","","","","","","","","0","1","0","0","0","WEAPON","0.001000","0","0","0","[0,0,0,0,0,0,0,0]","2","-1586474137","53870","17581","[177,40,239,238,176,128,92,212]","0.500000","0","0","0","[0,0,0,0,0,0,0,0]","-1","","","","","","","","","","","","","","","","","","","","","","","","","","","","","","","","","","0","606135825","42618","18552","[148,218,105,37,194,250,222,190]","0","False","","","0","assets/ui/inventory/render/inv_gun_flashlight.png","","","","","0","0","0","[0,0,0,0,0,0,0,0]","0","0","0","[0,0,0,0,0,0,0,0]","True","0","","-1","False","","1","-913379365","1444","20330","[146,141,126,74,15,224,99,86]","","0","True","False","","0","3","0","0","0","0","0","0","[0,0,0,0,0,0,0,0]","0","0","0","[0,0,0,0,0,0,0,0]","assets/pickups/weapons/gun_flashlight.json","True","0","assets/ui/inventory/render/inv_gun_flashlight.png","[""MULTIPLY"",""SCREEN""]","False","assets/data/fx/wfx_flashlight.json","False","False","False","False","True","False","False","False","","","False","False","True","False","False","False","False","False","True","False","False","False","False","False","False","False","False","False","False","False","False","False"
"Zombie bomb vest","gun_kamikaze_seeker_01.json","FOR RECREATIONAL PURPOSES ONLY","LASER_WEAPON","AMMOTYPE_LASER","","","","","","","","","","","","","","","","","","","","","0.500000","1","-1","1","0","0","assets/data/pickups/ammo/pkp_ammo_cell_hi.json","1","25","True","0","","0","0","0","[0,0,0,0,0,0,0,0]","0","1","1","0","0","0","5","0","0","0","0","0","0","1","0","0","0","0","0","0","0","0","0","0","0","0","0","0","1","1","-1656875244","62096","17218","[153,214,110,21,210,130,100,230]","BURST/AUTO","0","0","0","1","1","1","1","0","0","0","0.900000","0.120000","0","945720742","60821","18391","[168,121,176,32,160,51,144,172]","","0.100000","0.350000","0","0","0","[0,0,0,0,0,0,0,0]","1","MAGAZINE","0","0","0","[0,0,0,0,0,0,0,0]","0","0","0","[0,0,0,0,0,0,0,0]","0.900000","False","0","25","0","0.050000","0","0.018000","1.000000","1","1","[""assets/fx/beams/laser_multiply_02.png"",""assets/fx/beams/laser_screen_02.png""]","0.100000","0.150000","0.010000","0.900000","0","5.000000","1","0.850000","1","0","WEAPON","0.800000","0","0","0","[0,0,0,0,0,0,0,0]","","0","0","0","[0,0,0,0,0,0,0,0]","0.500000","0","0","0","[0,0,0,0,0,0,0,0]","-1","True","0","0","[0,0,0,0,0]","0","0","0","0","0","0","0","0","1","40","0","0","0","0","0","0","0","0","0","0","0","0","0","0","assets/data/fx/pyros/pyro_ground_duiker.json","-316966822","41819","17727","[163,24,45,145,187,217,61,128]","0","0","0","0","[0,0,0,0,0,0,0,0]","3","False","1","1","0","","-0.100000","0.100000","-0.100000","-0.100000","0","0","0","[0,0,0,0,0,0,0,0]","0","0","0","[0,0,0,0,0,0,0,0]","","-49.999992","","-1","False","100","1","0","0","0","[0,0,0,0,0,0,0,0]","2","2000000","False","False","","1","1","1","0.100000","1","0","0","0","[0,0,0,0,0,0,0,0]","0","0","0","[0,0,0,0,0,0,0,0]","assets/fx/null.json","False","0","assets/ui/hud/HUD_sml_laser_01.png","[""MULTIPLY"",""SCREEN""]","False","assets/data/fx/wfx_40mm_thumper.json","False","False","False","False","False","False","False","False","True","False","True","False","False","False","False","False","False","False","False","False","True","False","False","False","False","False","False","False","False","False","False","False"
"Zombie bomb vest","gun_kamikaze_vest_01.json","FOR RECREATIONAL PURPOSES ONLY","LASER_WEAPON","AMMOTYPE_LASER","","","","","","","","","","","","","","","","","","","","","0.500000","1","-1","1","0","0","assets/data/pickups/ammo/pkp_ammo_cell_hi.json","1","25","True","0","","0","0","0","[0,0,0,0,0,0,0,0]","0","1","1","0","0","0","5","0","0","0","0","0","0","1","0","0","0","0","0","0","0","0","0","0","0","0","0","0","1","1","-1656875244","62096","17218","[153,214,110,21,210,130,100,230]","BURST/AUTO","0","0","0","1","1","1","1","0","0","0","0.900000","0.120000","0","945720742","60821","18391","[168,121,176,32,160,51,144,172]","","0.100000","0.350000","0","0","0","[0,0,0,0,0,0,0,0]","1","MAGAZINE","0","0","0","[0,0,0,0,0,0,0,0]","0","0","0","[0,0,0,0,0,0,0,0]","0.900000","False","0","25","0","0.050000","0","0.018000","1.000000","1","1","[""assets/fx/beams/laser_multiply_02.png"",""assets/fx/beams/laser_screen_02.png""]","0.100000","0.150000","0.010000","0.900000","0","5.000000","1","0.850000","1","0","WEAPON","0.800000","0","0","0","[0,0,0,0,0,0,0,0]","","0","0","0","[0,0,0,0,0,0,0,0]","0.500000","0","0","0","[0,0,0,0,0,0,0,0]","-1","True","0","0","[0,0,0,0,0]","0","0","0","0","0","0","0","0","1","40","0","0","0","0","0","0","0","0","0","0","0","0","0","0","assets/data/fx/pyros/pyro_ground_duiker.json","-316966822","41819","17727","[163,24,45,145,187,217,61,128]","0","0","0","0","[0,0,0,0,0,0,0,0]","3","False","1","1","0","","-0.100000","0.100000","-0.100000","-0.100000","0","0","0","[0,0,0,0,0,0,0,0]","0","0","0","[0,0,0,0,0,0,0,0]","","-49.999992","","-1","False","100","1","0","0","0","[0,0,0,0,0,0,0,0]","2","2000000","False","False","","1","1","1","0.100000","1","0","0","0","[0,0,0,0,0,0,0,0]","0","0","0","[0,0,0,0,0,0,0,0]","assets/fx/null.json","False","0","assets/ui/hud/HUD_sml_laser_01.png","[""MULTIPLY"",""SCREEN""]","False","assets/data/fx/wfx_40mm_thumper.json","False","False","False","False","False","False","False","False","True","False","True","False","False","False","False","False","False","False","False","False","True","False","False","False","False","False","False","False","False","False","False","False"
"gun_lyam.name","gun_lyam.json","gun_lyam.description","ARTILLERY_WEAPON","AMMOTYPE_ARTILLERY","","","","","","","","","","","","","","","","","","","","","100","11","1","1","0","1.000000","","4","1","False","0","assets/data/pickups/weapons/bullets/b_lyam.json","0","0","0","[0,0,0,0,0,0,0,0]","0","","","","","","","","","","","","","","","","","","","","","","","","","","","","","","-1656875244","62096","17218","[153,214,110,21,210,130,100,230]","SEMI-AUTO","0","0","","","","","","39.999985","0","0","1","0.120000","0","0","0","0","[0,0,0,0,0,0,0,0]","","0.100000","0.900000","0","0","0","[0,0,0,0,0,0,0,0]","1","SINGLE_ROUND","0","0","0","[0,0,0,0,0,0,0,0]","0","0","0","[0,0,0,0,0,0,0,0]","1","True","0","1","1","","","","","","","","","","","","","39.999985","0.025000","0","0","10","WEAPON","0.500000","0","0","0","[0,0,0,0,0,0,0,0]","1","1423095803","5973","16695","[135,213,49,223,248,185,213,25]","0.500000","-1656875244","62096","17218","[153,214,110,21,210,130,100,230]","50","","","","","","","","","","","","","","","","","","","","","","","","","","","","","","","","","","0","-7653911","54247","18322","[174,20,67,100,47,65,233,28]","3","False","","","0","assets/ui/hud/HUD_sml_can_01.png","","","","","0","0","0","[0,0,0,0,0,0,0,0]","0","0","0","[0,0,0,0,0,0,0,0]","False","0","","0","False","","1","1377918081","37263","18696","[158,218,66,68,206,176,115,164]","","0","True","False","","1","30","0","0","11","920705152","9882","18610","[144,251,17,185,166,254,114,5]","-190456828","37681","18645","[177,37,116,155,238,215,162,90]","assets/pickups/weapons/gun_thumper.json","False","1","assets/ui/hud/HUD_sml_can_01.png","[""MULTIPLY"",""SCREEN""]","False","assets/data/fx/wfx_flame_small_01.json","False","False","False","False","True","False","True","False","","","True","False","True","False","False","False","False","False","True","False","False","False","False","False","False","False","False","False","True","False","True","False"
"gun_microkinetic_laser.name","gun_microkinetic_laser.json","gun_microkinetic_laser.description","LASER_WEAPON","AMMOTYPE_LASER","","","","","","","","","","","","","","","","","","","","","1.900000","0.400000","3","1","0","0","","1","3","True","0","","0","0","0","[0,0,0,0,0,0,0,0]","0","1","1","0","0","0","0","0","0","0","0","0","0","1","0","0","0","0","0","0","0","0","0","0","0","0","0","0","1","1","0","0","0","[0,0,0,0,0,0,0,0]","SEMI-AUTO","0","0","0","2.660000","0.750000","1","2","6","6","0","0.100000","0.120000","600","0","0","0","[0,0,0,0,0,0,0,0]","","0.100000","0.350000","0","0","0","[0,0,0,0,0,0,0,0]","1","MAGAZINE","0","0","0","[0,0,0,0,0,0,0,0]","0","0","0","[0,0,0,0,0,0,0,0]","4","True","0","3","1","0.200000","0.075000","0.186000","175.000015","2","2.500000","[""assets/fx/beams/laser_multiply.png"",""assets/fx/beams/laser_screen.png""]","30","0.800000","0","0.950000","0","0","0","0","0","0","WEAPON","0.800000","0","0","0","[0,0,0,0,0,0,0,0]","","1423095803","5973","16695","[135,213,49,223,248,185,213,25]","0.500000","-1656875244","62096","17218","[153,214,110,21,210,130,100,230]","-1","False","0","0","[0,0,1,1,0]","0.100000","0","0","0","0","0","0","0","0","0","0","0","0","0","0","0","0","0","0","0","0","0","0","0","","0","0","0","[0,0,0,0,0,0,0,0]","10","-31334617","41463","19581","[141,131,119,65,239,204,250,106]","3","False","3","800","0","assets/ui/inventory/render/inv_gun_microkinetic_laser.png","-0.660000","0.660000","-0.660000","-0.830000","0","0","0","[0,0,0,0,0,0,0,0]","0","0","0","[0,0,0,0,0,0,0,0]","","-49.999992","","-1","False","5","1","1377918081","37263","18696","[158,218,66,68,206,176,115,164]","3","0","True","False","","20","4","0","0","0","0","0","0","[0,0,0,0,0,0,0,0]","0","0","0","[0,0,0,0,0,0,0,0]","assets/pickups/weapons/gun_microkinetic_laser.json","True","0","assets/ui/inventory/render/inv_gun_microkinetic_laser.png","[""MULTIPLY"",""SCREEN""]","False","assets/data/fx/wfx_microkinetic_laser.json","False","False","False","False","True","False","True","False","False","False","False","False","True","False","False","False","False","False","True","False","False","False","False","False","False","False","False","False","False","False","False","False"
"gun_otomo.name","gun_otomo.json","gun_otomo.description","LASER_WEAPON","AMMOTYPE_LASER","","","","","","","","","","","","","","","","","","","","","31","0","500","4","0.035000","0","assets/data/pickups/ammo/pkp_ammo_cell_hi.json","1","500","True","0","","0","0","0","[0,0,0,0,0,0,0,0]","0","0","0","0","0","1","0","0","0","0","0","0","0","0","0","0","0","0","0","0","0","0","0","0","0","0","0","0","0","0","0","0","0","[0,0,0,0,0,0,0,0]","BURST/AUTO","0","0","0","2","0.650000","1.500000","2","13.999998","0","0","0.900000","0.120000","0","0","0","0","[0,0,0,0,0,0,0,0]","","0.100000","0.350000","0","0","0","[0,0,0,0,0,0,0,0]","1","MAGAZINE","0","0","0","[0,0,0,0,0,0,0,0]","0","0","0","[0,0,0,0,0,0,0,0]","2","True","0","1000","1","0.100000","0","0.200000","102.000008","2","1.491000","[""assets/fx/beams/laser_multiply_05.png"",""assets/fx/beams/laser_screen_05.png""]","35","0.200000","0","0.300000","0","13.999998","0.500000","5","0","3","WEAPON","0","0","0","0","[0,0,0,0,0,0,0,0]","","1423095803","5973","16695","[135,213,49,223,248,185,213,25]","0.500000","-1656875244","62096","17218","[153,214,110,21,210,130,100,230]","-1","False","0","0","[0,0,0,0,0]","0","0","0","0","0","0","0","0","0","0","0","0","0","0","0","0","0","0","0","0","0","0","0","0","assets/data/fx/pyros/pyro_null.json","0","0","0","[0,0,0,0,0,0,0,0]","0","564237983","39792","20395","[183,239,139,34,166,108,110,143]","3","False","1","0","0","assets/ui/hud/HUD_hvy_laser_01.png","0","0","0","0","-1242095000","13887","20425","[146,237,63,221,15,61,138,155]","-1333030212","25920","19960","[165,192,232,250,142,56,246,147]","","-49.999958","","-1","False","50","1","1377918081","37263","18696","[158,218,66,68,206,176,115,164]","6","2000000","False","False","","6","1","0","0.100000","0","0","0","0","[0,0,0,0,0,0,0,0]","0","0","0","[0,0,0,0,0,0,0,0]","assets/pickups/weapons/temp_main.json","False","0","assets/ui/hud/HUD_hvy_laser_01.png","[""MULTIPLY"",""SCREEN""]","True","assets/data/fx/wfx_laser_heavy_01.json","False","False","False","False","True","False","True","False","False","True","False","False","True","False","True","False","True","False","True","False","False","False","False","False","False","False","False","False","False","False","False","False"
"gun_pinball_accelerator.name","gun_pinball_accelerator.json","gun_pinball_accelerator.description","LASER_WEAPON","AMMOTYPE_LASER","","","","","","","","","","","","","","","","","","","","","4","1.750000","-1","5","0.035000","0","assets/data/pickups/ammo/pkp_ammo_cell_hi.json","1","-1","True","0","","0","0","0","[0,0,0,0,0,0,0,0]","0","1","1","0","0","0","1","0","0","0","0","0","0","1","0","0","0","0","0","0","0","0","0","0","0","0","0","0","1","1","0","0","0","[0,0,0,0,0,0,0,0]","BURST/AUTO","0","0","0","200","1","1","4","19.999992","19.999992","0","0.900000","0.120000","-500000","0","0","0","[0,0,0,0,0,0,0,0]","","0.100000","0.350000","0","0","0","[0,0,0,0,0,0,0,0]","1","MAGAZINE","0","0","0","[0,0,0,0,0,0,0,0]","0","0","0","[0,0,0,0,0,0,0,0]","0","True","0","-1","0.100000","0","0.035000","0.078000","0","0.346000","6.879000","[""assets/fx/beams/laser_galinha_multiply.png"",""assets/fx/beams/laser_galinha_screen.png""]","30","0.700000","0","0.700000","0","6","0.150000","15","0","3","WEAPON","0.800000","0","0","0","[0,0,0,0,0,0,0,0]","","0","0","0","[0,0,0,0,0,0,0,0]","0.500000","-1656875244","62096","17218","[153,214,110,21,210,130,100,230]","-1","True","0","0","[0,0,1,1,0]","0.100000","0","0","0","0","0","0","0","0.100000","0","0","0","0","0","0","0","0","0","0","0","0","0","0","0","assets/data/fx/squibs/pyro_impact_pinball_accel_01.json","0","0","0","[0,0,0,0,0,0,0,0]","0","-1444357866","46526","20157","[174,114,139,226,184,40,39,66]","0","False","0","0","0","assets/ui/inventory/render/inv_gun_gollop.png","0","0","0","0","0","0","0","[0,0,0,0,0,0,0,0]","0","0","0","[0,0,0,0,0,0,0,0]","","0","","-1","False","10000","1","0","0","0","[0,0,0,0,0,0,0,0]","10","0","False","False","","5","11","0.100000","0.035000","0","0","0","0","[0,0,0,0,0,0,0,0]","0","0","0","[0,0,0,0,0,0,0,0]","assets/fx/null.json","False","0","assets/ui/inventory/render/inv_gun_pinball_accelerator.png","[""MULTIPLY"",""SCREEN""]","False","assets/data/fx/wfx_pinball_accel_01.json","False","False","False","False","False","False","True","False","False","False","False","False","True","False","False","False","False","False","False","False","False","False","False","False","False","False","False","False","False","False","False","False"
"gun_pinball_decelerator.name","gun_pinball_decelerator.json","gun_pinball_decelerator.description","LASER_WEAPON","AMMOTYPE_LASER","","","","","","","","","","","","","","","","","","","","","4","0.300000","-1","2","0.035000","0","","1","-1","True","0","","0","0","0","[0,0,0,0,0,0,0,0]","0","1","1","0","0","0","0","0","0","0","0","0","0","1","0","0","0","0","0","0","0","0","0","0","0","0","0","0","1","1","0","0","0","[0,0,0,0,0,0,0,0]","BURST/AUTO","0","0","0","0","0","0","0","0","0","0","0.900000","0.120000","-200000","0","0","0","[0,0,0,0,0,0,0,0]","","0.100000","0.350000","0","0","0","[0,0,0,0,0,0,0,0]","1","MAGAZINE","0","0","0","[0,0,0,0,0,0,0,0]","0","0","0","[0,0,0,0,0,0,0,0]","0","True","0","-1","0.100000","0","0","0","0","0","0","","0","0","0","0","0","6","0.150000","15","0","3","WEAPON","0.800000","0","0","0","[0,0,0,0,0,0,0,0]","","0","0","0","[0,0,0,0,0,0,0,0]","0.500000","-1656875244","62096","17218","[153,214,110,21,210,130,100,230]","-1","False","0","0","[0,0,1,1,0]","0.100000","0","0","0","0","0","0","0","0","0","0","0","0","0","0","0","0","0","0","0","0","0","0","0","","0","0","0","[0,0,0,0,0,0,0,0]","0","-1444357866","46526","20157","[174,114,139,226,184,40,39,66]","0","False","0","0","0","assets/ui/inventory/render/inv_gun_gollop.png","0","0","0","0","-1398486894","4661","16556","[133,98,96,82,251,9,210,146]","1969291916","13941","20274","[191,21,112,121,185,54,8,34]","","0","","-1","False","1","1","0","0","0","[0,0,0,0,0,0,0,0]","0","0","False","False","","1","11","0","0","0","0","0","0","[0,0,0,0,0,0,0,0]","0","0","0","[0,0,0,0,0,0,0,0]","assets/fx/null.json","False","0","assets/ui/inventory/render/inv_gun_pinball_decelerator.png","[""MULTIPLY"",""SCREEN""]","True","assets/data/fx/wfx_laser_main_01.json","False","False","False","False","False","False","True","False","False","False","False","False","True","False","True","False","True","False","False","False","False","False","False","False","False","False","False","False","False","False","False","False"
"gun_punch.name","gun_punch.json","gun_punch.description","ARTILLERY_WEAPON","AMMOTYPE_NONE","","","","","","","","","","","","","","","","","","","","","20","0.500000","-1","1","0","3","","0","-1","True","0","assets/data/pickups/weapons/bullets/b_punch.json","0","0","0","[0,0,0,0,0,0,0,0]","0","","","","","","","","","","","","","","","","","","","","","","","","","","","","","","0","0","0","[0,0,0,0,0,0,0,0]","BURST/AUTO","0","0","","","","","","360","0","0","0.200000","0.250000","0","0","0","0","[0,0,0,0,0,0,0,0]","","0.100000","0.100000","0","0","0","[0,0,0,0,0,0,0,0]","0","MAGAZINE","0","0","0","[0,0,0,0,0,0,0,0]","0","0","0","[0,0,0,0,0,0,0,0]","0.400000","True","0","-1","0","","","","","","","","","","","","","13.999998","1","0","0","0","WEAPON","0.001000","0","0","0","[0,0,0,0,0,0,0,0]","2","-1586474137","53870","17581","[177,40,239,238,176,128,92,212]","0.500000","0","0","0","[0,0,0,0,0,0,0,0]","1","","","","","","","","","","","","","","","","","","","","","","","","","","","","","","","","","","0","606135825","42618","18552","[148,218,105,37,194,250,222,190]","4","False","","","0","","","","","","0","0","0","[0,0,0,0,0,0,0,0]","0","0","0","[0,0,0,0,0,0,0,0]","True","-65","","-1","False","","1","-913379365","1444","20330","[146,141,126,74,15,224,99,86]","","0","False","False","point","1","2","0","0","0","0","0","0","[0,0,0,0,0,0,0,0]","0","0","0","[0,0,0,0,0,0,0,0]","assets/pickups/weapons/throw_rock_01.json","True","0","assets/ui/hud/HUD_ammo_arty.png","[""MULTIPLY"",""SCREEN""]","False","assets/data/fx/wfx_null.json","False","False","False","False","True","False","False","False","","","False","False","True","False","False","False","False","False","True","False","False","False","False","False","False","False","False","False","False","False","False","False"
"Punch","gun_punch_zombie.json","","ARTILLERY_WEAPON","AMMOTYPE_NONE","","","","","","","","","","","","","","","","","","","","","1.500000","0.500000","-1","1","0","3","","0","-1","True","0","assets/data/pickups/weapons/bullets/b_punch_zombie.json","0","0","0","[0,0,0,0,0,0,0,0]","0","","","","","","","","","","","","","","","","","","","","","","","","","","","","","","0","0","0","[0,0,0,0,0,0,0,0]","BURST/AUTO","0","0","","","","","","360","0","0","0.200000","0.250000","0","0","0","0","[0,0,0,0,0,0,0,0]","","0.100000","0.100000","0","0","0","[0,0,0,0,0,0,0,0]","0","MAGAZINE","0","0","0","[0,0,0,0,0,0,0,0]","0","0","0","[0,0,0,0,0,0,0,0]","0.400000","True","0","-1","0","","","","","","","","","","","","","13.999998","1","0","0","0","WEAPON","0.001000","0","0","0","[0,0,0,0,0,0,0,0]","2","-1586474137","53870","17581","[177,40,239,238,176,128,92,212]","0.500000","0","0","0","[0,0,0,0,0,0,0,0]","1.500000","","","","","","","","","","","","","","","","","","","","","","","","","","","","","","","","","","0","1273674971","59707","16975","[137,98,46,236,177,239,248,28]","4","False","","","0","","","","","","0","0","0","[0,0,0,0,0,0,0,0]","0","0","0","[0,0,0,0,0,0,0,0]","True","-65","","-1","False","","1","-913379365","1444","20330","[146,141,126,74,15,224,99,86]","","0","False","False","point","1","2","0","0","0","0","0","0","[0,0,0,0,0,0,0,0]","0","0","0","[0,0,0,0,0,0,0,0]","assets/pickups/weapons/throw_rock_01.json","True","0","assets/ui/hud/HUD_ammo_arty.png","[""MULTIPLY"",""SCREEN""]","False","assets/data/fx/wfx_null.json","False","False","False","False","True","False","False","False","","","False","False","True","False","False","False","False","False","True","False","False","False","False","False","False","False","False","False","False","False","False","False"
"gun_rpg_rpg7.name","gun_rpg_rpg7.json","gun_rpg_rpg7.description","ARTILLERY_WEAPON","AMMOTYPE_BULLET","","","","","","","","","","","","","","","","","","","","","40","3","1","1","0","0.500000","assets/data/pickups/ammo/pkp_ammo_rpg-7_heat.json","4","19","False","0","assets/data/pickups/weapons/bullets/b_rpg_heat.json","0","0","0","[0,0,0,0,0,0,0,0]","0","","","","","","","","","","","","","","","","","","","","","","","","","","","","","","-1656875244","62096","17218","[153,214,110,21,210,130,100,230]","SEMI-AUTO","3","10","","","","","","360","0.100000","10","1","0.120000","15","-287034846","45927","20427","[171,176,164,126,250,15,137,183]","","0.250000","2.500000","-545799497","64253","20024","[150,94,229,172,117,210,30,147]","0","MAGAZINE","-181921828","37716","17988","[136,209,219,9,89,251,171,109]","0","0","0","[0,0,0,0,0,0,0,0]","6","True","0","30","1","","","","","","","","","","","","","9.999996","0.175000","0","1","8","WEAPON","0.651000","0","0","0","[0,0,0,0,0,0,0,0]","0.400000","1423095803","5973","16695","[135,213,49,223,248,185,213,25]","0.500000","-1656875244","62096","17218","[153,214,110,21,210,130,100,230]","14","","","","","","","","","","","","","","","","","","","","","","","","","","","","","","","","","","13","-1027789249","63163","20448","[153,147,238,170,206,116,104,66]","1","False","","","0","assets/ui/inventory/render/inv_gun_rpg-7.png","","","","","0","0","0","[0,0,0,0,0,0,0,0]","0","0","0","[0,0,0,0,0,0,0,0]","True","0","","-1","False","","1","1377918081","37263","18696","[158,218,66,68,206,176,115,164]","","0","True","False","","1","14","0","0","0","0","0","0","[0,0,0,0,0,0,0,0]","0","0","0","[0,0,0,0,0,0,0,0]","assets/pickups/weapons/gun_rpg.json","False","0.330000","assets/ui/inventory/render/inv_gun_rpg-7.png","[""MULTIPLY"",""SCREEN""]","False","assets/data/fx/wfx_rpg_rpg7_01.json","False","False","False","False","True","False","True","False","","","True","False","True","False","False","False","False","False","True","False","True","False","True","False","True","False","False","False","False","False","False","False"
"gun_s-u_bottle.name","gun_s-u_bottle.json","gun_s-u_bottle.description","ARTILLERY_WEAPON","AMMOTYPE_NONE","","","","","","","","","","","","","","","","","","","","","20","0.750000","1","1","0","3","","0","1","True","0","assets/data/pickups/weapons/bullets/b_rock.json","0","0","0","[0,0,0,0,0,0,0,0]","0","","","","","","","","","","","","","","","","","","","","","","","","","","","","","","0","0","0","[0,0,0,0,0,0,0,0]","BURST/AUTO","0","0","","","","","","360","0","0","0.200000","0.250000","0","0","0","0","[0,0,0,0,0,0,0,0]","","0.200000","0.900000","0","0","0","[0,0,0,0,0,0,0,0]","0","MAGAZINE","0","0","0","[0,0,0,0,0,0,0,0]","0","0","0","[0,0,0,0,0,0,0,0]","2","True","0","1","0","","","","","","","","","","","","","13.999998","1","0","0","0","WEAPON","0.001000","0","0","0","[0,0,0,0,0,0,0,0]","0.200000","-1586474137","53870","17581","[177,40,239,238,176,128,92,212]","0.500000","0","0","0","[0,0,0,0,0,0,0,0]","-1","","","","","","","","","","","","","","","","","","","","","","","","","","","","","","","","","","0","606135825","42618","18552","[148,218,105,37,194,250,222,190]","4","False","","","0","","","","","","0","0","0","[0,0,0,0,0,0,0,0]","0","0","0","[0,0,0,0,0,0,0,0]","True","-65","","-1","False","","1","-913379365","1444","20330","[146,141,126,74,15,224,99,86]","","0","True","False","point","1","4","0","0","0","0","0","0","[0,0,0,0,0,0,0,0]","0","0","0","[0,0,0,0,0,0,0,0]","assets/pickups/weapons/throw_rock_01.json","True","0","assets/ui/hud/HUD_ammo_arty.png","[""MULTIPLY"",""SCREEN""]","False","assets/data/fx/wfx_throw_rock.json","False","False","False","False","True","False","False","False","","","False","False","True","False","False","False","False","False","True","False","False","False","False","False","False","False","False","False","False","False","False","False"
"gun_s-u_cinderblock.name","gun_s-u_cinderblock.json","gun_s-u_cinderblock.description","ARTILLERY_WEAPON","AMMOTYPE_NONE","","","","","","","","","","","","","","","","","","","","","20","0.750000","1","1","0","0.850000","","0","1","True","0","assets/data/pickups/weapons/bullets/b_cinderblock.json","0","0","0","[0,0,0,0,0,0,0,0]","0","","","","","","","","","","","","","","","","","","","","","","","","","","","","","","0","0","0","[0,0,0,0,0,0,0,0]","BURST/AUTO","0","0","","","","","","360","0.200000","0","0.200000","0.250000","0","0","0","0","[0,0,0,0,0,0,0,0]","","0.200000","0.900000","0","0","0","[0,0,0,0,0,0,0,0]","0","MAGAZINE","0","0","0","[0,0,0,0,0,0,0,0]","0","0","0","[0,0,0,0,0,0,0,0]","1.500000","True","0","1","0.700000","","","","","","","","","","","","","7.000000","1.100000","0","0","0","WEAPON","0.001000","0","0","0","[0,0,0,0,0,0,0,0]","0.200000","-1586474137","53870","17581","[177,40,239,238,176,128,92,212]","0.500000","0","0","0","[0,0,0,0,0,0,0,0]","7","","","","","","","","","","","","","","","","","","","","","","","","","","","","","","","","","","0","606135825","42618","18552","[148,218,105,37,194,250,222,190]","4","False","","","0","assets/ui/inventory/render/inv_gun_cinderblock.png","","","","","0","0","0","[0,0,0,0,0,0,0,0]","0","0","0","[0,0,0,0,0,0,0,0]","True","-65","","-1","False","","1","-913379365","1444","20330","[146,141,126,74,15,224,99,86]","","0","True","False","point","1","8","0","0","0","0","0","0","[0,0,0,0,0,0,0,0]","0","0","0","[0,0,0,0,0,0,0,0]","assets/pickups/weapons/gun_cinderblock.json","True","0","assets/ui/inventory/render/inv_gun_cinderblock.png","[""MULTIPLY"",""SCREEN""]","False","assets/data/fx/wfx_throw_cinderblock.json","False","False","False","False","True","False","False","False","","","False","False","True","False","False","False","False","False","True","False","False","False","False","False","False","False","False","False","False","False","False","False"
"gun_s-u_flash.name","gun_s-u_flash.json","gun_s-u_flash.description","ARTILLERY_WEAPON","AMMOTYPE_BULLET","","","","","","","","","","","","","","","","","","","","","20","1","5","1","0","3","","0","1","True","0","assets/data/pickups/weapons/bullets/b_g_flash.json","0","0","0","[0,0,0,0,0,0,0,0]","0","","","","","","","","","","","","","","","","","","","","","","","","","","","","","","0","0","0","[0,0,0,0,0,0,0,0]","SEMI-AUTO","20","10","","","","","","360","0","0","0.650000","0.250000","0","0","0","0","[0,0,0,0,0,0,0,0]","","0.200000","0.900000","0","0","0","[0,0,0,0,0,0,0,0]","0","MAGAZINE","0","0","0","[0,0,0,0,0,0,0,0]","0","0","0","[0,0,0,0,0,0,0,0]","2","True","0","1","0","","","","","","","","","","","","","13.999998","1","0","0","0","WEAPON","0.001000","0","0","0","[0,0,0,0,0,0,0,0]","0.200000","0","0","0","[0,0,0,0,0,0,0,0]","0.500000","0","0","0","[0,0,0,0,0,0,0,0]","-1","","","","","","","","","","","","","","","","","","","","","","","","","","","","","","","","","","0","-181921828","37716","17988","[136,209,219,9,89,251,171,109]","4","False","","","0","assets/ui/inventory/render/inv_ammo_g_flash.png","","","","","0","0","0","[0,0,0,0,0,0,0,0]","0","0","0","[0,0,0,0,0,0,0,0]","True","-49.999958","","-1","False","","1","0","0","0","[0,0,0,0,0,0,0,0]","","0","True","False","point","1","1","0","0","0","0","0","0","[0,0,0,0,0,0,0,0]","0","0","0","[0,0,0,0,0,0,0,0]","assets/pickups/weapons/gun_flash.json","True","0.330000","assets/ui/inventory/render/inv_ammo_g_flash.png","[""MULTIPLY"",""SCREEN""]","False","assets/data/fx/wfx_throw_grenade.json","False","False","False","False","False","False","False","False","","","False","False","True","False","False","False","False","False","False","False","False","False","False","False","False","False","False","False","False","False","False","False"
"gun_s-u_frag.name","gun_s-u_frag.json","gun_s-u_frag.description","ARTILLERY_WEAPON","AMMOTYPE_BULLET","","","","","","","","","","","","","","","","","","","","","20","1","5","1","0","3","","0","1","True","0","assets/data/pickups/weapons/bullets/b_g_frag.json","0","0","0","[0,0,0,0,0,0,0,0]","0","","","","","","","","","","","","","","","","","","","","","","","","","","","","","","0","0","0","[0,0,0,0,0,0,0,0]","SEMI-AUTO","0","10","","","","","","360","0","0","0.550000","0.250000","0","0","0","0","[0,0,0,0,0,0,0,0]","","0.200000","0.900000","0","0","0","[0,0,0,0,0,0,0,0]","0","MAGAZINE","0","0","0","[0,0,0,0,0,0,0,0]","0","0","0","[0,0,0,0,0,0,0,0]","2","True","0","1","0","","","","","","","","","","","","","13.999998","1","0","0","0","WEAPON","0.001000","0","0","0","[0,0,0,0,0,0,0,0]","0.200000","0","0","0","[0,0,0,0,0,0,0,0]","0.500000","0","0","0","[0,0,0,0,0,0,0,0]","-1","","","","","","","","","","","","","","","","","","","","","","","","","","","","","","","","","","0","-181921828","37716","17988","[136,209,219,9,89,251,171,109]","4","False","","","0","assets/ui/inventory/render/inv_ammo_g_frag.png","","","","","0","0","0","[0,0,0,0,0,0,0,0]","0","0","0","[0,0,0,0,0,0,0,0]","True","-49.999958","","-1","False","","1","0","0","0","[0,0,0,0,0,0,0,0]","","0","True","False","point","1","1","0","0","0","0","0","0","[0,0,0,0,0,0,0,0]","0","0","0","[0,0,0,0,0,0,0,0]","assets/pickups/weapons/gun_frag.json","True","0.330000","assets/ui/inventory/render/inv_ammo_g_frag.png","[""MULTIPLY"",""SCREEN""]","False","assets/data/fx/wfx_throw_grenade.json","False","False","False","False","False","False","False","False","","","False","False","True","False","False","False","False","False","False","False","False","False","False","False","False","False","False","False","False","False","False","False"
"gun_s-u_law.name","gun_s-u_law.json","gun_s-u_law.description","ARTILLERY_WEAPON","AMMOTYPE_BULLET","","","","","","","","","","","","","","","","","","","","","40","5","1","1","0","0.500000","","4","1","True","0","assets/data/pickups/weapons/bullets/b_law.json","0","0","0","[0,0,0,0,0,0,0,0]","0","","","","","","","","","","","","","","","","","","","","","","","","","","","","","","0","0","0","[0,0,0,0,0,0,0,0]","SEMI-AUTO","1","0","","","","","","360","0","0","5","0.120000","0","0","0","0","[0,0,0,0,0,0,0,0]","","0.200000","0.900000","0","0","0","[0,0,0,0,0,0,0,0]","0","MAGAZINE","0","0","0","[0,0,0,0,0,0,0,0]","0","0","0","[0,0,0,0,0,0,0,0]","2","True","0","1","1","","","","","","","","","","","","","9.999996","0.250000","0","1","8","WEAPON","0.651000","0","0","0","[0,0,0,0,0,0,0,0]","0.400000","1423095803","5973","16695","[135,213,49,223,248,185,213,25]","0.500000","-1656875244","62096","17218","[153,214,110,21,210,130,100,230]","-1","","","","","","","","","","","","","","","","","","","","","","","","","","","","","","","","","","0","-780427079","2093","16501","[146,65,136,148,114,49,0,4]","3","False","","","0","assets/ui/inventory/render/inv_gun_law.png","","","","","0","0","0","[0,0,0,0,0,0,0,0]","0","0","0","[0,0,0,0,0,0,0,0]","True","0","","-1","False","","1","1377918081","37263","18696","[158,218,66,68,206,176,115,164]","","0","True","False","","1","5","0","0","0","0","0","0","[0,0,0,0,0,0,0,0]","0","0","0","[0,0,0,0,0,0,0,0]","assets/pickups/weapons/gun_law.json","False","0.330000","assets/ui/inventory/render/inv_gun_law.png","[""MULTIPLY"",""SCREEN""]","False","assets/data/fx/wfx_s-u_law.json","False","False","False","False","True","False","True","False","","","False","False","True","False","False","False","False","False","True","False","False","False","False","False","False","False","False","False","False","False","False","False"
"gun_s-u_rock.name","gun_s-u_rock.json","gun_s-u_rock.description","ARTILLERY_WEAPON","AMMOTYPE_NONE","","","","","","","","","","","","","","","","","","","","","20","1.400000","6","1","0","0.600000","","0","1","True","0","assets/data/pickups/weapons/bullets/b_rock.json","0","0","0","[0,0,0,0,0,0,0,0]","0","","","","","","","","","","","","","","","","","","","","","","","","","","","","","","0","0","0","[0,0,0,0,0,0,0,0]","BURST/AUTO","0","0","","","","","","360","0.200000","0","0.200000","0.250000","0","0","0","0","[0,0,0,0,0,0,0,0]","","0.200000","0.900000","0","0","0","[0,0,0,0,0,0,0,0]","0","MAGAZINE","0","0","0","[0,0,0,0,0,0,0,0]","0","0","0","[0,0,0,0,0,0,0,0]","1.500000","True","0","1","0.700000","","","","","","","","","","","","","13.999998","0.900000","0","0","0","WEAPON","0.001000","0","0","0","[0,0,0,0,0,0,0,0]","0.200000","-1586474137","53870","17581","[177,40,239,238,176,128,92,212]","0.500000","0","0","0","[0,0,0,0,0,0,0,0]","9","","","","","","","","","","","","","","","","","","","","","","","","","","","","","","","","","","0","606135825","42618","18552","[148,218,105,37,194,250,222,190]","4","False","","","0","assets/ui/inventory/render/inv_gun_rock.png","","","","","0","0","0","[0,0,0,0,0,0,0,0]","0","0","0","[0,0,0,0,0,0,0,0]","True","-65","","-1","False","","1","-913379365","1444","20330","[146,141,126,74,15,224,99,86]","","0","True","False","point","1","4","0","0","0","0","0","0","[0,0,0,0,0,0,0,0]","0","0","0","[0,0,0,0,0,0,0,0]","assets/pickups/weapons/gun_rock.json","True","0","assets/ui/inventory/render/inv_gun_rock.png","[""MULTIPLY"",""SCREEN""]","False","assets/data/fx/wfx_throw_rock.json","False","False","False","False","True","False","False","False","","","False","False","True","False","False","False","False","False","True","False","False","False","False","False","False","False","False","False","False","False","False","False"
"gun_s-u_smoke.name","gun_s-u_smoke.json","gun_s-u_smoke.description","ARTILLERY_WEAPON","AMMOTYPE_BULLET","","","","","","","","","","","","","","","","","","","","","20","1","5","1","0","0","","0","1","True","0","assets/data/pickups/weapons/bullets/b_g_smoke.json","0","0","0","[0,0,0,0,0,0,0,0]","0","","","","","","","","","","","","","","","","","","","","","","","","","","","","","","0","0","0","[0,0,0,0,0,0,0,0]","SEMI-AUTO","0","0","","","","","","360","0","0","0.750000","0.250000","0","0","0","0","[0,0,0,0,0,0,0,0]","","0.200000","0.900000","0","0","0","[0,0,0,0,0,0,0,0]","0","MAGAZINE","0","0","0","[0,0,0,0,0,0,0,0]","0","0","0","[0,0,0,0,0,0,0,0]","2","True","0","1","0","","","","","","","","","","","","","0","1","0","0","0","WEAPON","0.001000","0","0","0","[0,0,0,0,0,0,0,0]","0.200000","0","0","0","[0,0,0,0,0,0,0,0]","0.500000","0","0","0","[0,0,0,0,0,0,0,0]","-1","","","","","","","","","","","","","","","","","","","","","","","","","","","","","","","","","","0","-181921828","37716","17988","[136,209,219,9,89,251,171,109]","4","False","","","0","assets/ui/inventory/render/inv_ammo_g_smoke.png","","","","","0","0","0","[0,0,0,0,0,0,0,0]","0","0","0","[0,0,0,0,0,0,0,0]","True","-49.999958","","-1","False","","1","0","0","0","[0,0,0,0,0,0,0,0]","","0","True","False","point","3","1","0","0","0","0","0","0","[0,0,0,0,0,0,0,0]","0","0","0","[0,0,0,0,0,0,0,0]","assets/pickups/weapons/gun_smoke.json","True","0.330000","assets/ui/inventory/render/inv_ammo_g_smoke.png","[""MULTIPLY"",""SCREEN""]","False","assets/data/fx/wfx_special_smoke_01.json","False","False","False","False","False","False","False","False","","","False","False","True","False","False","False","False","False","False","False","False","False","False","False","False","False","False","False","False","False","False","False"
"gun_s-u_thermobaric.name","gun_s-u_thermobaric.json","gun_s-u_thermobaric.description","ARTILLERY_WEAPON","AMMOTYPE_BULLET","","","","","","","","","","","","","","","","","","","","","20","1.800000","4","1","0","3","","0","1","True","0","assets/data/pickups/weapons/bullets/b_g_thermobaric.json","0","0","0","[0,0,0,0,0,0,0,0]","0","","","","","","","","","","","","","","","","","","","","","","","","","","","","","","0","0","0","[0,0,0,0,0,0,0,0]","SEMI-AUTO","0","10","","","","","","360","0","0","1.450000","0.250000","0","0","0","0","[0,0,0,0,0,0,0,0]","","0.200000","0.900000","0","0","0","[0,0,0,0,0,0,0,0]","0","MAGAZINE","0","0","0","[0,0,0,0,0,0,0,0]","0","0","0","[0,0,0,0,0,0,0,0]","2","True","0","1","0.150000","","","","","","","","","","","","","13.999998","1","0","0","0","WEAPON","0.001000","0","0","0","[0,0,0,0,0,0,0,0]","0.200000","0","0","0","[0,0,0,0,0,0,0,0]","0.500000","0","0","0","[0,0,0,0,0,0,0,0]","-1","","","","","","","","","","","","","","","","","","","","","","","","","","","","","","","","","","0","-181921828","37716","17988","[136,209,219,9,89,251,171,109]","4","False","","","0.250000","assets/ui/inventory/render/inv_gun_s-u_thermobaric.png","","","","","0","0","0","[0,0,0,0,0,0,0,0]","0","0","0","[0,0,0,0,0,0,0,0]","True","-49.999958","","-1","False","","1","0","0","0","[0,0,0,0,0,0,0,0]","","0","True","False","point","1","2","0","0","0","0","0","0","[0,0,0,0,0,0,0,0]","0","0","0","[0,0,0,0,0,0,0,0]","assets/pickups/weapons/gun_smoke.json","True","0.330000","assets/ui/inventory/render/inv_gun_s-u_thermobaric.png","[""MULTIPLY"",""SCREEN""]","False","assets/data/fx/wfx_throw_thermobaric.json","False","False","False","False","False","False","False","False","","","False","False","True","False","False","False","False","False","False","False","False","False","False","False","False","False","False","False","False","False","False","False"
"Zombie bomb vest","gun_seeker_dive.json","FOR RECREATIONAL PURPOSES ONLY","LASER_WEAPON","AMMOTYPE_LASER","","","","","","","","","","","","","","","","","","","","","0.500000","1","-1","1","0","0","assets/data/pickups/ammo/pkp_ammo_cell_hi.json","1","25","True","0","","0","0","0","[0,0,0,0,0,0,0,0]","0","1","1","0","0","0","5","0","0","0","0","0","0","1","0","0","0","0","0","0","0","0","0","0","0","0","0","0","1","1","-1656875244","62096","17218","[153,214,110,21,210,130,100,230]","BURST/AUTO","0","0","0","1","1","1","1","0","0","0","0.900000","0.120000","0","945720742","60821","18391","[168,121,176,32,160,51,144,172]","","0.100000","0.350000","0","0","0","[0,0,0,0,0,0,0,0]","1","MAGAZINE","0","0","0","[0,0,0,0,0,0,0,0]","0","0","0","[0,0,0,0,0,0,0,0]","0.900000","False","0","25","0","0.050000","0","0.018000","1.000000","1","1","[""assets/fx/beams/laser_multiply_02.png"",""assets/fx/beams/laser_screen_02.png""]","0.100000","0.150000","0.010000","0.900000","0","5.000000","1","0.850000","1","0","WEAPON","0.800000","0","0","0","[0,0,0,0,0,0,0,0]","","0","0","0","[0,0,0,0,0,0,0,0]","0.500000","0","0","0","[0,0,0,0,0,0,0,0]","-1","True","0","0","[0,0,0,0,0]","0","0","0","0","0","0","0","0","1","40","0","0","0","0","0","0","0","0","0","0","0","0","0","0","assets/data/fx/pyros/pyro_ground_duiker.json","-316966822","41819","17727","[163,24,45,145,187,217,61,128]","0","0","0","0","[0,0,0,0,0,0,0,0]","3","False","1","1","0","","-0.100000","0.100000","-0.100000","-0.100000","0","0","0","[0,0,0,0,0,0,0,0]","0","0","0","[0,0,0,0,0,0,0,0]","","-49.999992","","-1","False","100","1","0","0","0","[0,0,0,0,0,0,0,0]","2","2000000","False","False","","1","1","1","0.100000","1","0","0","0","[0,0,0,0,0,0,0,0]","0","0","0","[0,0,0,0,0,0,0,0]","assets/fx/null.json","False","0","assets/ui/hud/HUD_sml_laser_01.png","[""MULTIPLY"",""SCREEN""]","False","assets/data/fx/wfx_40mm_thumper.json","False","False","False","False","False","False","False","False","True","False","True","False","False","False","False","False","False","False","False","False","True","False","False","False","False","False","False","False","False","False","False","False"
"gun_temblor.name","gun_temblor.json","gun_temblor.description","LASER_WEAPON","AMMOTYPE_LASER","","","","","","","","","","","","","","","","","","","","","38","0","50","2","0.100000","1.500000","assets/data/pickups/ammo/pkp_ammo_cell_hi.json","1","50","True","0","","0","0","0","[0,0,0,0,0,0,0,0]","0","0","0","0","0","1","0","0","0","0","0","0","0","0","0","0","0","0","0","0","0","0","0","0","0","0","0","0","0","0","0","0","0","[0,0,0,0,0,0,0,0]","BURST/AUTO","0","0","0","3","0.350000","0.350000","8","1.500000","1.500000","0","0.900000","0.120000","0","0","0","0","[0,0,0,0,0,0,0,0]","","0.100000","0.350000","0","0","0","[0,0,0,0,0,0,0,0]","1","MAGAZINE","0","0","0","[0,0,0,0,0,0,0,0]","0","0","0","[0,0,0,0,0,0,0,0]","2","True","0","100","0","0.250000","0.200000","0.038000","342.999908","-2","10","[""assets/fx/beams/laser_multiply.png"",""assets/fx/beams/laser_screen.png""]","16","0.858000","0","0.984000","0.452000","1.500000","1","0","0","4","WEAPON","0.400000","0","0","0","[0,0,0,0,0,0,0,0]","","1423095803","5973","16695","[135,213,49,223,248,185,213,25]","0.500000","-1656875244","62096","17218","[153,214,110,21,210,130,100,230]","-1","True","0","0","[0,0,0,0,0]","0","0","0","0","0","0","0","0","0","0","0","0","0","0","0","0","0","0","0","0","0","0","0","0","assets/data/fx/pyros/pyro_null.json","-538924030","57833","18363","[147,125,181,166,22,37,252,89]","0","-1801066480","11825","17648","[179,100,161,216,181,0,41,154]","3","False","10","5","0","assets/ui/hud/HUD_sml_laser_01.png","-0.200000","1","-0.200000","-0.200000","0","0","0","[0,0,0,0,0,0,0,0]","0","0","0","[0,0,0,0,0,0,0,0]","","-49.999958","","-1","False","5","1","1377918081","37263","18696","[158,218,66,68,206,176,115,164]","4","2000000","False","False","","4","28","0","0","0","0","0","0","[0,0,0,0,0,0,0,0]","0","0","0","[0,0,0,0,0,0,0,0]","assets/pickups/weapons/gun_blackhand.json","False","0","assets/ui/hud/HUD_sml_laser_01.png","[""MULTIPLY"",""SCREEN""]","False","assets/data/fx/wfx_laser_small_01.json","False","False","False","False","True","False","True","False","True","True","False","False","True","False","False","False","False","False","True","False","False","False","False","False","False","False","False","False","False","False","False","False"
"BALLISTIC WEAPON TEMPLATE","gun_template_ballistic.json","[   DESCRIPTION INTENTIONALLY LEFT BLANK   ]","ARTILLERY_WEAPON","AMMOTYPE_BULLET","","","","","","","","","","","","","","","","","","","","","100","2.500000","500","1","0","0","assets/data/pickups/ammo/pkp_ammo_template_ballistic.json","4","75","False","0","assets/data/pickups/weapons/bullets/b_template_ballistic.json","0","0","0","[0,0,0,0,0,0,0,0]","0","","","","","","","","","","","","","","","","","","","","","","","","","","","","","","-1656875244","62096","17218","[153,214,110,21,210,130,100,230]","SEMI-AUTO","0.300000","0","","","","","","0","0","0","1","0.120000","4","0","0","0","[0,0,0,0,0,0,0,0]","","0.100000","0.900000","0","0","0","[0,0,0,0,0,0,0,0]","1","MAGAZINE","0","0","0","[0,0,0,0,0,0,0,0]","0","0","0","[0,0,0,0,0,0,0,0]","1","True","0","500","0","","","","","","","","","","","","","0","0","0","0","50","WEAPON","0.500000","0","0","0","[0,0,0,0,0,0,0,0]","1","1423095803","5973","16695","[135,213,49,223,248,185,213,25]","0.500000","-1656875244","62096","17218","[153,214,110,21,210,130,100,230]","50","","","","","","","","","","","","","","","","","","","","","","","","","","","","","","","","","","0","0","0","0","[0,0,0,0,0,0,0,0]","3","False","","","0","assets/ui/hud/HUD_sml_can_01.png","","","","","0","0","0","[0,0,0,0,0,0,0,0]","0","0","0","[0,0,0,0,0,0,0,0]","True","-45","","100","False","","1","1377918081","37263","18696","[158,218,66,68,206,176,115,164]","","0","False","False","","1","0","0","0","0","0","0","0","[0,0,0,0,0,0,0,0]","0","0","0","[0,0,0,0,0,0,0,0]","assets/pickups/weapons/gun_thumper.json","False","2.500000","assets/ui/hud/HUD_sml_can_01.png","[""MULTIPLY"",""SCREEN""]","False","assets/data/fx/wfx_flame_small_01.json","False","False","False","False","True","False","True","False","","","True","False","False","False","False","False","False","False","True","False","False","False","False","False","False","False","False","False","False","False","False","False"
"Laser Template","gun_template_laser.json","","LASER_WEAPON","AMMOTYPE_LASER","","","","","","","","","","","","","","","","","","","","","100","2.500000","500","1","0","0","assets/data/pickups/ammo/pkp_ammo_cell_lo.json","1","75","True","0","","0","0","0","[0,0,0,0,0,0,0,0]","0","1","1","0","0","0","0","0","0","0","0","0","0","1","0","0","0","0","0","0","0","0","0","0","0","0","0","0","1","1","0","0","0","[0,0,0,0,0,0,0,0]","BURST/AUTO","0","0","0","250","1","1","1","0","0","0","0.900000","0.120000","0","0","0","0","[0,0,0,0,0,0,0,0]","","0.100000","0.350000","0","0","0","[0,0,0,0,0,0,0,0]","1","MAGAZINE","0","0","0","[0,0,0,0,0,0,0,0]","0","0","0","[0,0,0,0,0,0,0,0]","4","True","0","75","0","2.500000","2.500000","0.500000","180","0","5","[""assets/fx/beams/laser_multiply.png"",""assets/fx/beams/laser_screen.png""]","15","0.403000","0.500000","0.727000","0.500000","0","0","0","0","0","WEAPON","0.800000","-776838919","37914","17725","[131,174,226,196,52,162,61,61]","","1423095803","5973","16695","[135,213,49,223,248,185,213,25]","0.500000","-1656875244","62096","17218","[153,214,110,21,210,130,100,230]","-1","False","0","0","[0,0,1,1,0]","0.100000","0","0","0","0","0","0","0","0","0","0","0","0","0","0","0","0","0","0","0","0","0","0","0","","0","0","0","[0,0,0,0,0,0,0,0]","0","-31334617","41463","19581","[141,131,119,65,239,204,250,106]","3","False","1","0","0","assets/ui/hud/HUD_sml_laser_01.png","0","0","0","0","0","0","0","[0,0,0,0,0,0,0,0]","0","0","0","[0,0,0,0,0,0,0,0]","","-49.999992","","-1","False","0","1","1377918081","37263","18696","[158,218,66,68,206,176,115,164]","5","0","False","False","","1","1","0","0","0","0","0","0","[0,0,0,0,0,0,0,0]","0","0","0","[0,0,0,0,0,0,0,0]","assets/pickups/weapons/gun_blackhand.json","False","0","assets/ui/hud/HUD_sml_laser_01.png","[""MULTIPLY"",""SCREEN""]","False","assets/data/fx/wfx_12ga_tet.json","False","False","True","False","True","False","True","False","False","False","False","False","True","False","False","False","False","False","True","False","False","False","False","False","False","False","False","False","False","False","False","False"
"gun_thunderclap.name","gun_thunderclap.json","gun_thunderclap.description","LASER_WEAPON","AMMOTYPE_LASER","","","","","","","","","","","","","","","","","","","","","35","0.325000","100","1","0","0.660000","assets/data/pickups/ammo/pkp_ammo_cell_extreme.json","1","10","True","0","","0","0","0","[0,0,0,0,0,0,0,0]","0","0","0","0","0","0","6","0","0","0","0","0","0","1.350000","0","0","0","0","0","0","0","0","0","0","0","0","0","0","0.350000","1.350000","0","0","0","[0,0,0,0,0,0,0,0]","SEMI-AUTO","0","10","20","10","1.350000","1.350000","0.350000","0.660000","0.660000","0","0.300000","0.120000","0","0","0","0","[0,0,0,0,0,0,0,0]","","0.100000","0.350000","0","0","0","[0,0,0,0,0,0,0,0]","1","MAGAZINE","0","0","0","[0,0,0,0,0,0,0,0]","0","0","0","[0,0,0,0,0,0,0,0]","2","True","0","100","0","0.035000","0.035000","0.500000","149.999954","-0.300000","4","[""assets/fx/beams/laser_multiply_05.png"",""assets/fx/beams/laser_screen_05.png""]","20","0.100000","0","0.700000","1","0.660000","1","0","0","12","WEAPON","0.399000","0","0","0","[0,0,0,0,0,0,0,0]","","1423095803","5973","16695","[135,213,49,223,248,185,213,25]","0.500000","-1656875244","62096","17218","[153,214,110,21,210,130,100,230]","-1","True","0","0","[0,0,0,0,0]","0","0","0","0","0","0","4","0","1.500000","0","0","0","0","0","0","0","0","0","0","0","0","0","0","0","assets/data/fx/squibs/pyro_radius_laser_main_01.json","0","0","0","[0,0,0,0,0,0,0,0]","0","-624616644","32326","16665","[135,229,90,137,238,59,27,18]","3","False","12","0.500000","0","assets/ui/hud/HUD_main_laser_01.png","0","0","0","0","0","0","0","[0,0,0,0,0,0,0,0]","0","0","0","[0,0,0,0,0,0,0,0]","","-49.999958","","-1","False","20","1","1377918081","37263","18696","[158,218,66,68,206,176,115,164]","4","2000000","False","False","","3","380","0","0.100000","0","0","0","0","[0,0,0,0,0,0,0,0]","0","0","0","[0,0,0,0,0,0,0,0]","assets/pickups/weapons/temp_main.json","False","0","assets/ui/hud/HUD_main_laser_01.png","[""MULTIPLY"",""SCREEN""]","False","assets/data/fx/wfx_laser_main_01.json","False","False","False","False","True","False","True","False","False","True","False","False","True","False","False","False","False","False","True","False","False","False","False","False","False","False","False","False","False","False","False","False"
"gun_wip_cello.name","gun_wip_cello.json","gun_wip_cello.description","LASER_WEAPON","AMMOTYPE_LASER","","","","","","","","","","","","","","","","","","","","","20","0.120000","25","1","0","0","assets/data/pickups/ammo/pkp_ammo_cell_lo.json","1","50","True","0","","0","0","0","[0,0,0,0,0,0,0,0]","0","1","1","0","0","0","0","0","0","0","0","0","0","1","0","0","0","0","0","0","0","0","0","0","0","0","0","0","1","1","0","0","0","[0,0,0,0,0,0,0,0]","BURST/AUTO","0","0","0","5.500000","1","1","0.150000","90","0.200000","0","0.900000","0.120000","0","504380819","46064","16437","[183,171,52,139,82,124,153,143]","","0.100000","0.350000","173657436","42737","18311","[173,125,203,83,211,158,126,116]","1","MAGAZINE","-754697557","54215","19615","[183,216,131,50,40,153,127,120]","0","0","0","[0,0,0,0,0,0,0,0]","2.500000","True","0","100","0.100000","0.030000","0.060000","0.503000","187.630005","0.780000","2.322000","[""assets/fx/beams/laser_multiply_05.png"",""assets/fx/beams/laser_screen_05.png""]","9.046000","0.102000","0","0.462000","0.015000","5.000000","0.150000","8","0","0","WEAPON","0.800000","0","0","0","[0,0,0,0,0,0,0,0]","","1423095803","5973","16695","[135,213,49,223,248,185,213,25]","0.500000","-1656875244","62096","17218","[153,214,110,21,210,130,100,230]","-1","False","0","0","[0,0,1,1,0]","0.100000","0","0","0","0","0","0","0","0","0","0","0","0","0","0","0","0","0","0","0","0","0","0","0","","0","0","0","[0,0,0,0,0,0,0,0]","5","-1782446905","50902","19515","[178,187,155,224,86,238,90,103]","3","False","3","0","-2","assets/ui/inventory/render/inv_gun_cello.png","0","0","0","0","0","0","0","[0,0,0,0,0,0,0,0]","0","0","0","[0,0,0,0,0,0,0,0]","","-49.999992","","-1","False","5","1","1377918081","37263","18696","[158,218,66,68,206,176,115,164]","1","0","False","False","","1","5","0","0","0","0","0","0","[0,0,0,0,0,0,0,0]","0","0","0","[0,0,0,0,0,0,0,0]","assets/pickups/weapons/gun_concrifle.json","False","0","assets/ui/inventory/render/inv_gun_cello.png","[""MULTIPLY"",""SCREEN""]","False","assets/data/fx/wfx_laser_tur_02.json","False","False","False","False","True","False","True","False","False","False","False","False","True","False","False","False","False","False","True","False","True","False","True","False","True","False","False","False","False","False","False","False"
"gun_wip_cendrillon.name","gun_wip_cendrillon.json","gun_wip_cendrillon.description","LASER_WEAPON","AMMOTYPE_LASER","","","","","","","","","","","","","","","","","","","","","26","1.600000","9","1","0.020000","0.100000","assets/data/pickups/ammo/pkp_ammo_cell_hi.json","1","75","True","1","","0","0","0","[0,0,0,0,0,0,0,0]","0","1","1","0","0","0","8","2","1","0.400000","5.330000","6","4","1","0","0","0","0","0","0","0","0","0","0","0","0","0","0","0.220000","0.440000","0","0","0","[0,0,0,0,0,0,0,0]","SEMI-AUTO","0","0","0","2","1","0.800000","0.220000","60","0.050000","0","1.200000","0.120000","0","0","0","0","[0,0,0,0,0,0,0,0]","","0.100000","0.350000","0","0","0","[0,0,0,0,0,0,0,0]","1","MAGAZINE","0","0","0","[0,0,0,0,0,0,0,0]","0","0","0","[0,0,0,0,0,0,0,0]","3","True","0","75","0","0.100000","0.080000","0.012000","123.321999","0.273000","0.339000","[""assets/fx/beams/laser_multiply_03.png"",""assets/fx/beams/laser_screen_04.png""]","17.802999","0.306000","0.192000","0.856000","0.026000","4.400000","0.600000","0","0","2","WEAPON","0.800000","0","0","0","[0,0,0,0,0,0,0,0]","","1423095803","5973","16695","[135,213,49,223,248,185,213,25]","0.500000","-1656875244","62096","17218","[153,214,110,21,210,130,100,230]","17","False","0","0","[0,0,1,1,0]","0.100000","0","-0.060000","6","-0.133000","-0.150000","1","0","1.600000","0","0","0","0","0","0","0","0","0","0","0","0","0","0","0","","0","0","0","[0,0,0,0,0,0,0,0]","16","513290202","65379","17925","[187,97,143,232,241,248,112,66]","3","False","9","0","3","assets/ui/hud/HUD_sml_laser_01.png","-0.660000","1.100000","-0.330000","-0.800000","0","0","0","[0,0,0,0,0,0,0,0]","0","0","0","[0,0,0,0,0,0,0,0]","","-49.999992","","170","False","5","1","1377918081","37263","18696","[158,218,66,68,206,176,115,164]","1","0","False","False","","6","40","0","0","0","0","0","0","[0,0,0,0,0,0,0,0]","0","0","0","[0,0,0,0,0,0,0,0]","assets/pickups/weapons/gun_blackhand.json","False","0","assets/ui/hud/HUD_sml_laser_01.png","[""MULTIPLY"",""SCREEN""]","False","assets/data/fx/wfx_laser_small_02.json","False","False","False","False","True","False","True","False","False","True","False","False","True","False","False","False","False","False","True","False","False","False","False","False","False","False","False","False","False","False","False","False"
"gun_wip_costigan.name","gun_wip_costigan.json","gun_wip_costigan.description","LASER_WEAPON","AMMOTYPE_LASER","","","","","","","","","","","","","","","","","","","","","26","0.400000","20","1","0","0.500000","assets/data/pickups/ammo/pkp_ammo_cell_lo.json","1","40","True","0","","0","0","0","[0,0,0,0,0,0,0,0]","0","1","1","0","0","0","0","0","0","0","0","0","0","1","0","0","0","0","0","0","0","0","0","0","0","0","0","0","1","1","0","0","0","[0,0,0,0,0,0,0,0]","SEMI-AUTO","0","0","0","7","1.500000","1","0.150000","90","0.050000","0","0.220000","0.120000","0","0","0","0","[0,0,0,0,0,0,0,0]","","0.100000","0.350000","0","0","0","[0,0,0,0,0,0,0,0]","1","MAGAZINE","0","0","0","[0,0,0,0,0,0,0,0]","0","0","0","[0,0,0,0,0,0,0,0]","1.250000","True","0","80","0.100000","0.020000","0.080000","0.231000","175.490997","0.958000","7.331000","[""assets/fx/beams/laser_multiply.png"",""assets/fx/beams/laser_screen.png""]","7","0.165000","0.055000","0.852000","0.028000","3","0.150000","15","0","1","WEAPON","0.800000","0","0","0","[0,0,0,0,0,0,0,0]","","1423095803","5973","16695","[135,213,49,223,248,185,213,25]","0.500000","-1656875244","62096","17218","[153,214,110,21,210,130,100,230]","-1","False","0","0","[0,0,1,1,0]","0.100000","0","0","0","0","0","0","0","0","0","0","0","0","0","0","0","0","0","0","0","0","0","0","0","","0","0","0","[0,0,0,0,0,0,0,0]","5","-297919714","30710","19281","[161,203,98,23,113,218,181,191]","3","False","3","0","-4","assets/ui/inventory/render/inv_gun_costigan.png","0","0","0","0","0","0","0","[0,0,0,0,0,0,0,0]","0","0","0","[0,0,0,0,0,0,0,0]","","-49.999992","","-1","False","5","1","1377918081","37263","18696","[158,218,66,68,206,176,115,164]","1","0","False","False","","1","5","0","0","0","0","0","0","[0,0,0,0,0,0,0,0]","0","0","0","[0,0,0,0,0,0,0,0]","assets/pickups/weapons/laser_small.json","False","0","assets/ui/inventory/render/inv_gun_costigan.png","[""MULTIPLY"",""SCREEN""]","False","assets/data/fx/wfx_laser_tur_02.json","False","False","False","False","True","False","True","False","False","False","False","False","True","False","False","False","False","False","True","False","False","False","False","False","False","False","False","False","False","False","False","False"
"gun_wip_geist.name","gun_wip_geist.json","gun_wip_geist.description","ARTILLERY_WEAPON","AMMOTYPE_BULLET","","","","","","","","","","","","","","","","","","","","","100","0.750000","12","1","0","0.500000","assets/data/pickups/ammo/pkp_ammo_wip_geist.json","4","36","False","0","assets/data/pickups/weapons/bullets/b_wip_geist.json","0","0","0","[0,0,0,0,0,0,0,0]","0","","","","","","","","","","","","","","","","","","","","","","","","","","","","","","-1656875244","62096","17218","[153,214,110,21,210,130,100,230]","SEMI-AUTO","0","0","","","","","","99.999916","0.500000","0","0.660000","0.120000","30","-1057198600","18069","18198","[144,179,241,59,1,71,237,232]","","1","4","60116200","32446","20256","[144,122,216,71,105,168,139,54]","1","MAGAZINE","1965412754","41357","18726","[135,227,114,207,36,182,19,174]","173657436","42737","18311","[173,125,203,83,211,158,126,116]","5","True","0","120","0.450000","","","","","","","","","","","","","12.999995","1.100000","0","1","3","WEAPON","0.300000","780966319","57636","16495","[142,172,178,163,60,140,46,189]","1","1423095803","5973","16695","[135,213,49,223,248,185,213,25]","0.500000","-1656875244","62096","17218","[153,214,110,21,210,130,100,230]","50","","","","","","","","","","","","","","","","","","","","","","","","","","","","","","","","","","18","-1679055602","303","20058","[188,194,194,150,245,123,139,55]","3","False","","","2","assets/ui/inventory/render/inv_gun_spiw.png","","","","","0","0","0","[0,0,0,0,0,0,0,0]","0","0","0","[0,0,0,0,0,0,0,0]","True","-45","","100","False","","1","1377918081","37263","18696","[158,218,66,68,206,176,115,164]","","0","False","False","","1","30","0","0","0","0","0","0","[0,0,0,0,0,0,0,0]","0","0","0","[0,0,0,0,0,0,0,0]","assets/pickups/weapons/gun_geist.json","False","1","assets/ui/inventory/render/inv_gun_spiw.png","[""MULTIPLY"",""SCREEN""]","False","assets/data/fx/wfx_geist_geist.json","False","False","True","False","True","False","True","False","","","True","False","True","False","False","False","False","False","True","False","True","False","True","False","True","False","True","False","False","False","False","False"
"gun_wip_gollop.name","gun_wip_gollop.json","gun_wip_gollop.description","LASER_WEAPON","AMMOTYPE_LASER","","","","","","","","","","","","","","","","","","","","","25","0.280000","25","1","0","0.500000","assets/data/pickups/ammo/pkp_ammo_cell_med.json","1","50","True","0","","0","0","0","[0,0,0,0,0,0,0,0]","0","1","1","0","0","0","0","0","0","0","0","0","0","1","0","0","0","0","0","0","0","0","0","0","0","0","0","0","1","1","0","0","0","[0,0,0,0,0,0,0,0]","BURST/AUTO","0","0","0","9","1","1","0.250000","90","0","0","0.900000","0.120000","0","0","0","0","[0,0,0,0,0,0,0,0]","","0.100000","0.350000","0","0","0","[0,0,0,0,0,0,0,0]","1","MAGAZINE","0","0","0","[0,0,0,0,0,0,0,0]","0","0","0","[0,0,0,0,0,0,0,0]","4","True","0","100","0.100000","0.010000","0.030000","0.536000","299.306946","0.934000","3.112000","[""assets/fx/beams/laser_multiply.png"",""assets/fx/beams/laser_screen.png""]","7.659000","0.217000","0.028000","0.710000","0.033000","6","0.150000","15","0","3","WEAPON","0.800000","0","0","0","[0,0,0,0,0,0,0,0]","","1423095803","5973","16695","[135,213,49,223,248,185,213,25]","0.500000","-1656875244","62096","17218","[153,214,110,21,210,130,100,230]","-1","False","0","0","[0,0,1,1,0]","0.100000","0","0","0","0","0","0","0","0","0","0","0","0","0","0","0","0","0","0","0","0","0","0","0","","0","0","0","[0,0,0,0,0,0,0,0]","9","-1444357866","46526","20157","[174,114,139,226,184,40,39,66]","3","False","3","0","0","assets/ui/inventory/render/inv_gun_gollop.png","0","0","0","0","0","0","0","[0,0,0,0,0,0,0,0]","0","0","0","[0,0,0,0,0,0,0,0]","","-49.999992","","-1","False","15","1","1377918081","37263","18696","[158,218,66,68,206,176,115,164]","2","0","False","False","","1","11","0","0","0","0","0","0","[0,0,0,0,0,0,0,0]","0","0","0","[0,0,0,0,0,0,0,0]","assets/pickups/weapons/gun_blackhand.json","False","0","assets/ui/inventory/render/inv_gun_gollop.png","[""MULTIPLY"",""SCREEN""]","False","assets/data/fx/wfx_laser_main_01.json","False","False","False","False","True","False","True","False","False","False","False","False","True","False","False","False","False","False","True","False","False","False","False","False","False","False","False","False","False","False","False","False"
"gun_wip_kalastaja.name","gun_wip_kalastaja.json","gun_wip_kalastaja.description","LASER_WEAPON","AMMOTYPE_LASER","","","","","","","","","","","","","","","","","","","","","100","0.123000","50","1","0","1.000000","assets/data/pickups/ammo/pkp_ammo_cell_lo.json","1","100","True","0","","0","0","0","[0,0,0,0,0,0,0,0]","0","1","1","0","0","0","0","0","0","0","0","0","0","1","0","0","0","0","0","0","0","0","0","0","0","0","0","0","1","1","0","0","0","[0,0,0,0,0,0,0,0]","BURST/AUTO","0","0","0","9","1","1","0.150000","8.000000","0.400000","0","0.900000","0.120000","0","0","0","0","[0,0,0,0,0,0,0,0]","","0.100000","0.350000","0","0","0","[0,0,0,0,0,0,0,0]","1","MAGAZINE","0","0","0","[0,0,0,0,0,0,0,0]","0","0","0","[0,0,0,0,0,0,0,0]","4","True","0","200","0.250000","0.050000","0.020000","0.615000","220.577927","1","0.116000","[""assets/fx/beams/laser_multiply.png"",""assets/fx/beams/laser_screen.png""]","6.879000","0.144000","0.881000","0.837000","0.222000","8.000000","0.116000","3.863000","0","0","WEAPON","0.800000","0","0","0","[0,0,0,0,0,0,0,0]","","1423095803","5973","16695","[135,213,49,223,248,185,213,25]","0.500000","-1656875244","62096","17218","[153,214,110,21,210,130,100,230]","-1","False","0","0","[0,0,1,1,0]","0.100000","0","0","0","0","0","0","0","0","0","0","0","0","0","0","0","0","0","0","0","0","0","0","0","","0","0","0","[0,0,0,0,0,0,0,0]","9","-1836684485","26216","19307","[146,187,132,156,80,98,109,138]","3","False","3","0","0","assets/ui/inventory/render/inv_gun_kalastaja.png","0","0","0","0","0","0","0","[0,0,0,0,0,0,0,0]","0","0","0","[0,0,0,0,0,0,0,0]","","-49.999992","","-1","False","5","1","1377918081","37263","18696","[158,218,66,68,206,176,115,164]","2","0","False","False","","2","15","0","0","0","0","0","0","[0,0,0,0,0,0,0,0]","0","0","0","[0,0,0,0,0,0,0,0]","assets/pickups/weapons/gun_blackhand.json","False","0","assets/ui/inventory/render/inv_gun_kalastaja.png","[""MULTIPLY"",""SCREEN""]","False","assets/data/fx/wfx_laser_tur_02.json","False","False","False","False","True","False","True","False","False","False","False","False","True","False","False","False","False","False","True","False","False","False","False","False","False","False","False","False","False","False","False","False"
"gun_wip_kentaro.name","gun_wip_kentaro.json","gun_wip_kentaro.description","LASER_WEAPON","AMMOTYPE_LASER","","","","","","","","","","","","","","","","","","","","","100","0.040000","250","1","0","6","assets/data/pickups/ammo/pkp_ammo_cell_med.json","1","500","True","0","","0","0","0","[0,0,0,0,0,0,0,0]","0","1","1","0","0","0","0","0","0","0","0","0","0","1","0","0","0","0","0","0","0","0","0","0","0","0","0","0","1","1","0","0","0","[0,0,0,0,0,0,0,0]","BURST/AUTO","0","0","0","5.250000","1","1","0.150000","90","1.000000","0","0.900000","0.120000","0","0","0","0","[0,0,0,0,0,0,0,0]","","0.100000","0.350000","0","0","0","[0,0,0,0,0,0,0,0]","1","MAGAZINE","0","0","0","[0,0,0,0,0,0,0,0]","0","0","0","[0,0,0,0,0,0,0,0]","6","True","0","1000","0","0.010000","0.050000","0.347000","96.068993","1","1.985000","[""assets/fx/beams/laser_multiply.png"",""assets/fx/beams/laser_screen.png""]","9","0.403000","0.500000","0.727000","0.500000","0","0.278000","5","0","2","WEAPON","0.800000","0","0","0","[0,0,0,0,0,0,0,0]","","1423095803","5973","16695","[135,213,49,223,248,185,213,25]","0.500000","-1656875244","62096","17218","[153,214,110,21,210,130,100,230]","-1","False","0","0","[0,0,1,1,0]","0.100000","0","0","0","0","0","0","0","0","0","0","0","0","0","0","0","0","0","0","0","0","0","0","0","","0","0","0","[0,0,0,0,0,0,0,0]","9","-1444357866","46526","20157","[174,114,139,226,184,40,39,66]","3","False","3","0","0","assets/ui/inventory/render/inv_gun_kentaro.png","0","0","0","0","-978994476","40449","18130","[161,213,201,228,140,198,221,15]","-1333030212","25920","19960","[165,192,232,250,142,56,246,147]","","-49.999992","","-1","False","5","1","1377918081","37263","18696","[158,218,66,68,206,176,115,164]","3","0","False","False","","2","59","0","0","0","0","0","0","[0,0,0,0,0,0,0,0]","0","0","0","[0,0,0,0,0,0,0,0]","assets/pickups/weapons/gun_blackhand.json","False","0","assets/ui/inventory/render/inv_gun_kentaro.png","[""MULTIPLY"",""SCREEN""]","True","assets/data/fx/wfx_laser_aux_01.json","False","False","False","False","True","False","True","False","False","False","False","False","True","False","True","False","True","False","True","False","False","False","False","False","False","False","False","False","False","False","False","False"
"gun_wip_laser_shotgun.name","gun_wip_laser_shotgun.json","gun_wip_laser_shotgun.description","LASER_WEAPON","AMMOTYPE_LASER","","","","","","","","","","","","","","","","","","","","","12","0.120000","36","3","0.017000","1.500000","assets/data/pickups/ammo/pkp_ammo_cell_med.json","1","54","True","0","","0","0","0","[0,0,0,0,0,0,0,0]","0","1","1","0","0","0","0","0","0","0","0","0","0","0","0","0","0","0","0","0","0","0","0","0","0","0","0","0","0","0","-1656875244","62096","17218","[153,214,110,21,210,130,100,230]","SEMI-AUTO","0","0","0","0.450000","1","1","0.150000","90","1.500000","0","0.500000","0.120000","0","945720742","60821","18391","[168,121,176,32,160,51,144,172]","","0.100000","0.350000","0","0","0","[0,0,0,0,0,0,0,0]","1","MAGAZINE","0","0","0","[0,0,0,0,0,0,0,0]","0","0","0","[0,0,0,0,0,0,0,0]","2.200000","False","0","108","0","0.080000","0.020000","0.650000","353.360870","0.520000","0.327000","[""assets/fx/beams/laser_multiply_05.png"",""assets/fx/beams/laser_screen_05.png""]","16","0.150000","0","0.900000","0","6","0.090000","0","0.050000","0","WEAPON","0.800000","0","0","0","[0,0,0,0,0,0,0,0]","","1423095803","5973","16695","[135,213,49,223,248,185,213,25]","0.500000","-1656875244","62096","17218","[153,214,110,21,210,130,100,230]","-1","False","0","0","[0,0,0,0,0]","0","0","0","0","0","0","0","0","0","0","0","0","0","0","0","0","0","0","0","0","0","0","0","0","assets/data/fx/pyros/pyro_ground_duiker.json","-316966822","41819","17727","[163,24,45,145,187,217,61,128]","8","-1782446905","50902","19515","[178,187,155,224,86,238,90,103]","3","False","3","0","-1","assets/ui/hud/HUD_sml_laser_01.png","-0.100000","2","-0.100000","-0.100000","0","0","0","[0,0,0,0,0,0,0,0]","0","0","0","[0,0,0,0,0,0,0,0]","","-49.999992","","-1","False","5","1","1377918081","37263","18696","[158,218,66,68,206,176,115,164]","1","2000000","False","False","","14","8","0","0","0","0","0","0","[0,0,0,0,0,0,0,0]","0","0","0","[0,0,0,0,0,0,0,0]","assets/pickups/weapons/gun_mercy.json","False","0","assets/ui/hud/HUD_sml_laser_01.png","[""MULTIPLY"",""SCREEN""]","False","assets/data/fx/wfx_laser_small_01.json","False","False","False","False","True","False","True","False","True","False","True","False","True","False","False","False","False","False","True","False","True","False","False","False","False","False","False","False","False","False","False","False"
"gun_wip_lukija.name","gun_wip_lukija.json","gun_wip_lukija.description","LASER_WEAPON","AMMOTYPE_LASER","","","","","","","","","","","","","","","","","","","","","100","2.500000","500","1","0","0","assets/data/pickups/ammo/pkp_ammo_cell_hi.json","1","75","True","0","","0","0","0","[0,0,0,0,0,0,0,0]","0","1","1","0","0","0","0","0","0","0","0","0","0","1","0","0","0","0","0","0","0","0","0","0","0","0","0","0","1","1","0","0","0","[0,0,0,0,0,0,0,0]","BURST/AUTO","0","0","0","250","1","1","1","0","0","0","0.900000","0.120000","0","0","0","0","[0,0,0,0,0,0,0,0]","","0.100000","0.350000","0","0","0","[0,0,0,0,0,0,0,0]","1","MAGAZINE","0","0","0","[0,0,0,0,0,0,0,0]","0","0","0","[0,0,0,0,0,0,0,0]","4","True","0","75","0","2.500000","2.500000","0.500000","180","0","5","[""assets/fx/beams/laser_multiply.png"",""assets/fx/beams/laser_screen.png""]","15","0.403000","0.500000","0.727000","0.500000","0","0","0","0","0","WEAPON","0.800000","-776838919","37914","17725","[131,174,226,196,52,162,61,61]","","1423095803","5973","16695","[135,213,49,223,248,185,213,25]","0.500000","-1656875244","62096","17218","[153,214,110,21,210,130,100,230]","-1","False","0","0","[0,0,1,1,0]","0.100000","0","0","0","0","0","0","0","0","0","0","0","0","0","0","0","0","0","0","0","0","0","0","0","","0","0","0","[0,0,0,0,0,0,0,0]","8","-31334617","41463","19581","[141,131,119,65,239,204,250,106]","3","False","3","0","0","assets/ui/inventory/render/inv_gun_lukija.png","0","0","0","0","0","0","0","[0,0,0,0,0,0,0,0]","0","0","0","[0,0,0,0,0,0,0,0]","","-49.999992","","-1","False","0","1","1377918081","37263","18696","[158,218,66,68,206,176,115,164]","5","0","False","False","","1","16","0","0","0","0","0","0","[0,0,0,0,0,0,0,0]","0","0","0","[0,0,0,0,0,0,0,0]","assets/pickups/weapons/gun_blackhand.json","False","0","assets/ui/inventory/render/inv_gun_lukija.png","[""MULTIPLY"",""SCREEN""]","False","assets/data/fx/wfx_12ga_tet.json","False","False","True","False","True","False","True","False","False","False","False","False","True","False","False","False","False","False","True","False","False","False","False","False","False","False","False","False","False","False","False","False"
"gun_wip_plasmacannon.name","gun_wip_plasmacannon.json","gun_wip_plasmacannon.description","LASER_WEAPON","AMMOTYPE_LASER","","","","","","","","","","","","","","","","","","","","","60","1.600000","4","1","0","1.000000","assets/data/pickups/ammo/pkp_ammo_cell_hi.json","1","12","True","0","","0","0","0","[0,0,0,0,0,0,0,0]","0","1","1","0","0","0","130","10","0","0","0","0","0","0.500000","0","0","0","0","0","0","0","0","0","0","0","0","0","0","3","1.500000","0","0","0","[0,0,0,0,0,0,0,0]","SEMI-AUTO","0","0","0","15","0.750000","1","0.400000","90","0.500000","0","1.200000","0.120000","25","0","0","0","[0,0,0,0,0,0,0,0]","","0.100000","0.350000","0","0","0","[0,0,0,0,0,0,0,0]","1","MAGAZINE","0","0","0","[0,0,0,0,0,0,0,0]","0","0","0","[0,0,0,0,0,0,0,0]","3.800000","True","0","24","0","0.100000","0.050000","0.219000","148.016998","3","0.558000","[""assets/fx/beams/laser_multiply_02.png"",""assets/fx/beams/laser_screen_02.png""]","45","0.403000","0.031000","0.467000","0.347000","15","0.360000","0","0.666000","3","WEAPON","0.800000","-776838919","37914","17725","[131,174,226,196,52,162,61,61]","","1423095803","5973","16695","[135,213,49,223,248,185,213,25]","0.500000","-1656875244","62096","17218","[153,214,110,21,210,130,100,230]","16","True","0","0","[0.600000,0.040000,0.980000,0.335000,7]","0.300000","0","0","0","0","0","4","0","2.100000","0","0","0","0","0","0","0","0","0","0","0","0","0","0","0","","0","0","0","[0,0,0,0,0,0,0,0]","30","-1444357866","46526","20157","[174,114,139,226,184,40,39,66]","3","False","1","0","5","assets/ui/hud/HUD_sml_laser_01.png","0","0","0","0","0","0","0","[0,0,0,0,0,0,0,0]","0","0","0","[0,0,0,0,0,0,0,0]","","-49.999992","","-1","False","20","1","1377918081","37263","18696","[158,218,66,68,206,176,115,164]","4","0","False","False","","3","65","0","0","0","0","0","0","[0,0,0,0,0,0,0,0]","0","0","0","[0,0,0,0,0,0,0,0]","assets/pickups/weapons/gun_blackhand.json","False","0","assets/ui/hud/HUD_sml_laser_01.png","[""MULTIPLY"",""SCREEN""]","False","assets/data/fx/wfx_cannon_main_01.json","False","False","True","False","True","False","True","False","False","False","False","False","True","False","False","False","False","False","True","False","False","False","False","False","False","False","False","False","False","False","False","False"
"gun_wip_talkback.name","gun_wip_talkback.json","gun_wip_talkback.description","LASER_WEAPON","AMMOTYPE_LASER","","","","","","","","","","","","","","","","","","","","","35","1","3","1","0","0","assets/data/pickups/ammo/pkp_ammo_cell_hi.json","1","10","True","0","","0","0","0","[0,0,0,0,0,0,0,0]","0","1","1","0","0","0","0","0","0","0","0","0","0","0","0","0","0","0","0","0","0","0","0","0","0","0","0","0","0","0","-1656875244","62096","17218","[153,214,110,21,210,130,100,230]","BURST/AUTO","0","5","0","60","1.500000","1","0.150000","5.000000","0","0","0.900000","0.120000","0.500000","945720742","60821","18391","[168,121,176,32,160,51,144,172]","","0.100000","0.350000","0","0","0","[0,0,0,0,0,0,0,0]","1","MAGAZINE","0","0","0","[0,0,0,0,0,0,0,0]","0","0","0","[0,0,0,0,0,0,0,0]","5","True","0","20","1","0.050000","0","0.650000","14.566997","1","1.500000","[""assets/fx/beams/laser_multiply.png"",""assets/fx/beams/laser_screen.png""]","5.500000","0.150000","0","0.900000","0","5.000000","0.900000","0.850000","1","9","WEAPON","0.800000","0","0","0","[0,0,0,0,0,0,0,0]","","1423095803","5973","16695","[135,213,49,223,248,185,213,25]","0.500000","-1656875244","62096","17218","[153,214,110,21,210,130,100,230]","-1","False","0","0","[0,0,0,0,0]","0","0","0","0","0","0","0","0","0","0","0","0","0","0","0","0","0","0","0","0","0","0","0","0","assets/data/fx/pyros/pyro_ground_duiker.json","-316966822","41819","17727","[163,24,45,145,187,217,61,128]","14","-31334617","41463","19581","[141,131,119,65,239,204,250,106]","3","False","6","1","2.500000","assets/ui/inventory/render/inv_gun_talkback.png","-0.100000","0.100000","-0.100000","-0.100000","0","0","0","[0,0,0,0,0,0,0,0]","0","0","0","[0,0,0,0,0,0,0,0]","","-49.999992","","-1","False","100","1","1377918081","37263","18696","[158,218,66,68,206,176,115,164]","2","2000000","False","False","","1","15","1","0.100000","1","0","0","0","[0,0,0,0,0,0,0,0]","0","0","0","[0,0,0,0,0,0,0,0]","assets/pickups/weapons/gun_rasmus.json","False","0","assets/ui/inventory/render/inv_gun_talkback.png","[""MULTIPLY"",""SCREEN""]","False","assets/data/fx/wfx_alloy_frank.json","False","False","False","False","True","False","True","False","True","False","True","False","True","False","False","False","False","False","True","False","True","False","False","False","False","False","False","False","False","False","False","False"
"gun_wip_xochi.name","gun_wip_xochi.json","gun_wip_xochi.description","LASER_WEAPON","AMMOTYPE_LASER","","","","","","","","","","","","","","","","","","","","","12","0.050000","10","1","0","0.500000","assets/data/pickups/ammo/pkp_ammo_cell_hi.json","1","500","True","0","","0","0","0","[0,0,0,0,0,0,0,0]","0","1","1","0","0","0","0.650000","0.750000","0","0","0","0","0","1","0","0","0","0","0","0","0","0","0","0","0","0","0","0","1","1","0","0","0","[0,0,0,0,0,0,0,0]","BURST/AUTO","0","0","0","3.666000","1","1","0.400000","0.500000","0.500000","0","0.900000","0.120000","0","0","0","0","[0,0,0,0,0,0,0,0]","","0.100000","0.350000","0","0","0","[0,0,0,0,0,0,0,0]","1","MAGAZINE","0","0","0","[0,0,0,0,0,0,0,0]","0","0","0","[0,0,0,0,0,0,0,0]","1.500000","True","0","1000","0","0.070000","0.030000","0.950000","344.385864","0.073000","1.500000","[""assets/fx/beams/laser_multiply_04.png"",""assets/fx/beams/laser_screen_04.png""]","13.590000","0.150000","0","0.850000","0","0.500000","0","0","0","3","WEAPON","0.800000","0","0","0","[0,0,0,0,0,0,0,0]","","1423095803","5973","16695","[135,213,49,223,248,185,213,25]","0.500000","-1656875244","62096","17218","[153,214,110,21,210,130,100,230]","-1","True","0","0","[0,0,1,1,0]","0.100000","0","-0.200000","0.150000","-0.200000","-0.200000","1","0","0.800000","0","0","0","0","0","0","0","0","0","0","0","0","0","0","0","","0","0","0","[0,0,0,0,0,0,0,0]","20","-81066467","49835","16559","[159,246,121,204,240,54,205,223]","3","False","4","0","0","assets/ui/inventory/render/inv_gun_xochi.png","0","0","0","0","0","0","0","[0,0,0,0,0,0,0,0]","0","0","0","[0,0,0,0,0,0,0,0]","","0","","-1","False","0","1","1377918081","37263","18696","[158,218,66,68,206,176,115,164]","3","0","False","False","","6","45","0","0","0","0","0","0","[0,0,0,0,0,0,0,0]","0","0","0","[0,0,0,0,0,0,0,0]","assets/pickups/weapons/gun_blackhand.json","False","0","assets/ui/inventory/render/inv_gun_xochi.png","[""MULTIPLY"",""SCREEN""]","False","assets/data/fx/wfx_12ga_tet.json","False","False","False","False","True","False","True","False","False","True","False","False","True","False","False","False","False","False","True","False","False","False","False","False","False","False","False","False","False","False","False","False"
"gun_wip_zweenie.name","gun_wip_zweenie.json","gun_wip_zweenie.description","LASER_WEAPON","AMMOTYPE_LASER","","","","","","","","","","","","","","","","","","","","","35","1.100000","7","1","0","0.900000","assets/data/pickups/ammo/pkp_ammo_cell_med.json","1","35","True","0","","0","0","0","[0,0,0,0,0,0,0,0]","0.150000","1","1","0","0","0","0","0","0","0","0","0","0","0","0","0","0","0","0","0","0","0","0","0","0","0","0","0","0","0","-1656875244","62096","17218","[153,214,110,21,210,130,100,230]","SEMI-AUTO","0","0","0","15","1","0.660000","0.150000","5.000000","0.900000","0","0.750000","0.120000","0","945720742","60821","18391","[168,121,176,32,160,51,144,172]","","0.100000","0.350000","0","0","0","[0,0,0,0,0,0,0,0]","1","MAGAZINE","0","0","0","[0,0,0,0,0,0,0,0]","0","0","0","[0,0,0,0,0,0,0,0]","4","True","0","70","0","0.125000","0.055000","1","0","0","1.500000","[""assets/fx/beams/laser_multiply_02.png"",""assets/fx/beams/laser_screen_02.png""]","6","0.500000","0","0.950000","0","3","1","0","0.200000","4","WEAPON","0.800000","0","0","0","[0,0,0,0,0,0,0,0]","","1423095803","5973","16695","[135,213,49,223,248,185,213,25]","0.500000","-1656875244","62096","17218","[153,214,110,21,210,130,100,230]","-1","False","0","0","[0,0,0,0,0]","0","0","0","0","0","0","0","0","0","0","0","0","0","0","0","0","0","0","0","0","0","0","0","0","assets/data/fx/pyros/pyro_ground_duiker.json","-316966822","41819","17727","[163,24,45,145,187,217,61,128]","15","-297919714","30710","19281","[161,203,98,23,113,218,181,191]","3","False","3","0","0","assets/ui/inventory/render/inv_gun_zweenie.png","0","0","0","0","0","0","0","[0,0,0,0,0,0,0,0]","0","0","0","[0,0,0,0,0,0,0,0]","","-49.999992","","-1","False","10","1","1377918081","37263","18696","[158,218,66,68,206,176,115,164]","2","2000000","False","False","","1","15","0","0.100000","0","0","0","0","[0,0,0,0,0,0,0,0]","0","0","0","[0,0,0,0,0,0,0,0]","assets/fx/gibs/casings/gibs_magazine_rasmus.json","False","0","assets/ui/inventory/render/inv_gun_zweenie.png","[""MULTIPLY"",""SCREEN""]","False","assets/data/fx/wfx_alloy_frank.json","False","False","False","False","True","False","True","False","True","False","True","False","True","False","False","False","False","False","True","False","True","False","False","False","False","False","False","False","False","False","False","False"
"gun_wip_zweihander.name","gun_wip_zweihander.json","gun_wip_zweihander.description","LASER_WEAPON","AMMOTYPE_LASER","","","","","","","","","","","","","","","","","","","","","100","0.600000","20","1","0","0.200000","assets/data/pickups/ammo/pkp_ammo_cell_med.json","1","40","True","0","","0","0","0","[0,0,0,0,0,0,0,0]","0","1","1","0","0","0","0","0","0","0","0","0","0","1","0","0","0","0","0","0","0","0","0","0","0","0","0","0","1","1","0","0","0","[0,0,0,0,0,0,0,0]","SEMI-AUTO","0","0","0","40","1","0.660000","0.150000","0.500000","0.200000","0","0.600000","0.120000","0","0","0","0","[0,0,0,0,0,0,0,0]","","0.100000","0.350000","0","0","0","[0,0,0,0,0,0,0,0]","1","MAGAZINE","0","0","0","[0,0,0,0,0,0,0,0]","0","0","0","[0,0,0,0,0,0,0,0]","4","True","0","80","0","0.125000","0.055000","1","0","0","1.500000","[""assets/fx/beams/laser_multiply_02.png"",""assets/fx/beams/laser_screen_02.png""]","11","0.500000","0","0.950000","0","2.000000","0","0","0","4","WEAPON","0.800000","0","0","0","[0,0,0,0,0,0,0,0]","","1423095803","5973","16695","[135,213,49,223,248,185,213,25]","0.500000","-1656875244","62096","17218","[153,214,110,21,210,130,100,230]","-1","False","0","0","[0,0,1,1,0]","0.100000","0","0","0","0","0","0","0","0","0","0","0","0","0","0","0","0","0","0","0","0","0","0","0","","0","0","0","[0,0,0,0,0,0,0,0]","12","-297919714","30710","19281","[161,203,98,23,113,218,181,191]","3","False","3","0","0","assets/ui/inventory/render/inv_gun_zweihander.png","0","0","0","0","0","0","0","[0,0,0,0,0,0,0,0]","0","0","0","[0,0,0,0,0,0,0,0]","","-49.999992","","-1","False","25","1","1377918081","37263","18696","[158,218,66,68,206,176,115,164]","3","0","False","False","","1","25","0","0","0","0","0","0","[0,0,0,0,0,0,0,0]","0","0","0","[0,0,0,0,0,0,0,0]","assets/pickups/weapons/gun_rasmus.json","False","0","assets/ui/inventory/render/inv_gun_zweihander.png","[""MULTIPLY"",""SCREEN""]","False","assets/data/fx/wfx_laser_heavy_02.json","False","False","False","False","True","False","True","False","False","False","False","False","True","False","False","False","False","False","True","False","False","False","False","False","False","False","False","False","False","False","False","False"
